time	theta
0.0	0.0
0.0009849804596630117	0.00025
0.001429960536612668	0.0005
0.0018131856444702744	0.00075
0.002160282049335839	0.001
0.0024824927384630795	0.00125
0.0027860476079021278	0.0015
0.0030748657166573138	0.00175
0.003351617456701305	0.002
0.003618227188449906	0.00225
0.003876140152451288	0.0025
0.0041264769514704775	0.00275
0.004370128810490113	0.003
0.004607819357569895	0.00325
0.004840146344739432	0.0035
0.00506761078146264	0.00375
0.005290637857679639	0.004
0.005509592334565293	0.00425
0.005724790102184041	0.0045
0.005936507016551967	0.00475
0.006144985764555368	0.005
0.006350441272414596	0.00525
0.006553065020585328	0.0055
0.006753028525332643	0.00575
0.006950486176736495	0.006
0.0071455775736562165	0.00625
0.007338429461139509	0.0065
0.007529157350473064	0.00675
0.007717866883559293	0.007
0.007904654989546902	0.00725
0.008089610871337182	0.0075
0.008272816851758073	0.00775
0.008454349103200198	0.008
0.008634278279861933	0.00825
0.008812670068121472	0.0085
0.008989585667707621	0.00875
0.009165082214076201	0.009
0.009339213150589847	0.00925
0.009512028557646575	0.0095
0.00968357544471901	0.00975
0.009853898010325766	0.01
0.010023037874156072	0.01025
0.01019103428492472	0.0105
0.010357924307009554	0.01075
0.010523742988476055	0.011
0.010688523512716788	0.01125
0.010852297335628518	0.0115
0.011015094309988085	0.01175
0.01117694279846582	0.012
0.011337869776525926	0.01225
0.011497900926300467	0.0125
0.01165706072239932	0.01275
0.011815372510484316	0.013
0.01197285857934487	0.01325
0.012129540227128402	0.0135
0.012285437822288551	0.01375
0.012440570859766742	0.014
0.012594958012859377	0.01425
0.012748617181161794	0.0145
0.01290156553495189	0.01475
0.013053819556338905	0.015
0.013205395077452943	0.01525
0.013356307315937002	0.0155
0.013506570907971699	0.01575
0.01365619993904028	0.016
0.013805207972620692	0.01625
0.013953608076973238	0.0165
0.014101412850175979	0.01675
0.014248634443548885	0.017
0.01439528458359315	0.01725
0.01454137459255311	0.0175
0.014686915407712876	0.01775
0.014831917599519772	0.018
0.0149763913886174	0.01825
0.015120346661873738	0.0185
0.015263792987471289	0.01875
0.015406739629127216	0.019
0.015549195559506727	0.01925
0.01569116947288096	0.0195
0.015832669797083376	0.01975
0.015973704704812644	0.02
0.016114282124323757	0.02025
0.0162544097495465	0.0205
0.016394095049671462	0.02075
0.016533345278235804	0.021
0.016672167481739903	0.02125
0.016810568507826983	0.0215
0.01694855501304635	0.02175
0.0170861334702349	0.022
0.017223310175533618	0.02225
0.01736009125506075	0.0225
0.017496482671265034	0.02275
0.017632490228975294	0.023
0.01776811958116751	0.02325
0.017903376234459322	0.0235
0.018038265554352402	0.02375
0.01817279277023652	0.024
0.018306962980166184	0.02425
0.018440781155423348	0.0245
0.018574252144879438	0.02475
0.018707380679163912	0.025
0.018840171374654286	0.02525
0.018972628737292406	0.0255
0.019104757166238637	0.02575
0.019236560957373857	0.026
0.01936804430665242	0.02625
0.019499211313317666	0.0265
0.0196300659829856	0.02675
0.01976061223060243	0.027
0.01989085388328469	0.02725
0.02002079468304439	0.0275
0.02015043828940657	0.02775
0.020279788281924987	0.028
0.02040884816259972	0.02825
0.020537621358202165	0.0285
0.020666111222509546	0.02875
0.020794321038456517	0.029
0.02092225402020617	0.02925
0.021049913315142374	0.0295
0.02117730200578948	0.02975
0.021304423111662082	0.03
0.021431279591046685	0.03025
0.0215578743427204	0.0305
0.021684210207606698	0.03075
0.021810289970373826	0.031
0.02193611636097666	0.03125
0.022061692056143927	0.0315
0.022187019680815292	0.03175
0.02231210180952737	0.032
0.022436940967754636	0.03225
0.02256153963320346	0.0325
0.02268590023706223	0.03275
0.022810025165211408	0.033
0.022933916759393026	0.03325
0.023057577318340367	0.0335
0.02318100909887318	0.03375
0.023304214316955642	0.034
0.023427195148720305	0.03425
0.023549953731461275	0.0345
0.023672629451103728	0.03475
0.023795525830024977	0.035
0.023918642278079428	0.03525
0.024041978205676058	0.0355
0.024165533023784134	0.03575
0.02428930614393737	0.036
0.024413296978239664	0.03625
0.024537504939369317	0.0365
0.024661929440584495	0.03675
0.024786569895726702	0.037
0.02491142571922603	0.03725
0.025036496326107	0.0375
0.025161781131991284	0.03775
0.02528727955310265	0.038
0.02541299100627145	0.03825
0.025538914908940596	0.0385
0.025665050679167765	0.03875
0.025791397735630436	0.039
0.025917955497630048	0.03925
0.026044723385097196	0.0395
0.02617170081859497	0.03975
0.026298887219322532	0.04
0.02642628200912065	0.04025
0.026553884610473928	0.0405
0.026681694446517034	0.04075
0.026809710941036888	0.041
0.026937933518476218	0.04125
0.027066361603939583	0.0415
0.027194994623195915	0.04175
0.0273238320026813	0.042
0.02745287316950378	0.04225
0.027582117551447398	0.0425
0.027711564576975548	0.04275
0.027841213675234226	0.043
0.027971064276054582	0.04325
0.028101115809959006	0.0435
0.028231367708162806	0.04375
0.028361819402577336	0.044
0.028492470325814274	0.04425
0.028623319911188626	0.0445
0.028754367592722756	0.04475
0.028885612805147752	0.045
0.029017054983907848	0.04525
0.02914869356516445	0.0455
0.02928052798579815	0.04575
0.029412557683410886	0.046
0.029544782096330678	0.04625
0.029677200663614376	0.0465
0.029809812825050037	0.04675
0.02994261802115971	0.047
0.030075615693202346	0.04725
0.030208805283177997	0.0475
0.03034218623382883	0.04775
0.030475757988642205	0.048
0.03060951999185396	0.04825
0.030743471688450725	0.0485
0.0308776125241734	0.04875
0.031011941945518734	0.049
0.0311464593997412	0.04925
0.03128116433485751	0.0495
0.0314160561996478	0.04975
0.031551134443658056	0.05
0.03168639851720284	0.05025
0.03182184787136763	0.0505
0.031957481958011784	0.05075
0.03209330022976886	0.051
0.03222930214005031	0.05125
0.032365487143048544	0.0515
0.03250185469373739	0.05175
0.032638404247874855	0.052
0.03277513526200524	0.05225
0.03291204719346136	0.0525
0.033049139500366774	0.05275
0.03318641164163698	0.053
0.0333238630769816	0.05325
0.03346149326690761	0.0535
0.03359930167271944	0.05375
0.033737287756521364	0.054
0.03387545098121994	0.05425
0.03401379081052476	0.0545
0.034152306708952015	0.05475
0.034290998141824104	0.055
0.03442986457527152	0.05525
0.03456890547623653	0.0555
0.034708120312473056	0.05575
0.03484750855254806	0.056
0.03498706966584431	0.05625
0.03512680312256063	0.0565
0.03526670839371454	0.05675
0.03540678495114339	0.057
0.03554703226750486	0.05725
0.03568744981627894	0.0575
0.03582803707177052	0.05775
0.03596879350910836	0.058
0.03610971860424788	0.05825
0.03625081183397286	0.0585
0.036392072675894685	0.05875
0.036533500608456386	0.059
0.03667509511093092	0.05925
0.03681685566342346	0.0595
0.03695878174687447	0.05975
0.037100872843057145	0.06
0.037243128434580414	0.06025
0.037385548004890794	0.0605
0.037528131038271614	0.06075
0.03767087701984568	0.061
0.037813785435574024	0.06125
0.037956855772258394	0.0615
0.038100087517542944	0.06175
0.038243480159912815	0.062
0.03838703318869604	0.06225
0.038530746094064906	0.0625
0.03867461836703619	0.06275
0.038818649499472085	0.063
0.038962838984079824	0.06325
0.039107186314413546	0.0635
0.03925169098487557	0.06375
0.03939635249071489	0.064
0.03954117032802988	0.06425
0.039686143993767235	0.0645
0.0398312729857235	0.06475
0.03997655680254668	0.065
0.04012199494373313	0.06525
0.040267586909631524	0.0655
0.040413332201442644	0.06575
0.04055923032121791	0.066
0.040705280771862085	0.06625
0.0408514830571326	0.0665
0.040997836681639185	0.06675
0.041144341150846184	0.067
0.04129099597107076	0.06725
0.04143780064948395	0.0675
0.04158475469411243	0.06775
0.04173185761383565	0.068
0.04187910891838803	0.06825
0.0420265081183594	0.0685
0.04217405472519472	0.06875
0.042321748251194065	0.069
0.0424695882095117	0.06925
0.04261757411415836	0.0695
0.042765705479999916	0.06975
0.04291398182275742	0.07
0.04306240265900764	0.07025
0.04321096750618275	0.0705
0.04335967588257054	0.07075
0.04350852730731401	0.071
0.04365752130041159	0.07125
0.04380665738271692	0.0715
0.04395593507593916	0.07175
0.04410535390264217	0.072
0.04425491338624465	0.07225
0.04440461305101995	0.0725
0.0445544524220965	0.07275
0.044704431025457354	0.073
0.044854548387938335	0.07325
0.045004804037229854	0.0735
0.045155197501876285	0.07375
0.045305728311275426	0.074
0.04545639599567748	0.07425
0.04560720008618524	0.0745
0.04575814011475435	0.07475
0.04590921561419283	0.075
0.046060426118159366	0.07525
0.04621177116116424	0.0755
0.04636325027856878	0.07575
0.04651486300658493	0.076
0.04666660888227408	0.07625
0.04681848744354679	0.0765
0.046970498229163334	0.07675
0.047122640778732745	0.077
0.047274914632710933	0.07725
0.04742731933240127	0.0775
0.04757985441995518	0.07775
0.04773251943836954	0.078
0.0478853139314875	0.07825
0.04803823744399658	0.0785
0.04819128952142883	0.07875
0.048344469710161306	0.079
0.048497777557413344	0.07925
0.04865121261124626	0.0795
0.048804774420564564	0.07975
0.04895846253511342	0.08
0.049112276505477906	0.08025
0.04926621588308372	0.0805
0.04942028022019485	0.08075
0.049574469069914286	0.081
0.04972878198618164	0.08125
0.04988321852377306	0.0815
0.050037778238301835	0.08175
0.050192460686215426	0.082
0.05034726542479547	0.08225
0.05050219201215665	0.0825
0.05065724000724725	0.08275
0.050812408969847074	0.083
0.05096769846056547	0.08325
0.05112310804084243	0.0835
0.05127863727294761	0.08375
0.051434285719977824	0.084
0.051590052945857084	0.08425
0.05174593851533547	0.0845
0.051901941993988565	0.08475
0.0520580629482166	0.085
0.05221430094524202	0.08525
0.052370655553109886	0.0855
0.052527126340687125	0.08575
0.05268371287765959	0.086
0.0528404147345334	0.08625
0.052997231482632884	0.0865
0.05315416269409784	0.08675
0.05331120794188613	0.087
0.05346836679976919	0.08725
0.05362563884233229	0.0875
0.053783023644974295	0.08775
0.053940520783904426	0.088
0.054098129836143455	0.08825
0.05425585037952101	0.0885
0.054413681992674656	0.08875
0.054571624255049106	0.089
0.05472967674689546	0.08925
0.05488783904926859	0.0895
0.055046110744027404	0.08975
0.05520449141383302	0.09
0.055362980642147744	0.09025
0.055521578013233666	0.0905
0.05568028311215028	0.09075
0.055839095524756806	0.091
0.055998014837706916	0.09125
0.05615704063844885	0.0915
0.05631617251522586	0.09175
0.0564754100570727	0.092
0.05663475285381576	0.09225
0.05679420049607034	0.0925
0.056953752575239845	0.09275
0.05711340868351642	0.093
0.05727316841387716	0.09325
0.05743303136008276	0.0935
0.057592997116678514	0.09375
0.05775306527899088	0.094
0.05791323544312675	0.09425
0.05807350720597221	0.0945
0.058233880165190766	0.09475
0.058394353919223006	0.095
0.05855492806728326	0.09525
0.058715602209360354	0.0955
0.058876375946215594	0.09575
0.05903724887937985	0.096
0.05919822061115436	0.09625
0.0593592907446078	0.0965
0.059520458883575	0.09675
0.05968172463265716	0.097
0.059843087597217945	0.09725
0.0600045473833826	0.0975
0.06016610359803878	0.09775
0.06032775584883246	0.098
0.0604895037441674	0.09825
0.060651346893203714	0.0985
0.06081328490585601	0.09875
0.06097531739279299	0.099
0.06113744396543451	0.09925
0.06129966423595078	0.0995
0.061461977817260975	0.09975
0.0616243843230318	0.1
0.06178688336767592	0.10025
0.06194947456634926	0.1005
0.06211215753495121	0.10075
0.062274931890122814	0.101
0.06243779724924372	0.10125
0.0626007532304319	0.1015
0.0627637994525425	0.10175
0.06292693553516512	0.102
0.06309016109862353	0.10225
0.06325347576397257	0.1025
0.063416879152997	0.10275
0.06358037088821136	0.103
0.06374395059285709	0.10325
0.06390761789090083	0.1035
0.0640713724070329	0.10375
0.06423521376666674	0.104
0.06439914159593642	0.10425
0.06456315552169443	0.1045
0.06472725517151141	0.10475
0.06489144017367374	0.105
0.0650557101571824	0.10525
0.06522006475175116	0.1055
0.06538450358780372	0.10575
0.0655490262964744	0.106
0.06571363250960495	0.10625
0.06587832185974336	0.1065
0.06604309398014177	0.10675
0.06620794850475548	0.107
0.06637288506824163	0.10725
0.06653790330595553	0.1075
0.06670300285395112	0.10775
0.06686818334897904	0.108
0.06703344442848422	0.10825
0.06719878573060427	0.1085
0.06736420689416772	0.10875
0.06752970755869366	0.109
0.06769528736438886	0.10925
0.06786094595214548	0.1095
0.06802668296354082	0.10975
0.06819249804083542	0.11
0.06835839082697076	0.11025
0.06852436096556708	0.1105
0.06869040810092307	0.11075
0.06885653187801373	0.111
0.06902273194248829	0.11125
0.06918900794066823	0.1115
0.06935535951954651	0.11175
0.06952178632678531	0.112
0.06968828801071449	0.11225
0.06985486422032963	0.1125
0.07002151460529005	0.11275
0.0701882388159185	0.113
0.07035503650319809	0.11325
0.07052190731877025	0.1135
0.07068885091493447	0.11375
0.07085586694464592	0.114
0.07102295506151331	0.11425
0.07119011491979747	0.1145
0.07135734617440939	0.11475
0.07152464848090904	0.115
0.07169202149550417	0.11525
0.07185946487504649	0.1155
0.07202697827703114	0.11575
0.0721945613595959	0.116
0.07236221378151846	0.11625
0.07252993520221421	0.1165
0.07269772528173526	0.11675
0.0728655836807689	0.117
0.07303351006063476	0.11725
0.07320150408328505	0.1175
0.07336956541130023	0.11775
0.07353769370788879	0.118
0.07370588863688621	0.11825
0.07387414986275152	0.1185
0.07404247705056653	0.11875
0.07421086986603369	0.119
0.0743793279754747	0.11925
0.07454785104582944	0.1195
0.07471643874465213	0.11975
0.07488509074011068	0.12
0.07505380670098674	0.12025
0.07522258629667046	0.1205
0.0753914291971618	0.12075
0.07556033507306739	0.121
0.07572930359559778	0.12125
0.07589833443656885	0.1215
0.07606742726839653	0.12175
0.07623658176409649	0.122
0.07640579759728364	0.12225
0.07657507444216821	0.1225
0.07674441197355505	0.12275
0.07691380986684226	0.123
0.07708326779801902	0.12325
0.0772527854436633	0.1235
0.07742236248094062	0.12375
0.07759199858760257	0.124
0.07776169344198484	0.12425
0.07793144672300487	0.1245
0.07810125811016083	0.12475
0.07827112728352999	0.125
0.07844105392376625	0.12525
0.078611037712099	0.1255
0.0787810783303307	0.12575
0.07895117546083547	0.126
0.07912132878655818	0.12625
0.07929153799101123	0.1265
0.0794618027582733	0.12675
0.07963212277298869	0.127
0.07980249772036367	0.12725
0.07997292728616653	0.1275
0.08014341115672473	0.12775
0.08031394901892223	0.128
0.0804845405602011	0.12825
0.08065518546855638	0.1285
0.0808258834325351	0.12875
0.08099663414123617	0.129
0.08116743728430642	0.12925
0.08133829255194068	0.1295
0.08150919963487867	0.12975
0.08168015822440376	0.13
0.08185116801234209	0.13025
0.08202222869105924	0.1305
0.08219333995345919	0.13075
0.08236450149298309	0.131
0.08253571300360696	0.13125
0.08270697417984027	0.1315
0.08287828471672354	0.13175
0.083049644309827	0.132
0.0832210526552498	0.13225
0.08339250944961642	0.1325
0.08356401439007602	0.13275
0.08373556717430133	0.133
0.08390716750048532	0.13325
0.08407881506734109	0.1335
0.08425050957409885	0.13375
0.0844222507205041	0.134
0.08459403820681805	0.13425
0.08476587173381343	0.1345
0.08493775100277312	0.13475
0.0851096757154901	0.135
0.0852816455742645	0.13525
0.08545366028190156	0.1355
0.08562571954171036	0.13575
0.085797823057502	0.136
0.08596997053358849	0.13625
0.0861421616747804	0.1365
0.08631439618638433	0.13675
0.08648667377420342	0.137
0.08665899414453372	0.13725
0.08683135700416324	0.1375
0.08700376206037053	0.13775
0.08717620902092112	0.138
0.08734869759406892	0.13825
0.08752122748855189	0.1385
0.0876937984135915	0.13875
0.0878664100788912	0.139
0.08803906219463367	0.13925
0.08821175447148051	0.1395
0.0883844866205695	0.13975
0.08855725835351276	0.14
0.0887300693823963	0.14025
0.08890291941977731	0.1405
0.08907580817868287	0.14075
0.08924873537260788	0.141
0.08942170071551321	0.14125
0.08959470392182572	0.1415
0.08976774470643387	0.14175
0.0899408227846883	0.142
0.09011393787239916	0.14225
0.09028708968583446	0.1425
0.09046027794171878	0.14275
0.09063350235723089	0.143
0.0908067626500028	0.14325
0.0909800585381183	0.1435
0.0911533897401102	0.14375
0.09132675597495886	0.144
0.09150015696209225	0.14425
0.09167359242138219	0.1445
0.09184706207314353	0.14475
0.09202056563813275	0.145
0.09219410283754556	0.14525
0.09236767339301645	0.1455
0.09254127702661565	0.14575
0.09271491346084816	0.146
0.09288858241865253	0.14625
0.09306228362339837	0.1465
0.09323601679888607	0.14675
0.09340978166934273	0.147
0.09358357795942268	0.14725
0.09375740539420589	0.1475
0.09393126369919422	0.14775
0.09410515260031216	0.148
0.09427907182390426	0.14825
0.09445302109673284	0.1485
0.09462700014597801	0.14875
0.09480100869923394	0.149
0.09497504648450877	0.14925
0.09514911323022325	0.1495
0.09532320866520734	0.14975
0.09549733251870028	0.15
0.09567148452034865	0.15025
0.09584566440020423	0.1505
0.09601987188872312	0.15075
0.09619410671676272	0.151
0.09636836861558165	0.15125
0.09654265731683859	0.1515
0.09671697255258846	0.15175
0.09689131405528195	0.152
0.09706568155776538	0.15225
0.09724007479327698	0.1525
0.09741449349544601	0.15275
0.09758893739829193	0.153
0.0977634062362212	0.15325
0.097937899744028	0.1535
0.09811241765689022	0.15375
0.09828695971036934	0.154
0.09846152564040912	0.15425
0.09863611518333266	0.1545
0.09881072807584262	0.15475
0.09898536405501741	0.155
0.09916002285831128	0.15525
0.09933470422355359	0.1555
0.0995094078889444	0.15575
0.09968413359305514	0.156
0.09985888107482696	0.15625
0.10003365007356804	0.1565
0.10020844032895339	0.15675
0.10038325158102183	0.157
0.10055808357017558	0.15725
0.10073293603717877	0.1575
0.10090780872315512	0.15775
0.10108270136958694	0.158
0.10125761371831307	0.15825
0.10143254551152829	0.1585
0.10160749649178186	0.15875
0.10178246640197408	0.159
0.10195745498535624	0.15925
0.10213246198552998	0.1595
0.1023074871464442	0.15975
0.10248253021239388	0.16
0.10265759092801884	0.16025
0.10283266903830275	0.1605
0.10300776428857088	0.16075
0.10318287642448827	0.161
0.10335800519205879	0.16125
0.10353315033762449	0.1615
0.10370831160786247	0.16175
0.10388348874978415	0.162
0.10405868151073422	0.16225
0.10423388963838826	0.1625
0.10440911288075247	0.16275
0.10458435098616028	0.163
0.10475960370327292	0.16325
0.10493487078107673	0.1635
0.10511015196888236	0.16375
0.10528544701632228	0.164
0.10546075567335028	0.16425
0.1056360776902407	0.1645
0.10581141281758451	0.16475
0.10598676080629023	0.165
0.10616212140758108	0.16525
0.10633749437299451	0.1655
0.10651287945437997	0.16575
0.10668827640389761	0.166
0.10686368497401769	0.16625
0.10703910491751786	0.1665
0.1072145359874824	0.16675
0.1073899779373008	0.167
0.1075654305206658	0.16725
0.10774089349157297	0.1675
0.10791636660431883	0.16775
0.10809184961349813	0.168
0.10826734227400467	0.16825
0.10844284434102885	0.1685
0.10861835557005563	0.16875
0.10879387571686354	0.169
0.10896940453752425	0.16925
0.10914494178839988	0.1695
0.10932048722614139	0.16975
0.10949604060768894	0.17
0.10967160169026882	0.17025
0.10984717023139252	0.1705
0.11002274598885614	0.17075
0.11019832872073729	0.171
0.11037391818539508	0.17125
0.11054951414146896	0.1715
0.11072511634787541	0.17175
0.11090072456380945	0.172
0.11107633854874081	0.17225
0.111251958062413	0.1725
0.11142758286484385	0.17275
0.11160321271632104	0.173
0.11177884737740326	0.17325
0.11195448660891805	0.1735
0.11213013017195952	0.17375
0.11230577782788903	0.174
0.11248142933833181	0.17425
0.11265708446517599	0.1745
0.11283274297057291	0.17475
0.11300840461693337	0.175
0.11318406916692803	0.17525
0.11335973638348572	0.1755
0.11353540602979115	0.17575
0.11371107786928537	0.176
0.11388675166566221	0.17625
0.1140624271828682	0.1765
0.11423810418510233	0.17675
0.11441378243681252	0.177
0.11458946170269528	0.17725
0.1147651417476947	0.1775
0.11494082233700119	0.17775
0.11511650323604966	0.178
0.11529218421051775	0.17825
0.11546786502632557	0.1785
0.11564354544963475	0.17875
0.11581922524684533	0.179
0.11599490418459578	0.17925
0.1161705820297618	0.1795
0.1163462585494539	0.17975
0.11652193351101785	0.18
0.11669760668203179	0.18025
0.11687327783030531	0.1805
0.11704894672387915	0.18075
0.11722461313102281	0.181
0.11740027682023339	0.18125
0.11757593756023474	0.1815
0.1177515951199762	0.18175
0.11792724926863152	0.182
0.11810289977559618	0.18225
0.11827854641048753	0.1825
0.11845418894314413	0.18275
0.11862982714362244	0.183
0.11880546078219681	0.18325
0.11898108962935856	0.1835
0.11915671345581351	0.18375
0.11933233203248232	0.184
0.11950794513049791	0.18425
0.11968355252120433	0.1845
0.11985915397615696	0.18475
0.12003474926711905	0.185
0.12021033816606237	0.18525
0.12038592044516504	0.1855
0.12056149587681042	0.18575
0.12073706423358624	0.186
0.12091262528828263	0.18625
0.12108817881389193	0.1865
0.12126372458360697	0.18675
0.12143926237081912	0.187
0.121614791949118	0.18725
0.12179031309229067	0.1875
0.12196582557431906	0.18775
0.12214132916938024	0.188
0.12231682365184376	0.18825
0.12249230879627136	0.1885
0.12266778437741607	0.18875
0.12284325017021977	0.189
0.12301870594981335	0.18925
0.12319415149151498	0.1895
0.12336958657082817	0.18975
0.12354501096344228	0.19
0.12372042444523024	0.19025
0.12389582679224632	0.1905
0.12407121778072742	0.19075
0.12424659718709012	0.191
0.12442196478793015	0.19125
0.12459732036002119	0.1915
0.12477266368031302	0.19175
0.12494799452593189	0.192
0.12512331267417762	0.19225
0.12529861790252345	0.1925
0.12547390998861516	0.19275
0.12564918871026853	0.193
0.12582445384546956	0.19325
0.12599970517237372	0.1935
0.1261749424693025	0.19375
0.1263501655147447	0.194
0.12652537408735423	0.19425
0.1267005679659482	0.1945
0.12687574692950826	0.19475
0.12705091075717645	0.195
0.12722605922825603	0.19525
0.12740119212221027	0.1955
0.12757630921866026	0.19575
0.12775141029738485	0.196
0.12792649513831877	0.19625
0.1281015635215517	0.1965
0.12827661522732844	0.19675
0.12845165003604553	0.197
0.12862666772825132	0.19725
0.1288016680846457	0.1975
0.1289766508860775	0.19775
0.12915161591354454	0.198
0.12932656294819173	0.19825
0.12950149177130982	0.1985
0.12967640216433593	0.19875
0.12985129390885072	0.199
0.1300261667865774	0.19925
0.13020102057938207	0.1995
0.13037585506927124	0.19975
0.13055067003839188	0.2
0.13072546526902887	0.20025
0.13090024054360488	0.2005
0.1310749956446804	0.20075
0.13124973035494994	0.201
0.13142444445724322	0.20125
0.13159913773452356	0.2015
0.13177380996988658	0.20175
0.13194846094655943	0.202
0.13212309044789888	0.20225
0.13229769825739154	0.2025
0.1324722841586526	0.20275
0.1326468479354231	0.203
0.1328213893715715	0.20325
0.1329959082510911	0.2035
0.13317040435809835	0.20375
0.1333448774768339	0.204
0.13351932739166	0.20425
0.1336937538870593	0.2045
0.1338681567476352	0.20475
0.13404253575810987	0.205
0.13421689070332307	0.20525
0.13439122136823128	0.2055
0.13456552753790751	0.20575
0.13473980899753954	0.206
0.1349140655324284	0.20625
0.13508829692798852	0.2065
0.13526250296974582	0.20675
0.13543668344333742	0.207
0.1356108381345106	0.20725
0.1357849668291205	0.2075
0.13595906931313073	0.20775
0.136133145372612	0.208
0.13630719479374062	0.20825
0.13648121736279778	0.2085
0.13665521286616844	0.20875
0.1368291810903411	0.209
0.13700312182190577	0.20925
0.13717703484755334	0.2095
0.13735091995407508	0.20975
0.13752477692836146	0.21
0.13769860555740035	0.21025
0.13787240562827713	0.2105
0.13804617692817342	0.21075
0.13821991924436636	0.211
0.13839363236422697	0.21125
0.13856731607521902	0.2115
0.13874097016489934	0.21175
0.13891459442091653	0.212
0.1390881886310087	0.21225
0.1392617525830035	0.2125
0.13943528606481828	0.21275
0.13960878886445682	0.213
0.1397822607700105	0.21325
0.13995570156965575	0.2135
0.1401291110516538	0.21375
0.14030248900435066	0.214
0.14047583521617424	0.21425
0.14064914947563542	0.2145
0.14082243157132548	0.21475
0.1409956812919164	0.215
0.14116889842615973	0.21525
0.1413420827628844	0.2155
0.14151523409099756	0.21575
0.14168835219948314	0.216
0.14186143687740022	0.21625
0.14203448791388265	0.2165
0.1422075050981385	0.21675
0.14238048821944893	0.217
0.14255343706716658	0.21725
0.14272635143071555	0.2175
0.14289923109959018	0.21775
0.143072075863355	0.218
0.1432448855116422	0.21825
0.14341765983415097	0.2185
0.14359039862064868	0.21875
0.14376310166096806	0.219
0.14393576874500705	0.21925
0.1441083996627271	0.2195
0.14428099420415325	0.21975
0.1444535521593736	0.22
0.14462607331853644	0.22025
0.14479855747185194	0.2205
0.14497100440958974	0.22075
0.1451434139220779	0.221
0.14531578579970383	0.22125
0.14548811983291077	0.2215
0.1456604158121991	0.22175
0.14583267352812504	0.222
0.14600489277129897	0.22225
0.1461770733323852	0.2225
0.1463492150021015	0.22275
0.14652131757121742	0.223
0.14669338083055428	0.22325
0.1468654045709838	0.2235
0.1470373885834268	0.22375
0.14720933265885386	0.224
0.1473812365882832	0.22425
0.14755310016278023	0.2245
0.1477249231734569	0.22475
0.14789670541147099	0.225
0.14806844666802488	0.22525
0.14824014673436445	0.2255
0.1484118054017795	0.22575
0.14858342246160222	0.226
0.14875499770520537	0.22625
0.14892653092400313	0.2265
0.14909802190945018	0.22675
0.14926947045303948	0.227
0.1494408763463027	0.22725
0.14961223938080934	0.2275
0.14978355934816504	0.22775
0.14995483604001233	0.228
0.15012606924802832	0.22825
0.15029725876392447	0.2285
0.15046840437944634	0.22875
0.15063950588637223	0.229
0.1508105630765127	0.22925
0.1509815757417092	0.2295
0.15115254367383402	0.22975
0.15132346666478946	0.23
0.1514943445065066	0.23025
0.15166517699094473	0.2305
0.15183596391009097	0.23075
0.15200670505595892	0.231
0.15217740022058884	0.23125
0.15234804919604533	0.2315
0.15251865177441762	0.23175
0.15268920774781972	0.232
0.15285971690838748	0.23225
0.15303017904827945	0.2325
0.15320059395967597	0.23275
0.1533709614347782	0.233
0.15354128126580727	0.23325
0.15371155324500305	0.2335
0.15388177716462467	0.23375
0.15405195281694964	0.234
0.1542220799942715	0.23425
0.15439215848890106	0.2345
0.15456218809316472	0.23475
0.1547321685994031	0.235
0.15490209979997266	0.23525
0.15507198148724222	0.2355
0.1552418134535936	0.23575
0.1554115954914212	0.236
0.15558132739313066	0.23625
0.15575100895113905	0.2365
0.15592063995787242	0.23675
0.15609022020576677	0.237
0.15625974948726698	0.23725
0.15642922759482536	0.2375
0.15659865432090198	0.23775
0.15676802945796342	0.238
0.1569373527984821	0.23825
0.15710662413493603	0.2385
0.15727584325980754	0.23875
0.15744500996558258	0.239
0.15761412404475095	0.23925
0.15778318528980453	0.2395
0.1579521934932371	0.23975
0.15812114844754402	0.24
0.1582900499452211	0.24025
0.15845889777876382	0.2405
0.15862769174066713	0.24075
0.1587964316234246	0.241
0.15896511721952755	0.24125
0.15913374832146446	0.2415
0.15930232472172082	0.24175
0.15947084621277824	0.242
0.15963931258711295	0.24225
0.1598077236371966	0.2425
0.1599760791554947	0.24275
0.1601443789344659	0.243
0.16031262276656225	0.24325
0.16048081044422755	0.2435
0.160648941759897	0.24375
0.16081701650599708	0.244
0.16098503447494453	0.24425
0.1611529954591458	0.2445
0.16132089925099605	0.24475
0.16148874564287916	0.245
0.16165653442716707	0.24525
0.1618242653962184	0.2455
0.16199193834237888	0.24575
0.16215955305797988	0.246
0.16232710933533848	0.24625
0.1624946069667566	0.2465
0.16266204574452012	0.24675
0.16282942546089846	0.247
0.16299674590814445	0.24725
0.16316400687849325	0.2475
0.16333120816416158	0.24775
0.16349834955734768	0.248
0.16366543085023066	0.24825
0.16383245183496964	0.2485
0.16399941230370257	0.24875
0.16416631204854717	0.249
0.1643331508615997	0.24925
0.16449992853493348	0.2495
0.1646666448605995	0.24975
0.16483329963062554	0.25
0.16499989263701514	0.25025
0.16516642367174794	0.2505
0.16533289252677813	0.25075
0.1654992989940342	0.251
0.16566564286541952	0.25125
0.16583192393280974	0.2515
0.16599814198805365	0.25175
0.1661642968229726	0.252
0.16633038822935925	0.25225
0.16649641599897835	0.2525
0.16666237992356386	0.25275
0.1668282797948208	0.253
0.16699411540442421	0.25325
0.16715988654401678	0.2535
0.167325593005211	0.25375
0.1674912345795873	0.254
0.16765681105869254	0.25425
0.16782232223404192	0.2545
0.1679877678971164	0.25475
0.16815314783936242	0.255
0.16831846185219324	0.25525
0.16848370972698573	0.2555
0.16864889125508184	0.25575
0.16881400622778758	0.256
0.16897905443637176	0.25625
0.1691440356720671	0.2565
0.1693089497260678	0.25675
0.16947379638953042	0.257
0.16963857545357341	0.25725
0.16980328670927516	0.2575
0.16996792994767568	0.25775
0.1701325049597747	0.258
0.1702970115365307	0.25825
0.1704614494688625	0.2585
0.1706258185476465	0.25875
0.1707901185637176	0.259
0.1709543493078688	0.25925
0.17111851057084926	0.2595
0.17128260214336588	0.25975
0.17144662381608158	0.26
0.1716105753796145	0.26025
0.1717744566245391	0.2605
0.1719382673413843	0.26075
0.17210200732063288	0.261
0.17226567635272277	0.26125
0.17242927422804488	0.2615
0.17259280073694316	0.26175
0.17275625566971478	0.262
0.1729196388166085	0.26225
0.17308294996782572	0.2625
0.17324618891351834	0.26275
0.1734093554437898	0.263
0.17357244934869426	0.26325
0.1737354704182354	0.2635
0.1738984184423673	0.26375
0.17406129321099303	0.264
0.17422409451396423	0.26425
0.17438682214108175	0.2645
0.17454947588209413	0.26475
0.17471205552669716	0.265
0.17487456086453465	0.26525
0.17503699168519682	0.2655
0.17519934777822063	0.26575
0.17536162893308885	0.266
0.17552383493923002	0.26625
0.17568596558601846	0.2665
0.17584802066277241	0.26675
0.1760099999587553	0.267
0.1761719032631753	0.26725
0.17633373036518285	0.2675
0.1764954810538728	0.26775
0.17665715511828342	0.268
0.17681875234739453	0.26825
0.17698027253012893	0.2685
0.17714171545535157	0.26875
0.1773030809118682	0.269
0.17746436868842635	0.26925
0.17762557857371442	0.2695
0.17778671035636115	0.26975
0.17794776382493546	0.27
0.1781087387679459	0.27025
0.17826963497384118	0.2705
0.17843045223100842	0.27075
0.17859119032777354	0.271
0.17875184905240168	0.27125
0.17891242819309505	0.2715
0.17907292753799442	0.27175
0.17923334687517803	0.272
0.1793936859926606	0.27225
0.17955394467839472	0.2725
0.17971412272026865	0.27275
0.17987421990610666	0.273
0.18003423602367008	0.27325
0.1801941708606545	0.2735
0.18035402420469143	0.27375
0.18051379584334776	0.274
0.18067348556412385	0.27425
0.18083309315445578	0.2745
0.18099261840171277	0.27475
0.1811520610931979	0.275
0.18131142101614825	0.27525
0.1814706979577335	0.2755
0.1816298917050569	0.27575
0.18178900204515416	0.276
0.1819480287649925	0.27625
0.18210697165147258	0.2765
0.18226583049142603	0.27675
0.1824246050716159	0.277
0.18258329517873767	0.27725
0.18274190059941606	0.2775
0.182900421120208	0.27775
0.1830588565276009	0.278
0.1832172066080111	0.27825
0.18337547114778635	0.2785
0.1835336499332035	0.27875
0.183691742750469	0.279
0.18384974938571905	0.27925
0.18400766962501777	0.2795
0.18416550325435888	0.27975
0.1843232500596649	0.28
0.184480909826786	0.28025
0.18463848234150096	0.2805
0.18479596738951629	0.28075
0.18495336475646587	0.281
0.1851106742279112	0.28125
0.18526789558934129	0.2815
0.18542502862617202	0.28175
0.18558207312374586	0.282
0.185739028867332	0.28225
0.18589589564212647	0.2825
0.18605267323325042	0.28275
0.18620936142575198	0.283
0.1863659600046052	0.28325
0.1865224687547087	0.2835
0.18667888746088757	0.28375
0.1868352159078917	0.284
0.18699145388039595	0.28425
0.18714760116300044	0.2845
0.18730365754022935	0.28475
0.18745962279653214	0.285
0.18761549671628258	0.28525
0.1877712790837778	0.2855
0.1879269696832403	0.28575
0.1880825682988152	0.286
0.18823807471457185	0.28625
0.18839348871450384	0.2865
0.188548810082527	0.28675
0.188704038602481	0.287
0.188859174058129	0.28725
0.18901421623315667	0.2875
0.18916916491117258	0.28775
0.18932401987570815	0.288
0.18947878091021733	0.28825
0.18963344779807695	0.2885
0.1897880203225851	0.28875
0.1899424982669632	0.289
0.19009700950404945	0.28925
0.19025155968343474	0.2895
0.1904061487248531	0.28975
0.19056077654786396	0.29
0.19071544307185195	0.29025
0.19087014821602602	0.2905
0.19102489189941818	0.29075
0.19117967404088376	0.291
0.1913344945590996	0.29125
0.19148935337256354	0.2915
0.19164425039959443	0.29175
0.19179918555833012	0.292
0.19195415876672767	0.29225
0.19210916994256233	0.2925
0.19226421900342636	0.29275
0.19241930586672884	0.293
0.1925744304496946	0.29325
0.19272959266936335	0.2935
0.19288479244258946	0.29375
0.19304002968604034	0.294
0.1931953043161963	0.29425
0.19335061624935007	0.2945
0.1935059654016048	0.29475
0.19366135168887486	0.295
0.19381677502688396	0.29525
0.19397223533116437	0.2955
0.1941277325170574	0.29575
0.19428326649971106	0.296
0.19443883719408014	0.29625
0.19459444451492564	0.2965
0.19475008837681299	0.29675
0.1949057686941128	0.297
0.19506148538099888	0.29725
0.19521723835144755	0.2975
0.195373027519238	0.29775
0.19552885279795	0.298
0.195684714100964	0.29825
0.19584061134146075	0.2985
0.1959965444324194	0.29875
0.1961525132866179	0.299
0.19630851781663142	0.29925
0.19646455793483167	0.2995
0.19662063355338716	0.29975
0.1967767445842609	0.3
0.19693289093921043	0.30025
0.19708907252978758	0.3005
0.1972452892673366	0.30075
0.1974015410629943	0.301
0.19755782782768885	0.30125
0.19771414947213903	0.3015
0.1978705059068539	0.30175
0.19802689704213144	0.302
0.19818332278805803	0.30225
0.19833978305450797	0.3025
0.19849627775114254	0.30275
0.19865280678740904	0.303
0.1988093700725404	0.30325
0.19896596751555395	0.3035
0.19912259902525145	0.30375
0.1992792645102176	0.304
0.19943596387881923	0.30425
0.19959269703920549	0.3045
0.199749463899306	0.30475
0.19990626436683095	0.305
0.20006309834926989	0.30525
0.20021996575389078	0.3055
0.2003768664877401	0.30575
0.20053380045764116	0.306
0.2006907675701937	0.30625
0.20084776773177368	0.3065
0.2010048008485315	0.30675
0.20116186682639214	0.307
0.20131896557105422	0.30725
0.20147609698798863	0.3075
0.20163326098243892	0.30775
0.20179045745941954	0.308
0.20194768632371535	0.30825
0.20210494747988156	0.3085
0.20226224083224204	0.30875
0.20241956628488922	0.309
0.20257692374168315	0.30925
0.20273431310625037	0.3095
0.20289173428198426	0.30975
0.20304918717204296	0.31
0.2032066716793495	0.31025
0.20336418770659123	0.3105
0.20352173515621805	0.31075
0.2036793139304428	0.311
0.20383692393124006	0.31125
0.20399456506034513	0.3115
0.20415223721925402	0.31175
0.204309940309222	0.312
0.20446767423126327	0.31225
0.20462543888615015	0.3125
0.2047832341744125	0.31275
0.20494105999633666	0.313
0.20509891625196502	0.31325
0.20525680284109496	0.3135
0.20541471966327896	0.31375
0.20557266661782264	0.314
0.20573064360378496	0.31425
0.20588865051997748	0.3145
0.20604668726496286	0.31475
0.2062047537370552	0.315
0.20636284983431843	0.31525
0.20652097545456607	0.3155
0.20667913049536069	0.31575
0.20683731485401255	0.316
0.20699552842757935	0.31625
0.2071537711128658	0.3165
0.20731204280642188	0.31675
0.2074703434045435	0.317
0.20762867280327071	0.31725
0.20778703089838718	0.3175
0.20794541758542048	0.31775
0.20810383275963953	0.318
0.20826227631605576	0.31825
0.20842074814942163	0.3185
0.2085792481542291	0.31875
0.20873777622471062	0.319
0.20889633225483725	0.31925
0.209054916138318	0.3195
0.20921352776859992	0.31975
0.2093721670388664	0.32
0.20953083384203738	0.32025
0.2096895280707679	0.3205
0.20984824961744789	0.32075
0.21000699837420167	0.321
0.21016577423288632	0.32125
0.21032457708509203	0.3215
0.21048340682214098	0.32175
0.21064226333508645	0.322
0.2108011465147128	0.32225
0.21096005625153405	0.3225
0.21111899243579338	0.32275
0.2112779549574628	0.323
0.21143694370624244	0.32325
0.21159595857155916	0.3235
0.2117549994425668	0.32375
0.211914066208145	0.324
0.21207315875689878	0.32425
0.21223227697715763	0.3245
0.21239142075697467	0.32475
0.2125505899841268	0.325
0.21270978454611308	0.32525
0.21286900433015474	0.3255
0.21302824922319402	0.32575
0.21318751911189382	0.326
0.2133468138826373	0.32625
0.21350613342152647	0.3265
0.213665477614382	0.32675
0.21382484634674287	0.327
0.21398423950386497	0.32725
0.21414365697072113	0.3275
0.2143030986320002	0.32775
0.21446256437210595	0.328
0.21462205407515755	0.32825
0.21478156762498798	0.3285
0.21494110490514326	0.32875
0.21510066579888293	0.329
0.21526025018917816	0.32925
0.21541985795871157	0.3295
0.2155794889898773	0.32975
0.21573914316477905	0.33
0.21589882036523045	0.33025
0.21605852047275434	0.3305
0.21621824336858142	0.33075
0.21637798893365068	0.331
0.21653775704860775	0.33125
0.21669754759380483	0.3315
0.2168573604493005	0.33175
0.21701719549485787	0.332
0.21717705260994513	0.33225
0.2173369316737345	0.3325
0.21749683256510138	0.33275
0.2176567551626244	0.333
0.21781669934458367	0.33325
0.2179766649889614	0.3335
0.21813665197344095	0.33375
0.2182966601754055	0.334
0.21845668947193844	0.33425
0.2186167397398223	0.3345
0.21877681085553788	0.33475
0.21893690269526445	0.335
0.21909701513487823	0.33525
0.21925714804995233	0.3355
0.21941730131575654	0.33575
0.21957747480725576	0.336
0.2197376683991101	0.33625
0.2198978819656742	0.3365
0.22005811538099637	0.33675
0.2202183685188188	0.337
0.2203786412525757	0.33725
0.22053893345539372	0.3375
0.2206992450000916	0.33775
0.2208595757591783	0.338
0.22101992560485378	0.33825
0.2211802944090079	0.3385
0.22134068204321938	0.33875
0.22150108837875623	0.339
0.22166151328657469	0.33925
0.22182195663731819	0.3395
0.22198241830131787	0.33975
0.222142898148591	0.34
0.22230339604884095	0.34025
0.22246391187145695	0.3405
0.22262444548551275	0.34075
0.22278499675976662	0.341
0.2229455655626607	0.34125
0.2231061517623206	0.3415
0.22326675522655465	0.34175
0.22342737582285319	0.342
0.2235880134183888	0.34225
0.223748667880015	0.3425
0.22390933907426588	0.34275
0.2240700268673562	0.343
0.22423073112517974	0.34325
0.22439145171330996	0.3435
0.22455218849699868	0.34375
0.22471294134117611	0.344
0.22487371011044993	0.34425
0.22503449466910488	0.3445
0.22519529488110238	0.34475
0.22535611061008037	0.345
0.22551694171935183	0.34525
0.22567778807190514	0.3455
0.22583864953040372	0.34575
0.22599952595718442	0.346
0.22616041721425845	0.34625
0.22632132316331016	0.3465
0.22648224366569608	0.34675
0.22664317858244576	0.347
0.2268041277742601	0.34725
0.22696509110151142	0.3475
0.22712606842424307	0.34775
0.2272870596021685	0.348
0.22744806449467142	0.34825
0.22760908296080484	0.3485
0.227770114859291	0.34875
0.22793116004852068	0.349
0.22809221838655233	0.34925
0.22825328973111295	0.3495
0.22841437393959632	0.34975
0.22857547086906285	0.35
0.2287365803762401	0.35025
0.2288977023175206	0.3505
0.22905883654896303	0.35075
0.2292199829262914	0.351
0.22938114130489368	0.35125
0.22954231153982282	0.3515
0.22970349348579527	0.35175
0.22986468699719087	0.352
0.23002589192805298	0.35225
0.23018710813208698	0.3525
0.23034833546266076	0.35275
0.23050957377280426	0.353
0.2306708229152086	0.35325
0.23083208274222605	0.3535
0.2309933531058696	0.35375
0.23115463385781237	0.354
0.23131592484938773	0.35425
0.2314772259315883	0.3545
0.23163853695506564	0.35475
0.23179985777013074	0.355
0.23196118822675238	0.35525
0.23212252817455784	0.3555
0.2322838774628321	0.35575
0.23244523594051697	0.356
0.232606603456212	0.35625
0.23276797985817294	0.3565
0.23292936499431163	0.35675
0.23309075871219662	0.357
0.23325216085905134	0.35725
0.23341357128175494	0.3575
0.23357498982684158	0.35775
0.23373641634049966	0.358
0.2338978506685724	0.35825
0.23405929265655676	0.3585
0.2342207421496032	0.35875
0.234382198992516	0.359
0.23454366302975213	0.35925
0.2347051341054217	0.3595
0.234866612063287	0.35975
0.23502809674676248	0.36
0.23518958799891498	0.36025
0.23535108566246218	0.3605
0.23551258957977356	0.36075
0.2356740995928698	0.361
0.23583561554342178	0.36125
0.2359971372727513	0.3615
0.2361586646218305	0.36175
0.23632019743128108	0.362
0.2364817355413747	0.36225
0.2366432787920325	0.3625
0.2368048270228247	0.36275
0.23696638007297077	0.363
0.23712793778133842	0.36325
0.23728949998644425	0.3635
0.23745106652645306	0.36375
0.23761263723917733	0.364
0.23777421196207807	0.36425
0.23793579053226319	0.3645
0.2380973727864881	0.36475
0.23825895856115556	0.365
0.23842054769231505	0.36525
0.23858214001566314	0.3655
0.23874373536654261	0.36575
0.23890533357994267	0.366
0.23906693449049896	0.36625
0.23922853793249263	0.3665
0.23939014373985082	0.36675
0.2395517517461466	0.367
0.23971336178459807	0.36725
0.23987497368806893	0.3675
0.24003658728906782	0.36775
0.2401982024197481	0.368
0.24035981891190866	0.36825
0.2405214365969924	0.3685
0.24068305530608686	0.36875
0.2408446748699244	0.369
0.24100629511888083	0.36925
0.24116791588297676	0.3695
0.24132953699187673	0.36975
0.24149115827488865	0.37
0.24165277956096481	0.37025
0.2418144006787007	0.3705
0.2419760214563354	0.37075
0.24213764172175184	0.371
0.24229926130247564	0.37125
0.2424608800256762	0.3715
0.24262249771816585	0.37175
0.24278411420639984	0.372
0.242945729316477	0.37225
0.2431073428741385	0.3725
0.24326895470476848	0.37275
0.24343056463339427	0.373
0.2435921724846854	0.37325
0.24375377808295437	0.3735
0.24391538125215653	0.37375
0.24407698181588944	0.374
0.24423857959739345	0.37425
0.24440017441955145	0.3745
0.2445617661048887	0.37475
0.24472335447557303	0.375
0.24488493935341485	0.37525
0.24504652055986686	0.3755
0.24520809791602424	0.37575
0.2453696712426247	0.376
0.24553124036004853	0.37625
0.2456928050883181	0.3765
0.24585436524709844	0.37675
0.24601592065569736	0.377
0.24617747113306476	0.37725
0.2463390164977935	0.3775
0.24650055656811873	0.37775
0.24666209116191823	0.378
0.24682362009671266	0.37825
0.2469851431896653	0.3785
0.24714666025758233	0.37875
0.24730817111691267	0.379
0.24746967558374794	0.37925
0.2476311734738233	0.3795
0.24779266460251667	0.37975
0.2479541487848489	0.38
0.24811562583548463	0.38025
0.24827709556873134	0.3805
0.2484385577985403	0.38075
0.24860001233850615	0.381
0.2487614590018671	0.38125
0.24892289760150565	0.3815
0.2490843279499476	0.38175
0.24924574985936282	0.382
0.24940716314156616	0.38225
0.24956856760801577	0.3825
0.2497299630698146	0.38275
0.24989134933771068	0.383
0.2500527262220962	0.38325
0.25021409353300855	0.3835
0.2503754510801302	0.38375
0.25053679867278883	0.384
0.2506981361199577	0.38425
0.25085946323025565	0.3845
0.2510207798119473	0.38475
0.25118208567294353	0.385
0.25134338062080097	0.38525
0.2515046644627233	0.3855
0.25166593700556067	0.38575
0.2518271980558097	0.386
0.2519884474196147	0.38625
0.2521496849027671	0.3865
0.25231091031070596	0.38675
0.25247212344851805	0.387
0.2526333241209383	0.38725
0.2527945121323502	0.3875
0.2529556872867856	0.38775
0.253116849387925	0.388
0.2532779982390988	0.38825
0.253439133643286	0.3885
0.2536002554031159	0.38875
0.2537613633208679	0.389
0.2539224571984709	0.38925
0.2540835368375054	0.3895
0.2542446020392023	0.38975
0.2544056526044438	0.39
0.25456668833376395	0.39025
0.25472770902734837	0.3905
0.2548887144850353	0.39075
0.25504970450631514	0.391
0.25521067889033167	0.39125
0.25537163743588176	0.3915
0.255532579941416	0.39175
0.2556935062050387	0.392
0.25585441602450915	0.39225
0.2560153091972411	0.3925
0.25617618552030347	0.39275
0.25633704479042085	0.393
0.2564978868039737	0.39325
0.256658711356999	0.3935
0.2568195182451905	0.39375
0.2569803072638988	0.394
0.2571410782081328	0.39425
0.25730183087255903	0.3945
0.25746256505150245	0.39475
0.25762328053894734	0.395
0.257783977128537	0.39525
0.25794465461357513	0.3955
0.25810531278702514	0.39575
0.25826595144151143	0.396
0.25842657036932015	0.39625
0.25858716936239845	0.3965
0.2587477482123563	0.39675
0.2589083067104664	0.397
0.2590688446476643	0.39725
0.25922936181454964	0.3975
0.2593898580013864	0.39775
0.2595503329981031	0.398
0.2597107865942938	0.39825
0.25987121857921835	0.3985
0.2600316287418032	0.39875
0.26019201687064153	0.399
0.260352382753994	0.39925
0.26051272617978977	0.3995
0.26067304693562615	0.39975
0.2608333448087701	0.4
0.2609936195861582	0.40025
0.26115387105439725	0.4005
0.26131409899976543	0.40075
0.2614743032082127	0.401
0.2616344834653605	0.40125
0.2617946395565038	0.4015
0.26195477126661076	0.40175
0.2621148783803235	0.402
0.26227496068195927	0.40225
0.2624350179555102	0.4025
0.26259504998464483	0.40275
0.26275505655270853	0.403
0.2629150374427234	0.40325
0.2630749924373901	0.4035
0.2632349213190879	0.40375
0.2633948238698752	0.404
0.26355469987149094	0.40425
0.2637145491053544	0.4045
0.26387437135256653	0.40475
0.2640341663939106	0.405
0.2641939340098526	0.40525
0.26435367398054216	0.4055
0.26451338608581354	0.40575
0.2646730701051859	0.406
0.2648327258178643	0.40625
0.2649923530027405	0.4065
0.26515195143839365	0.40675
0.26531152090309085	0.407
0.26547106117478847	0.40725
0.2656305720311324	0.4075
0.26579005324945865	0.40775
0.26594950460679545	0.408
0.2661089258798624	0.40825
0.26626831684507196	0.4085
0.26642767727853106	0.40875
0.2665870069560403	0.409
0.26674630565309604	0.40925
0.2669055731448911	0.4095
0.26706480920631487	0.40975
0.26722401361195514	0.41
0.2673831861360981	0.41025
0.26754232655272964	0.4105
0.26770143463553653	0.41075
0.26786051015790663	0.411
0.26801955289292984	0.41125
0.26817856261339973	0.4115
0.26833753909181357	0.41175
0.26849648210037386	0.412
0.268655391410989	0.41225
0.26881426679527387	0.4125
0.2689731080245517	0.41275
0.2691319148698538	0.413
0.2692906871019214	0.41325
0.26944942449120635	0.4135
0.2696081268078718	0.41375
0.26976679382179364	0.414
0.26992542530256136	0.41425
0.2700840210194785	0.4145
0.27024258074156426	0.41475
0.27040110423755437	0.415
0.2705595912759017	0.41525
0.2707180416247778	0.4155
0.27087645505207375	0.41575
0.2710348313254007	0.416
0.27119317021209177	0.41625
0.2713514714792022	0.4165
0.2715097348935111	0.41675
0.27166796022152223	0.417
0.2718261472294646	0.41725
0.2719842956832946	0.4175
0.2721424053486958	0.41775
0.27230047599108115	0.418
0.27245850737559346	0.41825
0.27261649926710635	0.4185
0.27277445143022594	0.41875
0.27293236362929146	0.419
0.2730902356283763	0.41925
0.27324806719129	0.4195
0.2734058580815779	0.41975
0.2735636080625236	0.42
0.2737213168971499	0.42025
0.27387898434821883	0.4205
0.2740366101782343	0.42075
0.2741941941494422	0.421
0.27435173602383217	0.42125
0.27450923556313844	0.4215
0.27466669252884124	0.42175
0.2748241066821679	0.422
0.2749814777840938	0.42225
0.2751388055953439	0.4225
0.2752960898763942	0.42275
0.27545333038747205	0.423
0.2756105268885581	0.42325
0.2757676791393878	0.4235
0.2759247868994516	0.42375
0.2760818499279971	0.424
0.2762388679840302	0.42425
0.27639584082631535	0.4245
0.27655276821337865	0.42475
0.27670964990350766	0.425
0.2768664856547527	0.42525
0.2770232752249293	0.4255
0.27718001837161815	0.42575
0.2773367148521674	0.426
0.2774933644236935	0.42625
0.2776499668430821	0.4265
0.2778065218669905	0.42675
0.27796302925184807	0.427
0.2781194887538576	0.42725
0.27827590012899733	0.4275
0.27843226313302155	0.42775
0.27858857752146227	0.428
0.2787448430496307	0.42825
0.2789010594726184	0.4285
0.2790572265452987	0.42875
0.27921334402232834	0.429
0.27936941165814827	0.42925
0.27952542920698564	0.4295
0.2796813964228551	0.42975
0.27983731305955983	0.43
0.2799931788706935	0.43025
0.2801489936096412	0.4305
0.280304757029581	0.43075
0.28046046888348586	0.431
0.28061612892412385	0.43125
0.2807717369040615	0.4315
0.28092729257566346	0.43175
0.28108279569109484	0.432
0.2812382460023227	0.43225
0.28139364326111693	0.4325
0.2815489872190527	0.43275
0.28170427762751094	0.433
0.2818595142376804	0.43325
0.2820146968005593	0.4335
0.2821698250669562	0.43375
0.28232489878749206	0.434
0.28247991771260184	0.43425
0.2826348815925353	0.4345
0.2827897901773593	0.43475
0.28294464321695906	0.435
0.2830994404610397	0.43525
0.28325418165912764	0.4355
0.28340886656057257	0.43575
0.2835634949145485	0.436
0.28371806647005576	0.43625
0.2838725809759224	0.4365
0.28402703818080577	0.43675
0.28418143783319405	0.437
0.28433577968140794	0.43725
0.2844900634736023	0.4375
0.2846442889577677	0.43775
0.2847984558817321	0.438
0.2849525639931624	0.43825
0.28510661303956575	0.4385
0.2852606027682921	0.43875
0.2854145329265349	0.439
0.285568403261333	0.43925
0.2857222135195726	0.4395
0.28587596344798866	0.43975
0.28602965279316694	0.44
0.2861832813015447	0.44025
0.28633684871941334	0.4405
0.2864903547929201	0.44075
0.2866437992680688	0.441
0.2867971818907226	0.44125
0.28695050240660513	0.4415
0.28710376056130227	0.44175
0.28725695610026414	0.442
0.2874100887688061	0.44225
0.2875631583121112	0.4425
0.2877161644752321	0.44275
0.28786910700309154	0.443
0.28802198564048564	0.44325
0.28817480013208474	0.4435
0.2883275502224349	0.44375
0.2884802356559608	0.444
0.2886328561769664	0.44425
0.28878541152963677	0.4445
0.288937901458041	0.44475
0.2890903257061325	0.445
0.28924268401775166	0.44525
0.2893949761366278	0.4455
0.28954720180638005	0.44575
0.28969936077052016	0.446
0.2898514527724536	0.44625
0.2900034775554815	0.4465
0.29015543486280315	0.44675
0.29030732443751667	0.447
0.2904591460226219	0.44725
0.2906108993610218	0.4475
0.29076258419552364	0.44775
0.29091420026884224	0.448
0.29106574732360047	0.44825
0.29121722510233206	0.4485
0.29136863334748314	0.44875
0.2915199718014135	0.449
0.2916712402063998	0.44925
0.29182243830463617	0.4495
0.29197356583823636	0.44975
0.29212462254923643	0.45
0.29227560817959575	0.45025
0.2924265224711991	0.4505
0.29257736516585897	0.45075
0.29272813600531683	0.451
0.29287883473124565	0.45125
0.2930294610852515	0.4515
0.2931800148088752	0.45175
0.293330495643595	0.452
0.2934809033308277	0.45225
0.29363123761193105	0.4525
0.2937814982282059	0.45275
0.2939316849208972	0.453
0.29408179743119717	0.45325
0.2942318355002463	0.4535
0.29438179886913557	0.45375
0.294531687278909	0.454
0.2946815004705647	0.45425
0.2948312381850572	0.4545
0.29498090016329964	0.45475
0.2951304861461656	0.455
0.29527999587449116	0.45525
0.2954294290890766	0.4555
0.2955787855306885	0.45575
0.29572806494006215	0.456
0.29587726705790285	0.45625
0.2960263916248884	0.4565
0.2961754383816714	0.45675
0.2963244070688801	0.457
0.29647329742712164	0.45725
0.29662210919698373	0.4575
0.296770842119036	0.45775
0.29691949593383304	0.458
0.29706807038191574	0.45825
0.29721656520381334	0.4585
0.2973649801400463	0.45875
0.2975133149311269	0.459
0.2976615693175627	0.45925
0.2978097430398578	0.4595
0.2979578358385148	0.45975
0.2981058474540376	0.46
0.29825377762693267	0.46025
0.2984016260977114	0.4605
0.2985493926068925	0.46075
0.2986970768950034	0.461
0.2988446787025829	0.46125
0.2989921977701832	0.4615
0.29913963383837144	0.46175
0.2992869866477324	0.462
0.2994342559388704	0.46225
0.29958144145241095	0.4625
0.2997285429290038	0.46275
0.29987556010932415	0.463
0.30002249273407494	0.46325
0.3001693405439895	0.4635
0.30031610327983277	0.46375
0.3004627806824041	0.464
0.3006093724925393	0.46425
0.3007558784511122	0.4645
0.30090229829903753	0.46475
0.30104863177727226	0.465
0.3011948786268185	0.46525
0.30134103858872513	0.4655
0.30148711140408985	0.46575
0.30163309681406203	0.466
0.30177899455984364	0.46625
0.3019248043826923	0.4665
0.3020705260239237	0.46675
0.30221615922491235	0.467
0.30236170372709525	0.46725
0.30250715927197314	0.4675
0.30265252560111267	0.46775
0.30279780245614935	0.468
0.30294298957878857	0.46825
0.30308808671080845	0.4685
0.30323309359406186	0.46875
0.3033780099704787	0.469
0.3035228355820678	0.46925
0.30366757017091883	0.4695
0.3038122134792055	0.46975
0.30395676524918686	0.47
0.3041012252232092	0.47025
0.30424559314370925	0.4705
0.3043898687532157	0.47075
0.304534051794351	0.471
0.3046781420098345	0.47125
0.30482213914248396	0.4715
0.3049660429352177	0.47175
0.3051098531310573	0.472
0.3052535694731291	0.47225
0.30539719170466695	0.4725
0.3055407195690142	0.47275
0.30568415280962546	0.473
0.3058274911700697	0.47325
0.3059707343940316	0.4735
0.306113882225314	0.47375
0.30625693440784046	0.474
0.3063998906856568	0.47425
0.3065427508029337	0.4745
0.3066855145039689	0.47475
0.3068281815331892	0.475
0.30697075163515297	0.47525
0.30711322455455187	0.4755
0.30725560003621316	0.47575
0.30739787782510264	0.476
0.3075400576663258	0.47625
0.30768213930513044	0.4765
0.30782412248690916	0.47675
0.30796600695720106	0.477
0.3081077924616944	0.47725
0.30824947874622843	0.4775
0.30839106555679546	0.47775
0.308532552639544	0.478
0.3086739397407798	0.47825
0.3088152266069685	0.4785
0.3089564129847383	0.47875
0.3090974986208814	0.479
0.30923848326235653	0.47925
0.3093793666562913	0.4795
0.3095201485499841	0.47975
0.3096608286909069	0.48
0.3098014068267065	0.48025
0.30994188270520745	0.4805
0.31008225607441414	0.48075
0.3102225266825127	0.481
0.3103626942778737	0.48125
0.3105027586090539	0.4815
0.31064271942479843	0.48175
0.3107825764740436	0.482
0.3109223295059182	0.48225
0.31106197826974646	0.4825
0.31120152251505023	0.48275
0.31134096199155015	0.483
0.3114802964491693	0.48325
0.3116195256380344	0.4835
0.3117586493084783	0.48375
0.3118976672110424	0.484
0.3120365790964782	0.48425
0.3121753847157503	0.4845
0.31231408382003817	0.48475
0.3124526761607382	0.485
0.31259116148946625	0.48525
0.31272953955805954	0.4855
0.31286781011857895	0.48575
0.31300597292331145	0.486
0.3131440277247716	0.48625
0.3132819742757047	0.4865
0.3134198123290882	0.48675
0.313557541638134	0.487
0.313695161956291	0.48725
0.31383267303724705	0.4875
0.3139700746349307	0.48775
0.31410736650351473	0.488
0.3142445483974164	0.48825
0.3143816200713008	0.4885
0.31451858128008364	0.48875
0.3146554317789315	0.489
0.3147921713232661	0.48925
0.31492879966876464	0.4895
0.3150653165713632	0.48975
0.31520172178725875	0.49
0.31533801507291026	0.49025
0.31547419618504263	0.4905
0.31561026488064725	0.49075
0.3157462209169847	0.491
0.31588206405158736	0.49125
0.316017794042261	0.4915
0.31615341064708696	0.49175
0.3162889136244247	0.492
0.31642430273291333	0.49225
0.3165595777314743	0.4925
0.3166947383793134	0.49275
0.3168297844359224	0.493
0.3169647156610822	0.49325
0.3170995318148639	0.4935
0.3172342326576312	0.49375
0.3173688179500434	0.494
0.31750328745305617	0.49425
0.3176376409279246	0.4945
0.31777187813620505	0.49475
0.3179059988397569	0.495
0.31804000280074557	0.49525
0.31817388978164346	0.4955
0.31830765954523293	0.49575
0.31844131185460817	0.496
0.3185748464731769	0.49625
0.3187082631646635	0.4965
0.31884156169310945	0.49675
0.3189747418228767	0.497
0.31910780331865013	0.49725
0.3192407459454377	0.4975
0.31937356946857454	0.49775
0.3195062736537242	0.498
0.31963885826688004	0.49825
0.3197713230743688	0.4985
0.3199036678428515	0.49875
0.32003589233932567	0.499
0.3201679963311279	0.49925
0.3202999795859353	0.4995
0.3204318418717679	0.49975
0.3205635829569905	0.5
0.32069520261031514	0.50025
0.32082670060080226	0.5005
0.3209580766978637	0.50075
0.32108933067126405	0.501
0.32122046229112317	0.50125
0.32135147132791764	0.5015
0.32148235755248317	0.50175
0.3216131207360165	0.502
0.3217437606500776	0.50225
0.3218742770665914	0.5025
0.32200466975784964	0.50275
0.32213493849651326	0.503
0.32226508305561447	0.50325
0.32239510320855813	0.5035
0.3225249987291241	0.50375
0.3226547693914693	0.504
0.32278441497012966	0.50425
0.3229139352400219	0.5045
0.32304332997644525	0.50475
0.32317259895508427	0.505
0.32330174195200984	0.50525
0.3234307587436818	0.5055
0.3235596491069506	0.50575
0.3236884128190589	0.506
0.3238170496576441	0.50625
0.32394555940074005	0.5065
0.3240739418267788	0.50675
0.3242021967145927	0.507
0.32433032384341626	0.50725
0.3244583229928878	0.5075
0.32458619394305177	0.50775
0.3247139364743606	0.508
0.32484155036767615	0.50825
0.3249690354042718	0.5085
0.32509639136583496	0.50875
0.3252236180344678	0.509
0.32535071519268993	0.50925
0.32547768262343996	0.5095
0.32560452011007746	0.50975
0.3257312274363849	0.51
0.32585780438656897	0.51025
0.32598425074526327	0.5105
0.32611056629752916	0.51075
0.32623675082885867	0.511
0.3263628041251754	0.51125
0.3264887259728364	0.5115
0.32661451615863496	0.51175
0.3267401744698011	0.512
0.32686570069400417	0.51225
0.32699109461935455	0.5125
0.327116356034405	0.51275
0.3272414847281531	0.513
0.32736648049004274	0.51325
0.32749134310996525	0.5135
0.32761607237826224	0.51375
0.3277406680857266	0.514
0.3278651300236045	0.51425
0.32798945798359747	0.5145
0.32811365175786306	0.51475
0.3282377111390177	0.515
0.3283616359201381	0.51525
0.32848542589476265	0.5155
0.32860908085689344	0.51575
0.32873260060099774	0.516
0.32885598492200985	0.51625
0.32897923361533266	0.5165
0.32910234647683956	0.51675
0.32922532330287596	0.517
0.3293481638902609	0.51725
0.3294708680362886	0.5175
0.32959343553873044	0.51775
0.3297158661958366	0.518
0.3298381598063372	0.51825
0.3299603161694445	0.5185
0.330082335084854	0.51875
0.3302042163527468	0.519
0.3303259597737906	0.51925
0.3304475651491413	0.5195
0.3305690322804448	0.51975
0.3306903609698387	0.52
0.3308115510199538	0.52025
0.3309326022339151	0.5205
0.33105351441534436	0.52075
0.3311742873683612	0.521
0.3312949208975843	0.52125
0.33141541480813347	0.5215
0.331535768905631	0.52175
0.3316559829962031	0.522
0.33177605688648143	0.52225
0.331895990383605	0.5225
0.3320157832952211	0.52275
0.3321354354294869	0.523
0.3322549465950717	0.52325
0.3323743166011574	0.5235
0.33249354525744035	0.52375
0.3326126323741329	0.524
0.3327315777619652	0.52425
0.3328503812321859	0.5245
0.33296904259656407	0.52475
0.3330875616673907	0.525
0.33320593825747996	0.52525
0.3333241721801705	0.5255
0.33344226324932713	0.52575
0.3335602112793421	0.526
0.33367801608513664	0.52625
0.333795677482162	0.5265
0.3339131952864013	0.52675
0.33403056931437053	0.527
0.3341477993831201	0.52725
0.33426488531023635	0.5275
0.3343818269138423	0.52775
0.3344986240125996	0.528
0.33461527642571	0.52825
0.3347317839729161	0.5285
0.3348481464745026	0.52875
0.3349643637512987	0.529
0.33508043562467793	0.52925
0.33519636191656044	0.5295
0.3353121424494141	0.52975
0.3354277770462555	0.53
0.3355432655306517	0.53025
0.33565860772672107	0.5305
0.3357738034591342	0.53075
0.3358888525531165	0.531
0.33600375483444794	0.53125
0.3361185101294651	0.5315
0.3362331182650622	0.53175
0.33634757906869217	0.532
0.3364618923683681	0.53225
0.33657605799266455	0.5325
0.3366900757707182	0.53275
0.3368039455322294	0.533
0.3369176671074634	0.53325
0.3370312403272512	0.5335
0.3371446650229911	0.53375
0.3372579410266497	0.534
0.3373710681707625	0.53425
0.3374840462884365	0.5345
0.33759687521334936	0.53475
0.3377095547797516	0.535
0.3378220848224682	0.53525
0.33793446517689857	0.5355
0.33804669567901846	0.53575
0.3381587761653802	0.536
0.33827070647311475	0.53625
0.3383824864399325	0.5365
0.3384941159041234	0.53675
0.3386055947045592	0.537
0.338716922680694	0.53725
0.3388280996725653	0.5375
0.3389391255207948	0.53775
0.3390500000665896	0.538
0.33916072315174334	0.53825
0.3392712946186371	0.5385
0.3393817143102401	0.53875
0.339491982070111	0.539
0.3396020977423988	0.53925
0.33971206117184405	0.5395
0.33982187220377885	0.53975
0.3399315306841287	0.54
0.34004103645941336	0.54025
0.34015038937674746	0.5405
0.34025958928384153	0.54075
0.340368636029003	0.541
0.3404775294611365	0.54125
0.34058626942974574	0.5415
0.34069485578493375	0.54175
0.34080328837740376	0.542
0.34091156705846026	0.54225
0.3410196916800094	0.5425
0.3411276620945609	0.54275
0.3412354781552274	0.543
0.34134313971572644	0.54325
0.3414506466303808	0.5435
0.3415579987541195	0.54375
0.341665195942478	0.544
0.34177223805159984	0.54425
0.341879124938237	0.5445
0.34198585645975044	0.54475
0.3420924324741113	0.545
0.3421988528399014	0.54525
0.3423051174163141	0.5455
0.34241122606315477	0.54575
0.3425171786408419	0.546
0.34262297501040734	0.54625
0.34272861503349766	0.5465
0.34283409857237424	0.54675
0.3429394254899139	0.547
0.3430445956496103	0.54725
0.3431496089155741	0.5475
0.34325446515253333	0.54775
0.3433591642258345	0.548
0.3434637060014433	0.54825
0.34356809034594504	0.5485
0.3436723171265451	0.54875
0.3437763862110698	0.549
0.34388029746796694	0.54925
0.3439840507663063	0.5495
0.3440876459757803	0.54975
0.34419108296670475	0.55
0.3442943616100191	0.55025
0.3443974817772872	0.5505
0.34450044334069774	0.55075
0.3446032461730648	0.551
0.3447058901478286	0.55125
0.3448083751390557	0.5515
0.3449107010214396	0.55175
0.3450128676703014	0.552
0.3451148749615903	0.55225
0.34521672277188387	0.5525
0.34531841097838867	0.55275
0.34541993945894045	0.553
0.34552130809200504	0.55325
0.3456225167566787	0.5535
0.3457235653326885	0.55375
0.34582445370039233	0.554
0.3459251817407799	0.55425
0.34602574933547336	0.5545
0.34612615636672667	0.55475
0.34622640271742683	0.555
0.3463264882710944	0.55525
0.34642641291188325	0.5555
0.3465261765245811	0.55575
0.34662577899461033	0.556
0.3467252213046599	0.55625
0.34682450558179767	0.5565
0.34692363390557923	0.55675
0.3470226083094857	0.557
0.3471214307823059	0.55725
0.34722010326946656	0.5575
0.3473186276743125	0.55775
0.3474170058593388	0.558
0.3475152396473769	0.55825
0.34761333082273727	0.5585
0.3477112811323111	0.55875
0.34780909228663104	0.559
0.34790676596089465	0.55925
0.3480043037959508	0.5595
0.3481017073992516	0.55975
0.3481989783457711	0.56
0.3482961181788911	0.56025
0.34839312841125775	0.5605
0.34849001052560735	0.56075
0.3485867659755651	0.561
0.3486833961864167	0.56125
0.3487799025558532	0.5615
0.3488762864546923	0.56175
0.34897254922757487	0.562
0.34906869219363934	0.56225
0.34916471664717336	0.5625
0.349260623858245	0.56275
0.3493564150733138	0.563
0.34945209151582113	0.56325
0.34954765438676355	0.5635
0.3496431048652469	0.56375
0.34973844410902344	0.564
0.3498336732550126	0.56425
0.3499287934198052	0.5645
0.3500238057001525	0.56475
0.35011871117344057	0.565
0.3502135108981499	0.56525
0.3503082059143013	0.5655
0.3504027972438889	0.56575
0.3504972858912998	0.566
0.35059167284372195	0.56625
0.3506859590715394	0.5665
0.3507801455287162	0.56675
0.3508742331531703	0.567
0.350968222867135	0.56725
0.35106211557751155	0.5675
0.35115591217621034	0.56775
0.351249613540484	0.568
0.3513432205332504	0.56825
0.35143673400340636	0.5685
0.351530154786133	0.56875
0.3516234837031931	0.569
0.35171672156321987	0.56925
0.3518098691619976	0.5695
0.3519029272827353	0.56975
0.35199589669633297	0.57
0.35208877816164	0.57025
0.3521815724257081	0.5705
0.35227428022403584	0.57075
0.352366902280808	0.571
0.3524594393091287	0.57125
0.35255189201124754	0.5715
0.35264426107878044	0.57175
0.3527365471929254	0.572
0.35282875102467187	0.57225
0.35292087323500465	0.5725
0.3530129144751038	0.57275
0.35310487538653873	0.573
0.3531967566014572	0.57325
0.3532885587427702	0.5735
0.3533802824243322	0.57375
0.35347192825111634	0.574
0.3535634968193863	0.57425
0.35365498871686335	0.5745
0.3537464045228891	0.57475
0.3538377448085855	0.575
0.35392901013700967	0.57525
0.3540202010633057	0.5755
0.35411131813485297	0.57575
0.3542023618914107	0.576
0.35429333286525894	0.57625
0.35438423158133686	0.5765
0.3544750585573775	0.57675
0.354565814304039	0.577
0.35465649932503346	0.57725
0.3547471141172526	0.5775
0.3548376591708906	0.57775
0.354928134969564	0.578
0.35501854199042887	0.57825
0.3551088807042959	0.5785
0.35519915157574217	0.57875
0.3552893550632207	0.579
0.355379491619168	0.57925
0.35546956169010857	0.5795
0.3555595657167578	0.57975
0.3556495041341219	0.58
0.3557393773715961	0.58025
0.3558291858530609	0.5805
0.3559189299969757	0.58075
0.3560086102164711	0.581
0.3560982269194385	0.58125
0.35618778050861827	0.5815
0.356277271381686	0.58175
0.356366699931337	0.582
0.3564560665453688	0.58225
0.35654537160676203	0.5825
0.35663461549375963	0.58275
0.35672379857994463	0.583
0.35681292123431596	0.58325
0.3569019838213628	0.5835
0.3569909867011378	0.58375
0.3570799302293285	0.584
0.3571688147573269	0.58425
0.3572576406322986	0.5845
0.3573464081972495	0.58475
0.35743511779109227	0.585
0.3575237697487104	0.58525
0.3576123644010217	0.5855
0.3577009020750403	0.58575
0.3577893830939377	0.586
0.3578778077771022	0.58625
0.35796617644019724	0.5865
0.35805458455935857	0.58675
0.3581430630049697	0.587
0.35823161224873246	0.58725
0.3583202327678587	0.5875
0.35840892504515476	0.58775
0.358497689569108	0.588
0.35858652683397435	0.58825
0.3586754373398685	0.5885
0.35876442159285526	0.58875
0.35885348010504275	0.589
0.35894261339467803	0.58925
0.35903182198624417	0.5895
0.35912110641055933	0.58975
0.3592104672048781	0.59
0.35929990491299485	0.59025
0.3593894200853492	0.5905
0.3594790132791336	0.59075
0.35956868505840345	0.591
0.3596584359941888	0.59125
0.3597482666646096	0.5915
0.35983817765499226	0.59175
0.3599281695579894	0.592
0.36001824297370183	0.59225
0.36010839850980314	0.5925
0.3601986367816673	0.59275
0.3602889584124987	0.593
0.36037936403346504	0.59325
0.3604698542838335	0.5935
0.3605604298111095	0.59375
0.36065109127117867	0.594
0.360741839328452	0.59425
0.36083267465601443	0.5945
0.3609235979357762	0.59475
0.36101460985862854	0.595
0.3611057111246018	0.59525
0.36119690244302816	0.5955
0.36128818453270745	0.59575
0.3613795581220773	0.596
0.36147102394938646	0.59625
0.3615625827628731	0.5965
0.36165423532094676	0.59675
0.3617459823923745	0.597
0.36183782475647175	0.59725
0.36192976320329745	0.5975
0.36202179853385424	0.59775
0.3621139315602928	0.598
0.36220616310612214	0.59825
0.3622984940064238	0.5985
0.36239092510807225	0.59875
0.36248345726996045	0.599
0.3625760913632305	0.59925
0.3626688282715108	0.5995
0.3627616688911588	0.59975
0.3628546141315094	0.6
0.3629476649151305	0.60025
0.3630408221780843	0.6005
0.36313408687019605	0.60075
0.36322745995532874	0.601
0.36332094241166546	0.60125
0.36341453523199946	0.6015
0.36350823942403115	0.60175
0.36360205601067325	0.602
0.36369598603036385	0.60225
0.36379003053738806	0.6025
0.3638841906022081	0.60275
0.3639784673118025	0.603
0.3640728617700139	0.60325
0.36416737509790736	0.6035
0.36426200843413775	0.60375
0.36435676293532726	0.604
0.36445163977645406	0.60425
0.3645466401512512	0.6045
0.364641765272617	0.60475
0.36473701637303724	0.605
0.364832394705019	0.60525
0.36492790154153726	0.6055
0.36502353817649447	0.60575
0.3651193059251933	0.606
0.36521520612482317	0.60625
0.3653112401349612	0.6065
0.3654074093380884	0.60675
0.36550371514012087	0.607
0.36560015897095677	0.60725
0.36569674228504045	0.6075
0.3657934665619435	0.60775
0.3658903333069634	0.608
0.3659873440517413	0.60825
0.36608450035489826	0.6085
0.366181803802692	0.60875
0.3662792560096944	0.609
0.36637685861949015	0.60925
0.3664746133053981	0.6095
0.3665725217712158	0.60975
0.3666705857519882	0.61
0.36676880701480175	0.61025
0.3668671873596042	0.6105
0.3669657286200524	0.61075
0.3670644326643879	0.611
0.36716330139634196	0.61125
0.3672623367560719	0.6115
0.3673615407211297	0.61175
0.36746091530746294	0.612
0.3675604625704515	0.61225
0.3676601846059807	0.6125
0.36776008355155193	0.61275
0.36786016158743295	0.613
0.3679604209378498	0.61325
0.36806086325229714	0.6135
0.36816148831116835	0.61375
0.36826229589469267	0.614
0.36836328578293803	0.61425
0.3684644577558112	0.6145
0.3685658115930592	0.61475
0.36866734707427123	0.615
0.3687690639788798	0.61525
0.368870962086162	0.6155
0.36897304117524105	0.61575
0.3690753010250871	0.616
0.36917774141451926	0.61625
0.3692803621222069	0.6165
0.36938316292667034	0.61675
0.36948614360628274	0.617
0.3695893039392712	0.61725
0.36969264370371885	0.6175
0.3697961626775645	0.61775
0.36989986063860536	0.618
0.37000373736449876	0.61825
0.3701077926327615	0.6185
0.37021202622077304	0.61875
0.37031643790577595	0.619
0.37042102746487726	0.61925
0.3705257946750503	0.6195
0.37063073931313545	0.61975
0.370735861155841	0.62
0.3708411599797459	0.62025
0.3709466355612998	0.6205
0.3710522876768246	0.62075
0.371158116102516	0.621
0.3712641206144446	0.62125
0.3713703009885573	0.6215
0.37147665700067806	0.62175
0.3715831884265104	0.622
0.371689895041637	0.62225
0.3717967766215225	0.6225
0.3719038329415137	0.62275
0.37201106377684107	0.623
0.3721184689026205	0.62325
0.3722260480938541	0.6235
0.3723338011254313	0.62375
0.3724417277721305	0.624
0.3725498278086201	0.62425
0.37265810100945956	0.6245
0.372766547149101	0.62475
0.37287516600189047	0.625
0.37298395734206846	0.62525
0.37309292094377194	0.6255
0.3732020565810354	0.62575
0.37331136402779125	0.626
0.3734208430578724	0.62625
0.37353049344501255	0.6265
0.3736403149628473	0.62675
0.3737503073849159	0.627
0.37386047048466214	0.62725
0.3739708040354357	0.6275
0.37408130781049315	0.62775
0.37419198158299904	0.628
0.37430282512602725	0.62825
0.3744138382125625	0.6285
0.37452502061550086	0.62875
0.3746363721076512	0.629
0.3747478924617367	0.62925
0.3748595814503953	0.6295
0.3749714388461816	0.62975
0.3750834644215674	0.63
0.3751956579489433	0.63025
0.3753080192006195	0.6305
0.3754205479488273	0.63075
0.3755332439657197	0.631
0.37564610702337303	0.63125
0.37575913689378826	0.6315
0.37587233334889114	0.63175
0.3759856961605344	0.632
0.37609922510049826	0.63225
0.37621291994049166	0.6325
0.37632678045215373	0.63275
0.37644080640705396	0.633
0.3765549975766945	0.63325
0.37666935373251054	0.6335
0.3767838746458714	0.63375
0.37689856008808204	0.634
0.3770134098303834	0.63425
0.3771284236439541	0.6345
0.3772436012999117	0.63475
0.3773589425693133	0.635
0.37747444722315654	0.63525
0.37759011503238066	0.6355
0.3777059457678685	0.63575
0.3778219392004462	0.636
0.3779380951008851	0.63625
0.37805441323990274	0.6365
0.3781708933881635	0.63675
0.3782875353162798	0.637
0.3784043387948134	0.63725
0.37852130359427627	0.6375
0.3786384294851316	0.63775
0.37875571623779447	0.638
0.3788731636226337	0.63825
0.37899077140997206	0.6385
0.37910853937008776	0.63875
0.37922646727321546	0.639
0.3793445548895468	0.63925
0.3794628019892318	0.6395
0.37958120834238	0.63975
0.37969977371906105	0.64
0.3798184978893057	0.64025
0.3799373806231074	0.6405
0.38005642169042253	0.64075
0.38017562086117185	0.641
0.3802949779052411	0.64125
0.38041449259248233	0.6415
0.3805341646927148	0.64175
0.38065399397572575	0.642
0.3807739802112712	0.64225
0.38089412316907767	0.6425
0.3810144226188425	0.64275
0.38113487833023435	0.643
0.3812554900728952	0.64325
0.38137625761644073	0.6435
0.3814971807304616	0.64375
0.3816182591845234	0.644
0.3817394927481683	0.64425
0.3818608811909167	0.6445
0.38198242428226664	0.64475
0.3821041217916955	0.645
0.38222597348866116	0.64525
0.38234797914260243	0.6455
0.3824701385229398	0.64575
0.3825924513990771	0.646
0.38271491754040166	0.64625
0.3828375367162852	0.6465
0.3829603086960852	0.64675
0.3830832332491463	0.647
0.383206310144799	0.64725
0.3833295391523625	0.6475
0.3834529200411455	0.64775
0.38357645258044576	0.648
0.38370013653955254	0.64825
0.383823971687746	0.6485
0.38394795779429897	0.64875
0.3840720946284775	0.649
0.3841963819595418	0.64925
0.384320819556747	0.6495
0.3844454071893439	0.64975
0.38457014462657985	0.65
0.3846950316376996	0.65025
0.38482006799194624	0.6505
0.38494525345856184	0.65075
0.3850705878067883	0.651
0.38519607080586815	0.65125
0.38532170222504514	0.6515
0.3854474818335658	0.65175
0.38557340940067925	0.652
0.3856994846956383	0.65225
0.38582570748770095	0.6525
0.38595207754613003	0.65275
0.3860785946401948	0.653
0.3862052585391713	0.65325
0.38633206901234346	0.6535
0.38645902582900343	0.65375
0.3865861287584528	0.654
0.3867133775700028	0.65425
0.3868407720329757	0.6545
0.38696831191670533	0.65475
0.3870959969905373	0.655
0.38722382702383035	0.65525
0.38735180178595696	0.6555
0.387479921046304	0.65575
0.3876081845742735	0.656
0.3877365921392832	0.65625
0.38786514351076734	0.6565
0.387993838458178	0.65675
0.3881226767509846	0.657
0.38825165815867513	0.65725
0.38838078245075774	0.6575
0.38851004939676004	0.65775
0.38863945876623057	0.658
0.3887690103287398	0.65825
0.38889870385387926	0.6585
0.38902853911126406	0.65875
0.38915851587053324	0.659
0.3892886339013489	0.65925
0.38941889297339854	0.6595
0.38954929285639533	0.65975
0.3896798333200783	0.66
0.38981051413421347	0.66025
0.38994133506859396	0.6605
0.3900722958930415	0.66075
0.3902033963774062	0.661
0.39033463629156745	0.66125
0.39046601540543524	0.6615
0.39059753348894943	0.66175
0.3907291903120815	0.662
0.390860985644835	0.66225
0.3909929192572455	0.6625
0.39112499091938213	0.66275
0.3912572004013477	0.663
0.391389547473279	0.66325
0.39152203190534746	0.6635
0.39165465346776107	0.66375
0.3917874119307634	0.664
0.3919203070646339	0.66425
0.39205333863969055	0.6645
0.3921865064262885	0.66475
0.3923198101948216	0.665
0.39245324971572243	0.66525
0.39258682475946305	0.6655
0.39272053509655597	0.66575
0.39285438049755406	0.666
0.39298836073305204	0.66625
0.39312247557368557	0.6665
0.39325672479013285	0.66675
0.3933911081531155	0.667
0.39352562543339803	0.66725
0.3936602764017888	0.6675
0.39379506082914095	0.66775
0.3939299784863524	0.668
0.39406502914436675	0.66825
0.39420021257417354	0.6685
0.39433552854680864	0.66875
0.39447097683335536	0.669
0.39460655720494425	0.66925
0.394742269432754	0.6695
0.39487811328801176	0.66975
0.39501408854199416	0.67
0.39515019496602655	0.67025
0.3952864323314849	0.6705
0.39542280040979566	0.67075
0.3955592989724357	0.671
0.39569592779093415	0.67125
0.3958326866368713	0.6715
0.3959695752818799	0.67175
0.3961065934976461	0.672
0.3962437410559088	0.67225
0.39638101772846074	0.6725
0.39651842328714887	0.67275
0.3966559575038746	0.673
0.39679362015059483	0.67325
0.3969314109993218	0.6735
0.397069329822123	0.67375
0.39720737639112325	0.674
0.3973455504785035	0.67425
0.3974838518565022	0.6745
0.39762228029741553	0.67475
0.3977608355735972	0.675
0.39789951745745955	0.67525
0.39803832572147413	0.6755
0.3981772601381713	0.67575
0.398316320480141	0.676
0.39845550652003353	0.67625
0.3985948180305594	0.6765
0.3987342547844899	0.67675
0.39887381655465753	0.677
0.39901350311395634	0.67725
0.3991533142353421	0.6775
0.3992932496918331	0.67775
0.3994333092565103	0.678
0.3995734927025174	0.67825
0.3997137998030616	0.6785
0.399854230331414	0.67875
0.39999478406090944	0.679
0.4001354607649472	0.67925
0.4002762602169917	0.6795
0.40041718219057193	0.67975
0.4005582264592825	0.68
0.400699392796784	0.68025
0.4008406809768027	0.6805
0.4009820907731313	0.68075
0.4011236219596293	0.681
0.4012652743102233	0.68125
0.4014070475989071	0.6815
0.4015489415997424	0.68175
0.4016909560868581	0.682
0.40183309083445207	0.68225
0.40197534561679066	0.6825
0.40211772020820835	0.68275
0.40226021438310927	0.683
0.4024028279159672	0.68325
0.4025455605813249	0.6835
0.4026884121537952	0.68375
0.4028313824080616	0.684
0.40297447111887763	0.68425
0.40311767806106763	0.6845
0.40326100300952694	0.68475
0.4034044457392223	0.685
0.40354800602519153	0.68525
0.40369168364254465	0.6855
0.40383547836646355	0.68575
0.4039793899722022	0.686
0.40412341823508696	0.68625
0.40426756293051713	0.6865
0.40441182383396485	0.68675
0.40455620072097537	0.687
0.4047006933671673	0.68725
0.4048453015482328	0.6875
0.4049900250399379	0.68775
0.40513486361812273	0.688
0.4052798170587015	0.68825
0.4054248851376628	0.6885
0.40557006763106984	0.68875
0.4057153643150607	0.689
0.40586077496584866	0.68925
0.4060062993597219	0.6895
0.4061519372730438	0.68975
0.40629768848225395	0.69
0.4064435527638671	0.69025
0.40658952989447433	0.6905
0.4067356196507422	0.69075
0.40688182180941396	0.691
0.4070281361473095	0.69125
0.4071745624413245	0.6915
0.40732110046843195	0.69175
0.4074677500056816	0.692
0.4076145108302	0.69225
0.4077613827191913	0.6925
0.40790836544993647	0.69275
0.40805545879979416	0.693
0.4082026625462006	0.69325
0.4083499764666695	0.6935
0.40849740033879256	0.69375
0.4086449339402395	0.694
0.40879257704875804	0.69425
0.40894032944217407	0.6945
0.4090881908983916	0.69475
0.40923616119539313	0.695
0.40938424011124	0.69525
0.40953242742407175	0.6955
0.40968072291210655	0.69575
0.40982912635364177	0.696
0.40997763752705346	0.69625
0.41012625621079646	0.6965
0.41027498218340475	0.69675
0.41042381522349175	0.697
0.4105727551097497	0.69725
0.41072180162095046	0.6975
0.4108709545359448	0.69775
0.4110202136336632	0.698
0.41116957869311577	0.69825
0.4113190494933916	0.6985
0.41146862581365995	0.69875
0.4116183074331694	0.699
0.4117680941312483	0.69925
0.4119179856873051	0.6995
0.41206798188082705	0.69975
0.41221808249138214	0.7
0.41236828729861796	0.70025
0.41251859608226177	0.7005
0.4126690086221209	0.70075
0.41281952469808253	0.701
0.4129701440901139	0.70125
0.41312086657826214	0.7015
0.41327169194265423	0.70175
0.4134226199634975	0.702
0.413573650421079	0.70225
0.41372478309576555	0.7025
0.41387601776800453	0.70275
0.41402735421832276	0.703
0.4141787922273276	0.70325
0.41433033157570603	0.7035
0.41448197204422493	0.70375
0.41463371341373134	0.704
0.4147855554651521	0.70425
0.41493749797949403	0.7045
0.4150895407378436	0.70475
0.41524168352136787	0.705
0.41539392611131265	0.70525
0.41554626828900404	0.7055
0.415698709835848	0.70575
0.41585125053333016	0.706
0.41600389016301553	0.70625
0.41615662850654883	0.7065
0.4163094653456544	0.70675
0.41646240046213606	0.707
0.41661543363787695	0.70725
0.4167685646548396	0.7075
0.416921793295066	0.70775
0.4170751193406771	0.708
0.41722854257387315	0.70825
0.41738206277693335	0.7085
0.41753567973221595	0.70875
0.41768939322215837	0.709
0.41784320302927647	0.70925
0.417997108936165	0.7095
0.41815111072549743	0.70975
0.41830520818002553	0.71
0.4184594010825798	0.71025
0.41861368921606895	0.7105
0.41876807236347996	0.71075
0.4189225503078778	0.711
0.4190771228324056	0.71125
0.4192317897202845	0.7115
0.4193865507548132	0.71175
0.419541405719368	0.712
0.4196963543974031	0.71225
0.41985139657244996	0.7125
0.42000653202811683	0.71275
0.4201617605480898	0.713
0.42031708191613193	0.71325
0.4204724959160825	0.7135
0.4206280023318578	0.71375
0.42078360094745115	0.714
0.4209392915469319	0.71425
0.4210950739144457	0.7145
0.4212509478342143	0.71475
0.4214069130905352	0.715
0.42156296946778227	0.71525
0.4217191167504045	0.7155
0.42187535472292653	0.71575
0.4220316831699482	0.716
0.4221881018761447	0.71625
0.422344610626266	0.7165
0.42250120920513634	0.71675
0.4226578973976553	0.717
0.42281467498879666	0.71725
0.42297154176360796	0.7175
0.4231284975072111	0.71775
0.4232855420048019	0.718
0.42344267504164934	0.71825
0.4235998964030961	0.7185
0.4237572058745581	0.71875
0.42391460324152397	0.719
0.42407208828955556	0.71925
0.4242296608042867	0.7195
0.4243873205714239	0.71975
0.42454506737674597	0.72
0.4247029010061033	0.72025
0.42486082124541763	0.7205
0.42501882788068307	0.72075
0.42517692069796426	0.721
0.4253350994833967	0.72125
0.4254933640231873	0.7215
0.4256517141036129	0.72175
0.42581014951102053	0.722
0.4259686700318275	0.72225
0.42612727545252094	0.7225
0.42628596555965714	0.72275
0.4264447401398617	0.723
0.4266035989798295	0.72325
0.4267625418663239	0.7235
0.4269215685861767	0.72375
0.42708067892628787	0.724
0.42723987267362534	0.72425
0.42739914961522457	0.7245
0.42755850953818864	0.72475
0.42771795222968745	0.725
0.42787747747695765	0.72525
0.42803708506730287	0.7255
0.4281967747880924	0.72575
0.4283565464267616	0.726
0.4285163997708117	0.72625
0.428676334607809	0.7265
0.4288363507253849	0.72675
0.42899644791123576	0.727
0.42915662595312204	0.72725
0.4293168846388684	0.7275
0.4294772237563633	0.72775
0.42963764309355884	0.728
0.4297981424384703	0.72825
0.42995872157917553	0.7285
0.43011938030381525	0.72875
0.4302801184005919	0.729
0.4304409356577703	0.72925
0.4306018318636769	0.7295
0.43076280680669865	0.72975
0.430923860275284	0.73
0.4310849920579415	0.73025
0.43124620194324026	0.7305
0.43140748971980897	0.73075
0.431568855176336	0.731
0.43173029810156877	0.73125
0.4318918182843132	0.7315
0.43205341551343457	0.73175
0.43221508957785487	0.732
0.43237684026655465	0.73225
0.43253866736857194	0.7325
0.43270057067300105	0.73275
0.4328625499689934	0.733
0.4330246050457564	0.73325
0.43318673569255367	0.7335
0.43334894169870386	0.73375
0.43351122285358074	0.734
0.43367357894661307	0.73425
0.43383600976728365	0.7345
0.4339985151051294	0.73475
0.43416109474974074	0.735
0.43432374849076083	0.73525
0.4344864761178861	0.7355
0.43464927742086507	0.73575
0.43481215218949815	0.736
0.43497510021363744	0.73625
0.43513812128318574	0.7365
0.4353012151880973	0.73675
0.43546438171837576	0.737
0.43562762066407495	0.73725
0.4357909318152986	0.7375
0.435954314962199	0.73775
0.4361177698949768	0.738
0.43628129640388114	0.73825
0.4364448942792092	0.7385
0.436608563311305	0.73875
0.43677230329055927	0.739
0.4369361140074097	0.73925
0.4370999952523396	0.7395
0.4372639468158777	0.73975
0.4374279684885982	0.74
0.4375920600611198	0.74025
0.4377562213241051	0.7405
0.4379204520682605	0.74075
0.43808475208433606	0.741
0.4382491211631241	0.74125
0.43841355909545976	0.7415
0.43857806567221985	0.74175
0.43874264068432217	0.742
0.4389072839227263	0.74225
0.43907199517843154	0.7425
0.43923677424247753	0.74275
0.4394016209059432	0.743
0.4395665349599465	0.74325
0.4397315161956445	0.7435
0.4398965644042312	0.74375
0.4400616793769392	0.744
0.44022686090503743	0.74425
0.4403921087798319	0.7445
0.44055742279266447	0.74475
0.44072280273491204	0.745
0.4408882483979878	0.74525
0.44105375957333837	0.7455
0.4412193360524449	0.74575
0.4413849776268219	0.746
0.4415506840880169	0.74625
0.4417164552276101	0.7465
0.44188229083721364	0.74675
0.4420481907084709	0.747
0.4422141546330562	0.74725
0.4423801824026749	0.7475
0.4425462738090614	0.74775
0.4427124286439798	0.748
0.44287864669922294	0.74825
0.44304492776661225	0.7485
0.4432112716379964	0.74875
0.4433776781052513	0.749
0.44354414696027994	0.74925
0.443710677995011	0.7495
0.4438772710013988	0.74975
0.44404392577142276	0.75
0.4442106420970865	0.75025
0.44437741977041795	0.7505
0.4445442585834677	0.75075
0.44471115832830965	0.751
0.44487811879703965	0.75125
0.445045139781775	0.7515
0.44521222107465463	0.75175
0.4453793624678373	0.752
0.44554656375350193	0.75225
0.4457138247238466	0.7525
0.4458811451710884	0.75275
0.4460485248874625	0.753
0.44621596366522115	0.75325
0.4463834612966344	0.7535
0.4465510175739883	0.75375
0.4467186322895841	0.754
0.44688630523573925	0.75425
0.44705403620478495	0.7545
0.44722182498906693	0.75475
0.4473896713809443	0.755
0.4475575751727883	0.75525
0.44772553615698313	0.7555
0.44789355412592413	0.75575
0.44806162887201734	0.756
0.4482297601876798	0.75625
0.4483979478653379	0.7565
0.4485661916974268	0.75675
0.4487344914763905	0.757
0.44890284699468075	0.75725
0.4490712580447563	0.7575
0.4492397244190828	0.75775
0.4494082459101318	0.758
0.44957682231037954	0.75825
0.4497454534123076	0.7585
0.4499141390084015	0.75875
0.4500828788911496	0.759
0.4502516728530433	0.75925
0.4504205206865763	0.7595
0.45058942218424347	0.75975
0.45075837713854033	0.76
0.4509273853419627	0.76025
0.4510964465870056	0.7605
0.451265560666163	0.76075
0.451434727371927	0.761
0.45160394649678726	0.76125
0.45177321783322977	0.7615
0.45194254117373694	0.76175
0.45211191631078645	0.762
0.45228134303685086	0.76225
0.452450821144397	0.7625
0.45262035042588444	0.76275
0.4527899306737661	0.763
0.45295956168048657	0.76325
0.4531292432384814	0.7635
0.45329897514017764	0.76375
0.4534687571779917	0.764
0.45363858914432914	0.76425
0.45380847083158443	0.7645
0.4539784020321396	0.76475
0.4541483825383636	0.765
0.45431841214261215	0.76525
0.45448849063722685	0.7655
0.4546586178145334	0.76575
0.45482879346684274	0.766
0.4549990173864489	0.76625
0.4551692893656285	0.7665
0.4553396091966412	0.76675
0.4555099766717271	0.767
0.4556803915831069	0.76725
0.45585085372298206	0.7675
0.4560213628835326	0.76775
0.4561919188569171	0.768
0.4563625214352721	0.76825
0.45653317041071045	0.7685
0.45670386557532205	0.76875
0.4568746067211719	0.769
0.45704539364029945	0.76925
0.45721622612471885	0.7695
0.45738710396641696	0.76975
0.45755802695735304	0.77
0.4577289948894584	0.77025
0.4579000075546351	0.7705
0.45807106474475523	0.77075
0.4582421662516609	0.771
0.4584133118671623	0.77125
0.4585845013830376	0.7715
0.45875573459103247	0.77175
0.45892701128285845	0.772
0.45909833125019267	0.77225
0.4592696942846775	0.7725
0.4594411001779188	0.77275
0.45961254872148577	0.773
0.4597840397069102	0.77325
0.45995557292568523	0.7735
0.4601271481692654	0.77375
0.46029876522906443	0.774
0.46047042389645604	0.77425
0.4606421239627718	0.7745
0.4608138652193014	0.77475
0.4609856474572913	0.775
0.4611574704679435	0.77525
0.46132933404241555	0.7755
0.46150123797181974	0.77575
0.4616731820472214	0.776
0.4618451660596389	0.77625
0.46201718980004225	0.7765
0.46218925305935293	0.77675
0.46236135562844266	0.777
0.4625334972981322	0.77725
0.46270567785919153	0.7775
0.46287789710233834	0.77775
0.4630501548182367	0.778
0.4632224507974973	0.77825
0.46339478483067625	0.7785
0.4635671567082737	0.77875
0.4637395662207334	0.779
0.4639120131584422	0.77925
0.46408449731172885	0.7795
0.4642570184708625	0.77975
0.4644295764260527	0.78
0.4646021709674492	0.78025
0.464774801885139	0.7805
0.4649474689691474	0.78075
0.4651201720094361	0.781
0.4652929107959028	0.78125
0.4654656851183805	0.7815
0.4656384947666358	0.78175
0.46581133953036863	0.782
0.46598421919921124	0.78225
0.46615713356272803	0.7825
0.4663300824104129	0.78275
0.4665030655316901	0.783
0.4666760827159128	0.78325
0.4668491337523617	0.7835
0.46702221843024494	0.78375
0.46719533653869644	0.784
0.4673684878667751	0.78425
0.4675416722034652	0.7845
0.4677148893376733	0.78475
0.467888139058229	0.785
0.4680614211538838	0.78525
0.46823473541330896	0.7855
0.4684080816250965	0.78575
0.4685814595777568	0.786
0.4687548690597182	0.78625
0.4689283098593262	0.7865
0.4691017817648425	0.78675
0.4692752845644436	0.787
0.4694488180462205	0.78725
0.4696223819981773	0.7875
0.46979597620823066	0.78775
0.469969600464209	0.788
0.47014325455385053	0.78825
0.4703169382648031	0.7885
0.47049065138462376	0.78875
0.47066439370077673	0.789
0.47083816500063297	0.78925
0.47101196507146925	0.7895
0.47118579370046704	0.78975
0.47135965067471214	0.79
0.47153353578119245	0.79025
0.47170744880679816	0.7905
0.4718813895383206	0.79075
0.47205535776245083	0.791
0.4722293532657789	0.79125
0.4724033758347929	0.7915
0.47257742525587804	0.79175
0.47275150131531574	0.792
0.4729256037992822	0.79225
0.4730997324938477	0.7925
0.4732738871849761	0.79275
0.47344806765852293	0.793
0.473622273700235	0.79325
0.47379650509574955	0.7935
0.4739707616305924	0.79375
0.47414504309017813	0.794
0.47431934925980795	0.79425
0.47449367992466956	0.7945
0.47466803486983544	0.79475
0.47484241388026244	0.795
0.47501681674079066	0.79525
0.4751912432361419	0.7955
0.47536569315091953	0.79575
0.47554016626960627	0.796
0.4757146623765645	0.79625
0.4758891812560345	0.7965
0.4760637226921334	0.79675
0.47623828646885386	0.797
0.47641287237006424	0.79725
0.47658748017950636	0.7975
0.47676210968079463	0.79775
0.4769367606574161	0.798
0.47711143289272745	0.79825
0.47728612616995586	0.7985
0.47746084027219704	0.79875
0.47763557498241366	0.799
0.47781033008343593	0.79925
0.47798510535795874	0.7995
0.47815990058854174	0.79975
0.4783347155576084	0.8
0.47850955004744344	0.80025
0.4786844038401933	0.8005
0.47885927671786505	0.80075
0.4790341684623242	0.801
0.47920907885529435	0.80125
0.4793840076783563	0.8015
0.4795589547129471	0.80175
0.47973391974035745	0.802
0.479908902541732	0.80225
0.48008390289806896	0.8025
0.48025892059021713	0.80275
0.48043395539887596	0.803
0.48060900710459387	0.80325
0.4807840754877682	0.8035
0.4809591603286428	0.80375
0.4811342614073076	0.804
0.4813093785036977	0.80425
0.48148451139759163	0.8045
0.4816596598686106	0.80475
0.4818348236962178	0.805
0.48201000265971644	0.80525
0.48218519653824876	0.8055
0.482360405110796	0.80575
0.4825356281561758	0.806
0.4827108654530419	0.80625
0.48288611677988286	0.8065
0.4830613819150206	0.80675
0.4832366606366101	0.807
0.48341195272263726	0.80725
0.4835872579509185	0.8075
0.4837625760990991	0.80775
0.48393790694465266	0.808
0.48411325026487906	0.80825
0.4842886058369038	0.8085
0.4844639734376775	0.80875
0.48463935284397336	0.809
0.4848147438323872	0.80925
0.48499014617933583	0.8095
0.48516555966105546	0.80975
0.4853409840536014	0.81
0.48551641913284616	0.81025
0.48569186467447856	0.8105
0.4858673204540028	0.81075
0.4860427862467367	0.811
0.48621826182781114	0.81125
0.48639374697216836	0.8115
0.48656924145456076	0.81175
0.4867447450495506	0.812
0.4869202575315074	0.81225
0.48709577867460796	0.8125
0.48727130825283455	0.81275
0.48744684603997357	0.813
0.48762239180961525	0.81325
0.4877979453351512	0.8135
0.48797350638977355	0.81375
0.4881490747464749	0.814
0.48832465017804544	0.81425
0.48850023245707297	0.8145
0.4886758213559409	0.81475
0.488851416646827	0.815
0.4890270181017031	0.81525
0.4892026254923329	0.8155
0.48937823859027113	0.81575
0.48955385716686245	0.816
0.48972948099323965	0.81625
0.489905109840323	0.8165
0.4900807434788186	0.81675
0.49025638167921765	0.817
0.4904320242117946	0.81725
0.49060767084660634	0.8175
0.4907833213534906	0.81775
0.4909589755020651	0.818
0.49113463306172556	0.81825
0.4913102938016454	0.8185
0.491485957490774	0.81875
0.4916616238978351	0.819
0.49183729279132615	0.81925
0.49201296393951677	0.8195
0.4921886371104469	0.81975
0.4923643120719269	0.82
0.4925399885915348	0.82025
0.4927156664366159	0.8205
0.49289134537428125	0.82075
0.4930670251714059	0.821
0.4932427055946291	0.82125
0.4934183864103508	0.8215
0.4935940673847318	0.82175
0.493769748283693	0.822
0.49394542887291165	0.82225
0.494121108917823	0.8225
0.49429678818361733	0.82275
0.4944724664352382	0.823
0.4946481434373829	0.82325
0.49482381895449945	0.8235
0.4949994927507858	0.82375
0.49517516459018907	0.824
0.4953508342364037	0.82425
0.4955265014528698	0.8245
0.4957021660027728	0.82475
0.4958778276490408	0.825
0.49605348615434475	0.82525
0.49622914128109585	0.8255
0.4964047927914445	0.82575
0.49658044044727995	0.826
0.49675608401022714	0.82625
0.49693172324164675	0.8265
0.49710735790263366	0.82675
0.49728298775401486	0.827
0.4974586125563493	0.82725
0.4976342320699251	0.8275
0.497809846054759	0.82775
0.4979854542705954	0.828
0.49816105647690406	0.82825
0.49833665243287933	0.8285
0.49851224189743826	0.82875
0.49868782462922	0.829
0.49886340038658356	0.82925
0.4990389689276072	0.8295
0.4992145300100864	0.82975
0.49939008339153285	0.83
0.4995656288291727	0.83025
0.4997411660799461	0.8305
0.4999166949005045	0.83075
0.5000922150472094	0.831
0.5002677262761326	0.83125
0.500443228343053	0.8315
0.5006187210034553	0.83175
0.5007942040125298	0.832
0.5009696771251702	0.83225
0.5011451400959719	0.8325
0.5013205926792309	0.83275
0.5014960346289424	0.833
0.5016714656987998	0.83325
0.5018468856421926	0.8335
0.5020222942122045	0.83375
0.5021976911616137	0.834
0.5023730762428905	0.83425
0.5025484492081943	0.8345
0.5027238098093754	0.83475
0.5028991577979706	0.835
0.5030744929252036	0.83525
0.5032498149419825	0.8355
0.5034251235988989	0.83575
0.5036004186462268	0.836
0.5037756998339196	0.83625
0.5039509669116101	0.8365
0.5041262196286092	0.83675
0.5043014577339029	0.837
0.5044766809761524	0.83725
0.5046518891036915	0.8375
0.5048270818645261	0.83775
0.5050022590063319	0.838
0.5051774202764533	0.83825
0.505352565421902	0.8385
0.5055276941893552	0.83875
0.5057028063251546	0.839
0.5058779015753043	0.83925
0.5060529796854694	0.8395
0.506228040400975	0.83975
0.506403083466805	0.84
0.5065781086275988	0.84025
0.5067531156276517	0.8405
0.5069281042109128	0.84075
0.5071030741209829	0.841
0.5072780251011139	0.84125
0.5074529568942067	0.8415
0.5076278692428097	0.84175
0.5078027618891175	0.842
0.5079776345749696	0.84225
0.508152487041848	0.8425
0.5083273190308767	0.84275
0.5085021302828192	0.843
0.508676920538078	0.84325
0.5088516895366925	0.8435
0.509026437018337	0.84375
0.5092011627223202	0.844
0.5093758663875828	0.84425
0.5095505477526961	0.8445
0.509725206555861	0.84475
0.509899842534906	0.845
0.5100744554272854	0.84525
0.5102490449700785	0.8455
0.510423610899987	0.84575
0.5105981529533343	0.846
0.5107726708660644	0.84625
0.5109471643737382	0.8465
0.5111216332115343	0.84675
0.5112960771142462	0.847
0.511470495816281	0.84725
0.5116448890516577	0.8475
0.5118192565540058	0.84775
0.5119935980565637	0.848
0.5121679132921769	0.84825
0.5123422019932969	0.8485
0.5125164638919787	0.84875
0.5126906987198802	0.849
0.5128649062082604	0.84925
0.5130390860879772	0.8495
0.5132132380894863	0.84975
0.5133873619428393	0.85
0.5135614573776829	0.85025
0.5137355241232563	0.8505
0.5139095619083895	0.85075
0.5140835704615033	0.851
0.5142575495106056	0.85125
0.5144314987832912	0.8515
0.5146054180067396	0.85175
0.5147793069077136	0.852
0.5149531652125572	0.85225
0.515126992647195	0.8525
0.5153007889371293	0.85275
0.5154745538074396	0.853
0.5156482869827802	0.85325
0.5158219881873787	0.8535
0.5159956571450353	0.85375
0.5161692935791194	0.854
0.5163428972125694	0.85425
0.5165164677678908	0.8545
0.5166900049671538	0.85475
0.5168635085319925	0.855
0.5170369781836027	0.85525
0.5172104136427408	0.8555
0.5173838146297223	0.85575
0.5175571808644184	0.856
0.5177305120662566	0.85625
0.5179038079542182	0.8565
0.5180770682468361	0.85675
0.5182502926621932	0.857
0.5184234809179218	0.85725
0.5185966327312012	0.8575
0.5187697478187555	0.85775
0.5189428258968528	0.858
0.5191158666813034	0.85825
0.5192888698874576	0.8585
0.5194618352302045	0.85875
0.5196347624239701	0.859
0.5198076511827157	0.85925
0.5199805012199363	0.8595
0.5201533122486591	0.85975
0.5203260839814411	0.86
0.5204988161303679	0.86025
0.5206715084070522	0.8605
0.5208441605226317	0.86075
0.5210167721877678	0.861
0.5211893431126432	0.86125
0.5213618730069614	0.8615
0.5215343615799438	0.86175
0.5217068085403286	0.862
0.5218792135963692	0.86225
0.5220515764558319	0.8625
0.5222238968259949	0.86275
0.5223961744136459	0.863
0.5225684089250813	0.86325
0.5227406000661037	0.8635
0.5229127475420204	0.86375
0.5230848510576419	0.864
0.5232569103172796	0.86425
0.523428925024745	0.8645
0.5236008948833475	0.86475
0.5237728195958923	0.865
0.523944698864679	0.86525
0.5241165323915004	0.8655
0.5242883198776399	0.86575
0.5244600610238707	0.866
0.5246317555304529	0.86625
0.5248034030971326	0.8665
0.5249750034231401	0.86675
0.5251465562071882	0.867
0.5253180611474704	0.86725
0.5254895179416587	0.8675
0.5256609262869025	0.86775
0.5258322858798268	0.868
0.52600359641653	0.86825
0.5261748575925828	0.8685
0.5263460691030256	0.86875
0.5265172306423682	0.869
0.5266883419045859	0.86925
0.5268594025831201	0.8695
0.5270304123708751	0.86975
0.5272013709602165	0.87
0.5273722780429698	0.87025
0.5275431333104189	0.8705
0.5277139364533038	0.87075
0.5278846871618185	0.871
0.5280553851256107	0.87125
0.5282260300337783	0.8715
0.5283966215748691	0.87175
0.5285671594368786	0.872
0.5287376433072475	0.87225
0.5289080728728606	0.8725
0.5290784478200456	0.87275
0.5292487678345702	0.873
0.529419032601641	0.87325
0.5295892418059022	0.8735
0.5297593951314323	0.87375
0.5299294922617441	0.874
0.530099532879782	0.87425
0.5302695166679204	0.8745
0.5304394433079619	0.87475
0.5306093124811359	0.875
0.530779123868096	0.87525
0.5309488771489196	0.8755
0.5311185720031046	0.87575
0.5312882081095689	0.876
0.5314577851466481	0.87625
0.5316273027920934	0.8765
0.5317967607230708	0.87675
0.5319661586161583	0.877
0.5321354961473446	0.87725
0.5323047729920279	0.8775
0.5324739888250135	0.87775
0.5326431433205113	0.878
0.5328122361521359	0.87825
0.5329812669929034	0.8785
0.5331502355152301	0.87875
0.5333191413909311	0.879
0.5334879842912175	0.87925
0.5336567638866957	0.8795
0.5338254798473652	0.87975
0.5339941318426172	0.88
0.5341627195412323	0.88025
0.5343312426113789	0.8805
0.5344997007206117	0.88075
0.53466809353587	0.881
0.5348364207234751	0.88125
0.53500468194913	0.8815
0.5351728768779166	0.88175
0.5353410051742941	0.882
0.5355090665020972	0.88225
0.5356770605245347	0.8825
0.5358449869041876	0.88275
0.5360128453030076	0.883
0.5361806353823145	0.88325
0.5363483568027952	0.8835
0.5365160092245022	0.88375
0.5366835923068513	0.884
0.5368511057086195	0.88425
0.5370185490879443	0.8845
0.5371859221023217	0.88475
0.5373532244086034	0.885
0.5375204556629967	0.88525
0.5376876155210614	0.8855
0.5378547036377089	0.88575
0.5380217196671998	0.886
0.5381886632631431	0.88625
0.5383555340784937	0.8865
0.5385223317655509	0.88675
0.5386890559759565	0.887
0.5388557063606938	0.88725
0.5390222825700849	0.8875
0.5391887842537895	0.88775
0.5393552110608034	0.888
0.5395215626394563	0.88825
0.5396878386374101	0.8885
0.5398540387016578	0.88875
0.5400201624785215	0.889
0.5401862096136497	0.88925
0.5403521797520175	0.8895
0.5405180725379238	0.88975
0.5406838876149892	0.89
0.5408496246261547	0.89025
0.5410152832136806	0.8905
0.5411808630191446	0.89075
0.5413463636834388	0.891
0.5415117848467704	0.89125
0.5416771261486576	0.8915
0.5418423872279292	0.89175
0.5420075677227236	0.892
0.5421726672704852	0.89225
0.542337685507964	0.8925
0.5425026220712145	0.89275
0.5426674765955926	0.893
0.5428322487157544	0.89325
0.5429969380656556	0.8935
0.5431615442785487	0.89375
0.5433260669869812	0.894
0.543490505822795	0.89425
0.5436548604171243	0.8945
0.5438191304003931	0.89475
0.5439833154023155	0.895
0.5441474150518917	0.89525
0.5443114289774081	0.8955
0.5444753568064359	0.89575
0.5446391981658274	0.896
0.5448029526817167	0.89625
0.544966619979517	0.8965
0.5451301996839187	0.89675
0.5452936914188887	0.897
0.5454570948076684	0.89725
0.5456204094727717	0.8975
0.5457836350359838	0.89775
0.5459467711183602	0.898
0.5461098173402238	0.89825
0.5462727733211646	0.8985
0.5464356386800374	0.89875
0.5465984130349603	0.899
0.5467610960033131	0.89925
0.5469236872017368	0.8995
0.5470861862461309	0.89975
0.5472485927516512	0.9
0.5474109063327103	0.90025
0.5475731266029752	0.9005
0.5477352531753644	0.90075
0.5478972856620486	0.901
0.548059223674448	0.90125
0.5482210668232307	0.9015
0.5483828147183114	0.90175
0.5485444669688508	0.902
0.5487060231832522	0.90225
0.5488674829691614	0.9025
0.5490288459334662	0.90275
0.5491901116822919	0.903
0.5493512798210024	0.90325
0.5495123499541986	0.9035
0.5496733216857151	0.90375
0.549834194618621	0.904
0.5499949683552177	0.90425
0.5501556424970355	0.9045
0.550316216644836	0.90475
0.550476690398608	0.905
0.5506370633575661	0.90525
0.5507973351201504	0.9055
0.5509575052840248	0.90575
0.5511175734460753	0.906
0.5512775392024087	0.90625
0.5514374021483518	0.9065
0.5515971618784492	0.90675
0.5517568179864621	0.907
0.5519163700653678	0.90725
0.5520758177073576	0.9075
0.5522351605038356	0.90775
0.5523943980454173	0.908
0.5525535299219286	0.90825
0.5527125557224047	0.9085
0.5528714750350882	0.90875
0.5530302874474274	0.909
0.5531889925460769	0.90925
0.5533475899168947	0.9095
0.5535060791449413	0.90975
0.5536644598144784	0.91
0.5538227315089681	0.91025
0.5539808938110721	0.9105
0.5541389463026486	0.91075
0.5542968885647528	0.911
0.554454720177636	0.91125
0.5546124407207423	0.9115
0.5547700497727102	0.91175
0.5549275469113689	0.912
0.5550849317137387	0.91225
0.5552422037560297	0.9125
0.5553993626136399	0.91275
0.5555564078611549	0.913
0.5557133390723465	0.91325
0.5558701558201721	0.9135
0.5560268576767718	0.91375
0.5561834442134699	0.914
0.5563399150007722	0.91425
0.5564962696083648	0.9145
0.5566525076051149	0.91475
0.556808628559067	0.915
0.5569646320374443	0.91525
0.5571205176066462	0.9155
0.5572762848322486	0.91575
0.5574319332790019	0.916
0.5575874625108296	0.91625
0.5577428720908292	0.9165
0.5578981615812697	0.91675
0.558053330543591	0.917
0.558208378538403	0.91725
0.5583633051254857	0.9175
0.5585181098637866	0.91775
0.5586727923114208	0.918
0.55882735202567	0.91825
0.5589817885629818	0.9185
0.5591361014789692	0.91875
0.5592902903284079	0.919
0.5594443546652386	0.91925
0.5595982940425636	0.9195
0.5597521080126471	0.91975
0.5599057961269146	0.92
0.5600593579359515	0.92025
0.5602127929895028	0.9205
0.5603661008364723	0.92075
0.5605192810249229	0.921
0.560672333102073	0.92125
0.5608252566142993	0.9215
0.5609780511071345	0.92175
0.561130716125266	0.922
0.5612832512125369	0.92225
0.5614356559119442	0.9225
0.5615879297656385	0.92275
0.5617400723149238	0.923
0.561892083100257	0.92325
0.5620439616612459	0.9235
0.5621957075366506	0.92375
0.5623473202643824	0.924
0.5624987993815027	0.92425
0.5626501444242232	0.9245
0.5628013549279048	0.92475
0.5629524304270583	0.925
0.5631033704553428	0.92525
0.5632541745455657	0.9255
0.5634048422296825	0.92575
0.5635553730387961	0.926
0.5637057665031575	0.92625
0.5638560221521639	0.9265
0.5640061395143594	0.92675
0.5641561181174343	0.927
0.5643059574882255	0.92725
0.5644556571527154	0.9275
0.5646052166360324	0.92775
0.5647546354624496	0.928
0.564903913155386	0.92825
0.5650530492374057	0.9285
0.5652020432302174	0.92875
0.565350894654675	0.929
0.5654996030307771	0.92925
0.5656481678776663	0.9295
0.5657965887136308	0.92975
0.5659448650561025	0.93
0.5660929964216583	0.93025
0.5662409823260192	0.9305
0.5663888222840509	0.93075
0.5665365158097644	0.931
0.5666840624163142	0.93125
0.5668314616160005	0.9315
0.5669787129202675	0.93175
0.5671258158397049	0.932
0.567272769884048	0.93225
0.5674195745621762	0.9325
0.5675662293821155	0.93275
0.5677127338510377	0.933
0.5678590874752594	0.93325
0.568005289760245	0.9335
0.5681513402106049	0.93375
0.5682972383300954	0.934
0.5684429836216222	0.93425
0.5685885755872363	0.9345
0.5687340137281385	0.93475
0.5688792975446778	0.935
0.5690244265363505	0.93525
0.5691694002018044	0.9355
0.5693142180388364	0.93575
0.5694588795443926	0.936
0.5696033842145715	0.93625
0.5697477315446229	0.9365
0.569891921028948	0.93675
0.5700359521611014	0.937
0.570179824433791	0.93725
0.5703235373388784	0.9375
0.5704670903673801	0.93775
0.5706104830094689	0.938
0.5707537147544727	0.93825
0.5708967850908767	0.9385
0.5710396935063246	0.93875
0.5711824394876183	0.939
0.5713250225207198	0.93925
0.571467442090751	0.9395
0.5716096976819955	0.93975
0.5717517887778996	0.94
0.5718937148610721	0.94025
0.5720354754132875	0.9405
0.5721770699154843	0.94075
0.5723184978477687	0.941
0.5724597586894141	0.94125
0.572600851918863	0.9415
0.5727417770137271	0.94175
0.5728825334507893	0.942
0.573023120706006	0.94225
0.5731635382545059	0.9425
0.5733037855705932	0.94275
0.5734438621277486	0.943
0.5735837673986297	0.94325
0.5737235008550735	0.9435
0.5738630619680978	0.94375
0.5740024502079015	0.944
0.5741416650438669	0.94425
0.5742807059445616	0.9445
0.5744195723777394	0.94475
0.574558263810342	0.945
0.5746967797085006	0.94525
0.5748351195375375	0.9455
0.5749732827619687	0.94575
0.5751112688455038	0.946
0.5752490772510491	0.94625
0.5753867074407097	0.9465
0.5755241588757898	0.94675
0.5756614310167955	0.947
0.5757985233234373	0.94725
0.5759354352546304	0.9475
0.5760721662684988	0.94775
0.5762087158223749	0.948
0.5763450833728028	0.94825
0.5764812683755411	0.9485
0.5766172702855635	0.94875
0.5767530885570619	0.949
0.5768887226434477	0.94925
0.5770241719973558	0.9495
0.5771594360706447	0.94975
0.5772945143143994	0.95
0.577429406178935	0.95025
0.5775641111137979	0.9505
0.5776986285677673	0.95075
0.5778329579888606	0.951
0.5779670988243323	0.95125
0.5781010505206788	0.9515
0.5782348125236414	0.95175
0.5783683842782062	0.952
0.5785017652286093	0.95225
0.5786349548183383	0.9525
0.5787679524901356	0.95275
0.5789007576860004	0.953
0.5790333698471923	0.95325
0.5791657884142335	0.9535
0.5792980128269117	0.95375
0.5794300425242837	0.954
0.5795618769446775	0.95425
0.5796935155256959	0.9545
0.5798249577042186	0.95475
0.5799562029164068	0.955
0.5800872505977052	0.95525
0.5802181001828457	0.9555
0.5803487511058496	0.95575
0.580479202800032	0.956
0.580609454698005	0.95625
0.5807395062316795	0.9565
0.5808693568322716	0.95675
0.580999005930303	0.957
0.5811284529556049	0.95725
0.5812576973373238	0.9575
0.5813867385039225	0.95775
0.5815155758831855	0.958
0.5816442089022205	0.95825
0.5817726369874641	0.9585
0.5819008595646851	0.95875
0.5820288760589872	0.959
0.5821566858948146	0.95925
0.5822842884959535	0.9595
0.5824116832855383	0.95975
0.5825388696860541	0.96
0.5826658471193411	0.96025
0.5827926150065995	0.9605
0.5829191727683917	0.96075
0.5830455198246479	0.961
0.5831716555946703	0.96125
0.5832975794971361	0.9615
0.5834232909501035	0.96175
0.5835487893710143	0.962
0.5836740741766996	0.96225
0.5837991447833835	0.9625
0.583924000606687	0.96275
0.584048641061635	0.963
0.5841730655626576	0.96325
0.5842972735235961	0.9635
0.5844212643577092	0.96375
0.5845450374776746	0.964
0.5846685922955962	0.96425
0.5847919282230087	0.9645
0.5849150446708805	0.96475
0.585037941049621	0.965
0.5851606167690838	0.96525
0.5852830712385728	0.9655
0.5854053038668471	0.96575
0.585527314062125	0.966
0.5856491012320906	0.96625
0.5857706647838978	0.9665
0.5858920041241772	0.96675
0.5860131186590394	0.967
0.5861340077940814	0.96725
0.5862546709343921	0.9675
0.5863751074845568	0.96775
0.5864953168486645	0.968
0.5866152984303118	0.96825
0.5867350516326086	0.9685
0.5868545758581847	0.96875
0.5869738705091955	0.969
0.5870929349873264	0.96925
0.5872117686937999	0.9695
0.5873303710293811	0.96975
0.5874487413943832	0.97
0.5875668791886742	0.97025
0.5876847838116825	0.9705
0.5878024546624031	0.97075
0.5879198911394032	0.971
0.5880370926408294	0.97125
0.5881540585644128	0.9715
0.5882707883074765	0.97175
0.5883872812669407	0.972
0.5885035368393297	0.97225
0.5886195544207787	0.9725
0.5887353334070399	0.97275
0.5888508731934886	0.973
0.5889661731751309	0.97325
0.589081232746609	0.9735
0.589196051302209	0.97375
0.5893106282358678	0.974
0.5894249629411783	0.97425
0.5895390548113989	0.9745
0.5896529032394578	0.97475
0.5897665076179609	0.975
0.5898798673392007	0.97525
0.58999298179516	0.9755
0.5901058503775217	0.97575
0.5902184724776752	0.976
0.5903308474867229	0.97625
0.5904429747954892	0.9765
0.590554853794526	0.97675
0.590666483874121	0.977
0.5907778644243059	0.97725
0.5908889948348627	0.9775
0.5909998744953318	0.97775
0.5911105027950194	0.978
0.5912208791230064	0.97825
0.5913310028681542	0.9785
0.591440873419114	0.97875
0.591550490164334	0.979
0.5916598524920675	0.97925
0.5917689597903815	0.9795
0.5918778114471629	0.97975
0.5919864068501288	0.98
0.5920947453868336	0.98025
0.5922028264446766	0.9805
0.5923106494109115	0.98075
0.5924182136726538	0.981
0.59252551861689	0.98125
0.5926325636304848	0.9815
0.5927393481001911	0.98175
0.5928458714126573	0.982
0.5929521329544358	0.98225
0.5930581321119935	0.9825
0.593163868271718	0.98275
0.5932693408199279	0.983
0.5933745491428816	0.98325
0.5934794926267852	0.9835
0.5935841706578024	0.98375
0.5936885826220635	0.984
0.5937927279056733	0.98425
0.5938966058947212	0.9845
0.5940002159752906	0.98475
0.594103557533467	0.985
0.594206629955348	0.98525
0.5943094326270534	0.9855
0.5944119649347315	0.98575
0.5945142262645724	0.986
0.594616216002816	0.98625
0.5947179335357597	0.9865
0.5948193782497707	0.98675
0.5949205495312948	0.987
0.5950214467668643	0.98725
0.5951220693431107	0.9875
0.5952224166467728	0.98775
0.5953224880647054	0.988
0.5954222829838931	0.98825
0.5955218007914556	0.9885
0.5956210408746611	0.98875
0.595720002620935	0.989
0.5958186854178694	0.98925
0.5959170886532357	0.9895
0.596015212921388	0.98975
0.5961130597194387	0.99
0.5962106305226764	0.99025
0.5963079267849483	0.9905
0.5964049499390344	0.99075
0.5965017013970123	0.991
0.5965981825506126	0.99125
0.5966943947715658	0.9915
0.5967903394119419	0.99175
0.5968860178044804	0.992
0.5969814312629135	0.99225
0.5970765810822809	0.9925
0.5971714685392382	0.99275
0.5972660948923568	0.993
0.5973604613824175	0.99325
0.5974545692326968	0.9935
0.5975484196492471	0.99375
0.5976420138211701	0.994
0.5977353529208835	0.99425
0.597828438104382	0.9945
0.5979212705114922	0.99475
0.5980138512661219	0.995
0.5981061814765029	0.99525
0.5981982622354287	0.9955
0.5982900946204875	0.99575
0.5983816796942889	0.996
0.5984730185046856	0.99625
0.5985641120849903	0.9965
0.5986549614541883	0.99675
0.5987455676171444	0.997
0.598835931564805	0.99725
0.5989260542743967	0.9975
0.59901593670962	0.99775
0.5991055798208378	0.998
0.5991949845452611	0.99825
0.5992841518071299	0.9985
0.5993730825178897	0.99875
0.5994617775763642	0.999
0.5995502378689261	0.99925
0.5996384642696553	0.9995
0.5997264576405289	0.99975
0.5997264576405289	1.0
