theta	torque1_before	torque2_before	torque1_after	torque2_after
0.0	45.25376804088688	-0.007515631993811667	130.37746473561964	-260.407114978551
0.00025000000000000006	44.78699776107169	-0.00810108911343832	512.8620217988937	-1021.8940918530284
0.0005000000000000001	44.298289998836964	0.0024716801427757673	231.34497677859073	-457.22844246913064
0.00075	43.83131140444864	-0.0003964101464077885	200.12127814230038	-393.39911103417853
0.0010000000000000002	43.36687475386836	0.0003552998348652636	182.2354154623309	-356.41226871876484
0.00125	42.91189885243408	0.00015322548981089312	170.19650977043008	-331.231208531047
0.0015	42.463821939627806	0.0002039115448155826	161.37676231226777	-312.5722214836387
0.00175	42.02327092194406	0.00018775823613736975	154.57281621522574	-298.0109849565522
0.0020000000000000005	41.589853568450394	0.00018933524876274532	149.13421421569734	-286.2348467808179
0.00225	41.163499691299066	0.0001862549435998062	144.67355952787864	-276.4605550786941
0.0025	40.74404567062757	0.00018444557446173349	140.94257853949904	-268.1852372167863
0.0027500000000000003	40.33136026184245	0.00018233287343605298	137.77350227409747	-261.0684444022281
0.003	39.92530689160674	0.00018033785045190598	135.04811596581115	-254.86983641148194
0.0032500000000000003	39.52575486559512	0.0001783436204334521	132.68029731404124	-249.4139843238465
0.0035	39.132575630996655	0.00017638518087892407	130.60556102709018	-244.56927848932702
0.00375	38.745644097092054	0.0001744489392478954	128.77450519173755	-240.2346944601145
0.004000000000000001	38.36483796752208	0.0001725400080943018	127.1485413211076	-236.33116273918387
0.0042499999999999994	37.990037711346645	0.00017065573464947192	125.69702040708347	-232.7957544819792
0.0045	37.62112684524067	0.00016879737216868307	124.39524422658667	-229.5776541942911
0.00475	37.25799133458011	0.0001669620724271681	123.2230554630575	-226.63530213011774
0.005	36.90051995732449	0.00016515181212639618	122.16381714834287	-223.93432349517758
0.00525	36.5486040111993	0.0001633654164265863	121.20365985066809	-221.44599964063377
0.0055000000000000005	36.20213712392062	0.00016160113483465466	120.33091732832023	-219.1461208619319
0.00575	35.861015738505074	0.00015986180557092666	119.53569707700971	-217.0141122759914
0.006	35.525138332888346	0.00015814251744927788	118.80954907037768	-215.03235937092035
0.00625	35.19440568837315	0.00015644781771584348	118.14520729112027	-213.1856808673573
0.006500000000000001	34.86872105284277	0.0001547735382416704	117.53638578924618	-211.46091236384513
0.00675	34.547989782406475	0.00015312150034674232	116.97761614690333	-209.84657438442812
0.007	34.232119160920334	0.00015148982990353943	116.46411660918105	-208.33260480481985
0.0072499999999999995	33.92101879804186	0.00014987990982717747	115.99168613593213	-206.9101417141893
0.0075	33.61460022449269	0.0001482900621567751	115.55661759257595	-205.57134567760312
0.00775	33.312776905274504	0.0001467207455903008	115.15562639928007	-204.3092533198119
0.008000000000000002	33.01546430976421	0.00014517036095185176	114.78579137304007	-203.11765575600174
0.00825	32.72257958269746	0.00014364081849294053	114.44450519056063	-201.99099691488033
0.008499999999999999	32.43404193231366	0.00014212960968507105	114.1294331173005	-200.92428833845133
0.00875	32.14977218199151	0.00014063825170751443	113.83847795660502	-199.91303718807765
0.009	31.869692996945545	0.00013916450848228124	113.56975047439565	-198.95318508106902
0.009250000000000001	31.593728507564194	0.00013770963127512914	113.32154405435134	-198.0410559547825
0.0095	31.321804665414675	0.0001362737426404692	113.0923130280151	-197.17331104846136
0.00975	31.053849183794554	0.00013485421004588716	112.88065435024234	-196.34691093312517
0.01	30.78979080840358	0.00013345306390988299	112.68529120955779	-195.55908203557055
0.01025	30.529560325713987	0.00013206917054731093	112.5050593429199	-194.80728757054612
0.0105	30.273089865842877	0.0001307026616359508	112.33889487225001	-194.08920269002758
0.010750000000000001	30.02031276479252	0.00012935192677332452	112.18582376820359	-193.40269265572073
0.011000000000000001	29.771164031434168	0.00012801878153823054	112.04495264588161	-192.7457933382782
0.01125	29.52558009997989	0.00012670120133861928	111.91546061473396	-192.11669437408167
0.0115	29.283498376504795	0.00012540052398435364	111.79659202513025	-191.51372434043765
0.01175	29.04485796186131	0.000124114521042884	111.68765045570075	-190.93533762233153
0.012	28.80959906858307	0.00012284488946079364	111.58799289576947	-190.38010265742759
0.01225	28.577663159270955	0.0001215908883409611	111.49702468632782	-189.84669125459823
0.0125	28.348992930602435	0.0001203508314517876	111.41419546526353	-189.33386999911704
0.012750000000000001	28.123532181761448	0.00011912703010352743	111.33899486505862	-188.8404913756838
0.013000000000000001	27.9012260885618	0.00011791709417252605	111.27094918149598	-188.36548649169276
0.01325	27.682020698473337	0.00011672135249796156	111.20961825819161	-187.9078588750844
0.0135	27.465863291795557	0.0001155412644777698	111.15459235280895	-187.46667763668836
0.01375	27.25270230724611	0.00011437403796321632	111.1054899334537	-187.04107277841527
0.014	27.042487020260992	0.00011322044699113576	111.06195536388773	-186.63023053596007
0.01425	26.8351678316659	0.00011208151337882555	111.02365645831398	-186.23338804707709
0.014499999999999999	26.630696333980026	0.00011095597184862527	110.99028290023037	-185.8498298449661
0.014750000000000001	26.429024727657705	0.00010984244448764002	110.96154463628484	-185.478884898184
0.015	26.23010648526588	0.00010874366253688095	110.93717006923197	-185.11992225535107
0.015250000000000001	26.03389584697021	0.00010765632006837222	110.91690471500624	-184.7723485833451
0.0155	25.84034806976632	0.00010658321295409223	110.90051003099995	-184.43560540630511
0.01575	25.649419180381443	0.00010552100911809248	110.88776215198367	-184.10916663493066
0.016000000000000004	25.46106612251016	0.00010447264796198397	110.87845088027291	-183.79253624394622
0.01625	25.275246825852946	0.00010343498158249531	110.87237872603754	-183.48524613096248
0.0165	25.091919790660967	0.00010241127304766451	110.86935975969162	-183.1868540879616
0.01675	24.91104452680203	0.00010139743258719136	110.8692191824849	-182.89694235668946
0.016999999999999998	24.732581278329505	0.0001003963882340031	110.87179251214445	-182.615116122281
0.01725	24.5564911244264	9.940681437115018e-5	110.87692445384003	-182.34100110413573
0.0175	24.382735706440158	9.842840458418323e-5	110.8844687107565	-182.07424326177522
0.01775	24.211277657213074	9.746094792717486e-5	110.89428744705167	-181.81450718793508
0.018	24.04208019006991	9.650551871231983e-5	110.9062502540115	-181.56147440145884
0.018250000000000002	23.875107190876236	9.555944131989236e-5	110.92023419784786	-181.31484318780323
0.018500000000000003	23.710323385015883	9.462587104280828e-5	110.93612304577832	-181.07432682107313
0.01875	23.547694064708452	9.370149930987282e-5	110.95380682310491	-180.83965287706275
0.019	23.387185203233344	9.278842708226875e-5	110.97318170762004	-180.61056277017207
0.01925	23.228763343980646	9.188519643998916e-5	110.99414922132807	-180.3868102453592
0.0195	23.07239589524157	9.099282524971386e-5	111.01661629308148	-180.16816104729398
0.01975	22.91805061564375	9.010950772392334e-5	111.04049473852723	-179.95439238607636
0.02	22.765696019273477	8.923700090690545e-5	111.06570104500645	-179.74529199161847
0.02025	22.615301173583845	8.837384716287033e-5	111.09215589880415	-179.5406573491747
0.0205	22.466835756323007	8.75205643069421e-5	111.11978426459623	-179.34029567884937
0.02075	22.320269901579707	8.66764752203153e-5	111.14851488208139	-179.14402308009736
0.021	22.175574510481013	8.584233495412263e-5	111.17828018520348	-178.95166394055985
0.021249999999999998	22.032720755276557	8.501632767377032e-5	111.2090160883825	-178.76305101135864
0.021500000000000002	21.891680549808527	8.420174937384672e-5	111.24066140646491	-178.57802372345043
0.021750000000000002	21.7524262896479	8.339314946681498e-5	111.27315852031393	-178.39642962322256
0.022000000000000002	21.61493073049725	8.259633331419991e-5	111.30645244066108	-178.21812271641676
0.02225	21.47916733217751	8.180591913742319e-5	111.3404908610976	-178.0429630943599
0.0225	21.34510989440392	8.10264703119401e-5	111.37522412943743	-177.87081723203164
0.022750000000000003	21.21273284381823	8.025357915641962e-5	111.41060503032367	-177.70155718543396
0.023	21.082010780505883	7.949034532828136e-5	111.44658877899369	-177.5350610595034
0.02325	20.952919125302714	7.87349262054704e-5	111.48313259584081	-177.3712113824579
0.0235	20.82543355807009	7.798836988115454e-5	111.52019582136242	-177.20989593767706
0.023750000000000004	20.699530073716325	7.724896724425889e-5	111.55773982489478	-177.05100748383256
0.024	20.575185383338585	7.651868257596561e-5	111.59572788539438	-176.89444296879515
0.02425	20.452376427194793	7.579542966595909e-5	111.63412489739105	-176.74010355875333
0.0245	20.331080522212147	7.508052404148202e-5	111.67289759670405	-176.58789481415715
0.024749999999999998	20.211275599640025	7.437331032633665e-5	111.71201418283522	-176.43772564322694
0.025	20.092939698151994	7.367326035989663e-5	111.75144450260424	-176.28950924988845
0.02525	19.976051447589718	7.298156035062675e-5	111.79115969267792	-176.14316180625082
0.025500000000000002	19.860589885266386	7.229663700059064e-5	111.8311323472152	-175.99860295134872
0.02575	19.746534143792587	7.161912945718996e-5	111.87133643394839	-175.85575601840756
0.026000000000000002	19.63386407959746	7.094925402384433e-5	111.91174704585666	-175.71454669709212
0.026250000000000002	19.522559649520872	7.02860790795512e-5	111.95234045636138	-175.57490393712723
0.0265	19.412601232545732	6.963034633145071e-5	111.9930941234976	-175.43675948427858
0.02675	19.303969593260042	6.898147078970851e-5	112.03398648501775	-175.3000475185185
0.027	19.19664573048245	6.833920427595785e-5	112.07499717446373	-175.1647052245548
0.027250000000000003	19.090611096879293	6.77042506822545e-5	112.11610664275679	-175.03067176107743
0.0275	18.98584732789574	6.70756715379639e-5	112.15729618039184	-174.89788865765968
0.02775	18.882336540085646	6.645394152826611e-5	112.19854821097682	-174.76629988225795
0.028	18.780060948538214	6.583856192321491e-5	112.23984578202405	-174.63585144558272
0.02825	18.67900327143232	6.522967507294197e-5	112.28117298385537	-174.50649154027184
0.0285	18.579146437531953	6.46276209295138e-5	112.32251432288179	-174.37816980570156
0.02875	18.480473563078668	6.403124338305588e-5	112.3638552358018	-174.25083827078387
0.028999999999999998	18.382968249447387	6.344148336268063e-5	112.40518205620953	-174.12445081557672
0.02925	18.286614239478055	6.285785245552233e-5	112.4464813950469	-173.9989625481012
0.029500000000000002	18.191395596929645	6.228032123090088e-5	112.48774070375296	-173.87433052269154
0.029750000000000002	18.097296630960464	6.170866112142903e-5	112.52894808054091	-173.75051348094792
0.03	18.004301901942604	6.114327818806942e-5	112.57009202953452	-173.62747138830127
0.03025	17.91239630810621	6.0583166856531534e-5	112.6111619042779	-173.50516607182976
0.030500000000000003	17.821564938284034	6.0029772896541544e-5	112.65214724747482	-173.3835602396438
0.03075	17.731793037590492	5.948101086516999e-5	112.6930382849149	-173.26261840877646
0.031	17.64306626110853	5.8938935083574506e-5	112.73382580954201	-173.14230626667907
0.03125	17.555370493988697	5.84016718789826e-5	112.77450091391353	-173.02259045972346
0.0315	17.46869166294504	5.7870458547881753e-5	112.81505522420406	-172.90343929478027
0.03175	17.3830161678244	5.734455875483491e-5	112.8554806758391	-172.7848216264478
0.03200000000000001	17.29833042952641	5.6823776077408183e-5	112.8957698591295	-172.66670818423125
0.03225	17.214621196414406	5.630873999962205e-5	112.93591554559254	-172.5490702132113
0.0325	17.131875486369253	5.579884393114298e-5	112.97591083324846	-172.43187980576374
0.03275	17.050080385628355	5.52939910249961e-5	113.01574938084588	-172.3151106389634
0.033	16.96922325339382	5.4794358902654494e-5	113.05542513492935	-172.19873712989983
0.03325	16.88929171875794	5.4300151504094174e-5	113.09493213253907	-172.08273407263653
0.0335	16.810273519758773	5.381016978844855e-5	113.13426515031841	-171.96707804887672
0.03375	16.73215660576504	5.332616726150263e-5	113.17341888399054	-171.85174577995352
0.033999999999999996	16.654929216205495	5.284630319124517e-5	113.21238840319077	-171.7367147860823
0.03425	16.578579598105577	5.237155514237202e-5	113.2511693093194	-171.62196413735654
0.0345	16.50309635661135	5.1901724532399385e-5	83.08662331783046	-118.03213311065969
0.034749999999999996	16.428468197018667	5.1436441296459634e-5	16.428468197018667	5.1436441296459634e-5
0.035	16.35468401273861	5.097581261281903e-5	16.35468401273861	5.097581261281903e-5
0.03525	16.281732891654947	5.052009079520303e-5	16.281732891654947	5.052009079520303e-5
0.0355	16.209604048670386	5.006853378120013e-5	16.209604048670386	5.006853378120013e-5
0.035750000000000004	16.138286948938415	4.962204299374662e-5	16.138286948938415	4.962204299374662e-5
0.036	16.067771151018597	4.917934204229368e-5	16.067771151018597	4.917934204229368e-5
0.036250000000000004	15.998046394554706	4.8741822169517945e-5	15.998046394554706	4.8741822169517945e-5
0.036500000000000005	15.929102562797603	4.830779369058291e-5	15.929102562797603	4.830779369058291e-5
0.03675	15.860929826408103	4.787915624149264e-5	15.860929826408103	4.787915624149264e-5
0.037000000000000005	15.793518272992038	4.745362804214892e-5	15.793518272992038	4.745362804214892e-5
0.03725	15.726858341468635	4.7033274910290856e-5	15.726858341468635	4.7033274910290856e-5
0.0375	15.660940560454158	4.661643903602908e-5	15.660940560454158	4.661643903602908e-5
0.037750000000000006	15.595755532274438	4.620430692625632e-5	15.595755532274438	4.620430692625632e-5
0.038	15.531294212360443	4.5795671653081627e-5	15.531294212360443	4.5795671653081627e-5
0.03825	15.46754734998784	4.5391400789185354e-5	15.46754734998784	4.5391400789185354e-5
0.0385	15.40450616807778	4.4991125804472176e-5	15.40450616807778	4.4991125804472176e-5
0.03875	15.342161893439027	4.4594668352715416e-5	15.342161893439027	4.4594668352715416e-5
0.039	15.280505870961498	4.420223848455862e-5	15.280505870961498	4.420223848455862e-5
0.03925	15.219529533767165	4.3813399756231775e-5	15.219529533767165	4.3813399756231775e-5
0.0395	15.15922454822956	4.342874505880445e-5	15.15922454822956	4.342874505880445e-5
0.03975000000000001	15.099582718411078	4.304756835438184e-5	15.099582718411078	4.304756835438184e-5
0.04	15.040595810617603	4.2670195867344773e-5	15.040595810617603	4.2670195867344773e-5
0.04025	14.982255914584826	4.229668685695742e-5	14.982255914584826	4.229668685695742e-5
0.0405	14.924555094623294	4.1926315418550075e-5	14.924555094623294	4.1926315418550075e-5
0.04075	14.867485561305422	4.156030576041303e-5	14.867485561305422	4.156030576041303e-5
0.041	14.811039732502621	4.119714688499698e-5	14.811039732502621	4.119714688499698e-5
0.04125	14.75521005823461	4.0837904734303265e-5	14.75521005823461	4.0837904734303265e-5
0.0415	14.699989053645773	4.048194216466072e-5	14.699989053645773	4.048194216466072e-5
0.041749999999999995	14.64536943083187	4.0129755078055496e-5	14.64536943083187	4.0129755078055496e-5
0.042	14.591344090652456	3.9780500657116136e-5	14.591344090652456	3.9780500657116136e-5
0.04225	14.537905793739874	3.943504009384924e-5	14.537905793739874	3.943504009384924e-5
0.042499999999999996	14.485047570098423	3.909250573030931e-5	14.485047570098423	3.909250573030931e-5
0.04275	14.43276260361538	3.875372951256395e-5	14.43276260361538	3.875372951256395e-5
0.043000000000000003	14.38104406754551	3.8417914382193885e-5	14.38104406754551	3.8417914382193885e-5
0.043250000000000004	14.329885226417147	3.80852432328993e-5	14.329885226417147	3.80852432328993e-5
0.043500000000000004	14.279279546586785	3.7756071080252696e-5	14.279279546586785	3.7756071080252696e-5
0.04375	14.229220535925755	3.74298043084309e-5	14.229220535925755	3.74298043084309e-5
0.044000000000000004	14.179701748041246	3.710676897128451e-5	14.179701748041246	3.710676897128451e-5
0.044250000000000005	14.13071690155838	3.6786751081763214e-5	14.13071690155838	3.6786751081763214e-5
0.0445	14.082259742354182	3.646976031745908e-5	14.082259742354182	3.646976031745908e-5
0.044750000000000005	14.03432423346284	3.615605710649561e-5	14.03432423346284	3.615605710649561e-5
0.045	13.986904276736439	3.584491501840148e-5	13.986904276736439	3.584491501840148e-5
0.04525	13.93999388562689	3.553704171110894e-5	13.93999388562689	3.553704171110894e-5
0.045500000000000006	13.893587202480354	3.523191719523311e-5	13.893587202480354	3.523191719523311e-5
0.04575	13.847678553705911	3.492996643217339e-5	13.847678553705911	3.492996643217339e-5
0.046	13.802262106721685	3.463038569861965e-5	13.802262106721685	3.463038569861965e-5
0.04625	13.757332307623066	3.433415396614237e-5	13.757332307623066	3.433415396614237e-5
0.0465	13.712883593476938	3.4040271756907714e-5	13.712883593476938	3.4040271756907714e-5
0.04675	13.668910508661263	3.374962020075145e-5	13.668910508661263	3.374962020075145e-5
0.047	13.62540772148926	3.346125077996476e-5	13.62540772148926	3.346125077996476e-5
0.04725	13.582369801518546	3.3175876993141173e-5	13.582369801518546	3.3175876993141173e-5
0.04750000000000001	13.539791653186462	3.289311197818279e-5	13.539791653186462	3.289311197818279e-5
0.04775	13.497668048446172	3.2613039401496735e-5	13.497668048446172	3.2613039401496735e-5
0.048	13.455993911688225	3.233548225978211e-5	13.455993911688225	3.233548225978211e-5
0.04825	13.414764226097738	3.206066791960893e-5	13.414764226097738	3.206066791960893e-5
0.0485	13.373974035371887	3.178818403881678e-5	13.373974035371887	3.178818403881678e-5
0.04875	13.333618472617673	3.151860064320999e-5	13.333618472617673	3.151860064320999e-5
0.049	13.29369278341558	3.125125064684653e-5	13.29369278341558	3.125125064684653e-5
0.04925	13.254192127626581	3.0986444556901915e-5	13.254192127626581	3.0986444556901915e-5
0.049499999999999995	13.215111877553397	3.072419322336373e-5	13.215111877553397	3.072419322336373e-5
0.04975	13.17644746965486	3.0464292287035732e-5	13.17644746965486	3.0464292287035732e-5
0.05	13.138194274709512	3.0206849324088125e-5	13.138194274709512	3.0206849324088125e-5
0.050249999999999996	13.100347855761271	2.995174606468254e-5	13.100347855761271	2.995174606468254e-5
0.0505	13.062903745809969	2.969899076532556e-5	13.062903745809969	2.969899076532556e-5
0.05075	13.025857668919784	2.9448795530129246e-5	13.025857668919784	2.9448795530129246e-5
0.051000000000000004	12.98920525778069	2.9200534243045695e-5	12.98920525778069	2.9200534243045695e-5
0.051250000000000004	12.95294223865558	2.8954845845419186e-5	12.95294223865558	2.8954845845419186e-5
0.0515	12.91706447323152	2.871133020931893e-5	12.91706447323152	2.871133020931893e-5
0.051750000000000004	12.881567866313404	2.8470076003372924e-5	12.881567866313404	2.8470076003372924e-5
0.052000000000000005	12.846448279094432	2.823101726079358e-5	12.846448279094432	2.823101726079358e-5
0.05225	12.811701672128628	2.799416262178056e-5	12.811701672128628	2.799416262178056e-5
0.052500000000000005	12.777324188770315	2.775945019095616e-5	12.777324188770315	2.775945019095616e-5
0.05275	12.743311831367954	2.7527009244465717e-5	12.743311831367954	2.7527009244465717e-5
0.053	12.709660753980849	2.7296545091815005e-5	12.709660753980849	2.7296545091815005e-5
0.053250000000000006	12.676367167989802	2.7068202619773274e-5	12.676367167989802	2.7068202619773274e-5
0.0535	12.643427300348186	2.6842113264535783e-5	12.643427300348186	2.6842113264535783e-5
0.05375	12.610837493058852	2.6617864598676988e-5	12.610837493058852	2.6617864598676988e-5
0.054	12.578594014870646	2.6395817236846142e-5	12.578594014870646	2.6395817236846142e-5
0.05425	12.546693332295238	2.6175738717881813e-5	12.546693332295238	2.6175738717881813e-5
0.05450000000000001	12.515131821516846	2.5957534170117924e-5	12.515131821516846	2.5957534170117924e-5
0.05475	12.483905999940674	2.5741638424392477e-5	12.483905999940674	2.5741638424392477e-5
0.055	12.453012452447005	2.5527358509691567e-5	12.453012452447005	2.5527358509691567e-5
0.05525000000000001	12.422447648775716	2.5315170461226444e-5	12.422447648775716	2.5315170461226444e-5
0.0555	12.392208331112393	2.5104911820506004e-5	12.392208331112393	2.5104911820506004e-5
0.05575	12.362291091740875	2.4896566777954376e-5	12.362291091740875	2.4896566777954376e-5
0.056	12.332692643199255	2.468997348614721e-5	12.332692643199255	2.468997348614721e-5
0.05625	12.30340981926068	2.448548913491777e-5	12.30340981926068	2.448548913491777e-5
0.0565	12.274439333988337	2.428250592600989e-5	12.274439333988337	2.428250592600989e-5
0.05675	12.245778047541684	2.4081710684242807e-5	12.245778047541684	2.4081710684242807e-5
0.057	12.217422874222027	2.3882450271628386e-5	12.217422874222027	2.3882450271628386e-5
0.057249999999999995	12.189370761572224	2.368518984496859e-5	12.189370761572224	2.368518984496859e-5
0.0575	12.161618552012737	2.3489384147978853e-5	12.161618552012737	2.3489384147978853e-5
0.05775	12.134163350708235	2.3295854163052354e-5	12.134163350708235	2.3295854163052354e-5
0.057999999999999996	12.10700220841144	2.3103411230351867e-5	12.10700220841144	2.3103411230351867e-5
0.05825	12.080132132500083	2.291328603121201e-5	12.080132132500083	2.291328603121201e-5
0.0585	12.053550299763579	2.2724437968690836e-5	12.053550299763579	2.2724437968690836e-5
0.058750000000000004	12.027253789000959	2.2537463330252194e-5	12.027253789000959	2.2537463330252194e-5
0.059000000000000004	12.00123990516111	2.2352201497710666e-5	12.00123990516111	2.2352201497710666e-5
0.05925	11.975505785100726	2.2168447856074636e-5	11.975505785100726	2.2168447856074636e-5
0.059500000000000004	11.95004867048521	2.198630999572515e-5	11.95004867048521	2.198630999572515e-5
0.059750000000000004	11.924865990572417	2.1806113807087968e-5	11.924865990572417	2.1806113807087968e-5
0.06	11.899954935525553	2.1627029823889643e-5	11.899954935525553	2.1627029823889643e-5
0.060250000000000005	11.875312907852528	2.1449958794050872e-5	11.875312907852528	2.1449958794050872e-5
0.0605	11.85093737655085	2.1274171295715405e-5	11.85093737655085	2.1274171295715405e-5
0.06075	11.826825656828813	2.1100082349789773e-5	11.826825656828813	2.1100082349789773e-5
0.061000000000000006	11.802975333485655	2.092757610228091e-5	11.802975333485655	2.092757610228091e-5
0.06125	11.779383819897369	2.075641843646281e-5	11.779383819897369	2.075641843646281e-5
0.0615	11.756048638768235	2.0586877710115914e-5	11.756048638768235	2.0586877710115914e-5
0.061750000000000006	11.73296742849433	2.041890695636539e-5	11.73296742849433	2.041890695636539e-5
0.062	11.710137696121866	2.0252256831554405e-5	11.710137696121866	2.0252256831554405e-5
0.06225000000000001	11.687557101147625	2.0087187202477708e-5	11.687557101147625	2.0087187202477708e-5
0.0625	11.665223278299422	1.992348988011372e-5	11.665223278299422	1.992348988011372e-5
0.06275	11.643133904615972	1.9761291433439965e-5	11.643133904615972	1.9761291433439965e-5
0.063	11.621286726925906	1.960054763117114e-5	11.621286726925906	1.960054763117114e-5
0.06325	11.599679420186671	1.9441084134541597e-5	11.599679420186671	1.9441084134541597e-5
0.0635	11.578309789854803	1.928309170295961e-5	11.578309789854803	1.928309170295961e-5
0.06375	11.557175620615059	1.9126572425420818e-5	11.557175620615059	1.9126572425420818e-5
0.06400000000000002	11.536274706800704	1.8971173908255423e-5	11.536274706800704	1.8971173908255423e-5
0.06425	11.515604964238186	1.8817495387679628e-5	11.515604964238186	1.8817495387679628e-5
0.0645	11.495164181845947	1.866471898637201e-5	11.495164181845947	1.866471898637201e-5
0.06475	11.474950267120224	1.851363512628268e-5	11.474950267120224	1.851363512628268e-5
0.065	11.454961228216892	1.8363764809237182e-5	11.454961228216892	1.8363764809237182e-5
0.06525	11.43519495270159	1.8215041890812245e-5	11.43519495270159	1.8215041890812245e-5
0.0655	11.415649384929768	1.806782201185797e-5	11.415649384929768	1.806782201185797e-5
0.06575	11.396322598165472	1.7921795866016055e-5	11.396322598165472	1.7921795866016055e-5
0.066	11.377212580789763	1.777695519677991e-5	11.377212580789763	1.777695519677991e-5
0.06625	11.358317371659474	1.7633522787718903e-5	11.358317371659474	1.7633522787718903e-5
0.0665	11.339635073041613	1.749122792205071e-5	11.339635073041613	1.749122792205071e-5
0.06674999999999999	11.321163747773628	1.7350124792869792e-5	11.321163747773628	1.7350124792869792e-5
0.067	11.302901542275166	1.7210426236147214e-5	11.302901542275166	1.7210426236147214e-5
0.06725	11.284846600321078	1.7071697932635743e-5	11.284846600321078	1.7071697932635743e-5
0.0675	11.266997035642312	1.6934285184788678e-5	11.266997035642312	1.6934285184788678e-5
0.06775	11.249351116232052	1.6798153261277093e-5	11.249351116232052	1.6798153261277093e-5
0.06799999999999999	11.23190701860333	1.6662959481550388e-5	11.23190701860333	1.6662959481550388e-5
0.06825	11.214662928281491	1.6529134910570065e-5	11.214662928281491	1.6529134910570065e-5
0.0685	11.19761712531983	1.6396288323505814e-5	11.19761712531983	1.6396288323505814e-5
0.06875	11.180767912169042	1.626475680893691e-5	11.180767912169042	1.626475680893691e-5
0.069	11.16411358934452	1.6134245612420273e-5	11.16411358934452	1.6134245612420273e-5
0.06924999999999999	11.147652378936765	1.600481785857255e-5	11.147652378936765	1.600481785857255e-5
0.06949999999999999	11.131382704598817	1.587662134738821e-5	11.131382704598817	1.587662134738821e-5
0.06975	11.115302914535686	1.574939628312677e-5	11.115302914535686	1.574939628312677e-5
0.07	11.099411336415006	1.562333943638805e-5	11.099411336415006	1.562333943638805e-5
0.07025	11.083706398841944	1.5498299099192536e-5	11.083706398841944	1.5498299099192536e-5
0.0705	11.068186486130251	1.5374379721322384e-5	11.068186486130251	1.5374379721322384e-5
0.07075	11.052850056187769	1.5251469115185046e-5	11.052850056187769	1.5251469115185046e-5
0.071	11.037695547732081	1.5129635791311102e-5	11.037695547732081	1.5129635791311102e-5
0.07125000000000001	11.022721445221467	1.5008814457928565e-5	11.022721445221467	1.5008814457928565e-5
0.07150000000000001	11.007926187960038	1.4889015908181591e-5	11.007926187960038	1.4889015908181591e-5
0.07175000000000001	10.993308308273107	1.4770281460130263e-5	10.993308308273107	1.4770281460130263e-5
0.072	10.978866373423653	1.465247868992492e-5	10.978866373423653	1.465247868992492e-5
0.07225	10.964598847363138	1.453575285381703e-5	10.964598847363138	1.453575285381703e-5
0.07250000000000001	10.950504307133333	1.4419902726103828e-5	10.950504307133333	1.4419902726103828e-5
0.07275000000000001	10.936581344090818	1.4305149555582375e-5	10.936581344090818	1.4305149555582375e-5
0.07300000000000001	10.922828557758717	1.4191350835801586e-5	10.922828557758717	1.4191350835801586e-5
0.07325	10.909244524949184	1.4078401335382296e-5	10.909244524949184	1.4078401335382296e-5
0.0735	10.895827885852487	1.3966529344600076e-5	10.895827885852487	1.3966529344600076e-5
0.07375	10.882577225905365	1.3855493406822461e-5	10.882577225905365	1.3855493406822461e-5
0.07400000000000001	10.869491312715454	1.374553922062205e-5	10.869491312715454	1.374553922062205e-5
0.07425000000000001	10.856568747396743	1.3636325299160035e-5	10.856568747396743	1.3636325299160035e-5
0.0745	10.843808164759654	1.3528180467403672e-5	10.843808164759654	1.3528180467403672e-5
0.07475	10.831208363835337	1.3420804428676547e-5	10.831208363835337	1.3420804428676547e-5
0.075	10.81876800788519	1.3314532189667716e-5	10.81876800788519	1.3314532189667716e-5
0.07525000000000001	10.806485832025494	1.3208872537973093e-5	10.806485832025494	1.3208872537973093e-5
0.07550000000000001	10.794360599481639	1.3104385196527346e-5	10.794360599481639	1.3104385196527346e-5
0.07575	10.782391031009578	1.3000475206581541e-5	10.782391031009578	1.3000475206581541e-5
0.076	10.770575948820113	1.2897772172948407e-5	10.770575948820113	1.2897772172948407e-5
0.07625	10.758914138509905	1.2795581177726945e-5	10.758914138509905	1.2795581177726945e-5
0.0765	10.747404361453285	1.2694520449940683e-5	10.747404361453285	1.2694520449940683e-5
0.07675000000000001	10.736045436580266	1.2594047859693092e-5	10.736045436580266	1.2594047859693092e-5
0.077	10.724836253836234	1.2494739756618856e-5	10.724836253836234	1.2494739756618856e-5
0.07725	10.713775621348326	1.2395874698256648e-5	10.713775621348326	1.2395874698256648e-5
0.0775	10.702862358008389	1.2298145300349006e-5	10.702862358008389	1.2298145300349006e-5
0.07775	10.692095389672719	1.2201022649094284e-5	10.692095389672719	1.2201022649094284e-5
0.078	10.681473571730923	1.210483281965935e-5	10.681473571730923	1.210483281965935e-5
0.07825	10.670995797423895	1.2009377918786868e-5	10.670995797423895	1.2009377918786868e-5
0.0785	10.660661018972203	1.1914731814499646e-5	10.660661018972203	1.1914731814499646e-5
0.07875	10.65046807935493	1.1820794370009935e-5	10.65046807935493	1.1820794370009935e-5
0.079	10.640415953014998	1.1727818751694485e-5	10.640415953014998	1.1727818751694485e-5
0.07925	10.630503641571408	1.1635403758702978e-5	10.630503641571408	1.1635403758702978e-5
0.07950000000000002	10.62072998837802	1.1543851929474158e-5	10.62072998837802	1.1543851929474158e-5
0.07975	10.611094010821265	1.1453051158127892e-5	10.611094010821265	1.1453051158127892e-5
0.08	10.60159477164039	1.136300269166668e-5	10.60159477164039	1.136300269166668e-5
0.08025	10.592231118715905	1.1273615555751348e-5	10.592231118715905	1.1273615555751348e-5
0.0805	10.583002150178757	1.1185123156565169e-5	10.583002150178757	1.1185123156565169e-5
0.08075	10.573906856141718	1.1097125447889766e-5	10.573906856141718	1.1097125447889766e-5
0.081	10.56494426762955	1.101015580928788e-5	10.56494426762955	1.101015580928788e-5
0.08125	10.556113448314207	1.092355629950248e-5	10.556113448314207	1.092355629950248e-5
0.0815	10.547413348347884	1.0837941395891448e-5	10.547413348347884	1.0837941395891448e-5
0.08175	10.538843143465627	1.0752859715523755e-5	10.538843143465627	1.0752859715523755e-5
0.082	10.530401844129909	1.0668595919582913e-5	10.530401844129909	1.0668595919582913e-5
0.08224999999999999	10.522088558756845	1.058491301719755e-5	10.522088558756845	1.058491301719755e-5
0.0825	10.513902310830634	1.0501949098795649e-5	10.513902310830634	1.0501949098795649e-5
0.08275	10.505842263322513	1.0419682709539302e-5	10.505842263322513	1.0419682709539302e-5
0.083	10.497907560202616	1.0338113238361757e-5	10.497907560202616	1.0338113238361757e-5
0.08325	10.490097220759825	1.0257091503262927e-5	10.490097220759825	1.0257091503262927e-5
0.08349999999999999	10.48241042288371	1.0176848700638175e-5	10.48241042288371	1.0176848700638175e-5
0.08375	10.474846345575124	1.009720467592956e-5	10.474846345575124	1.009720467592956e-5
0.084	10.467404099331368	1.0018212815765537e-5	10.467404099331368	1.0018212815765537e-5
0.08425	10.460082837566997	9.939874402675741e-6	10.460082837566997	9.939874402675741e-6
0.0845	10.452881735598048	9.862130305293704e-6	10.452881735598048	9.862130305293704e-6
0.08474999999999999	10.445799985830089	9.785048725063916e-6	10.445799985830089	9.785048725063916e-6
0.08499999999999999	10.438836759175935	9.70862676652473e-6	10.438836759175935	9.70862676652473e-6
0.08525	10.431991269509972	9.632721305052883e-6	10.431991269509972	9.632721305052883e-6
0.0855	10.425262684637413	9.557515888047874e-6	10.425262684637413	9.557515888047874e-6
0.08575	10.41865028399944	9.482914627767514e-6	10.41865028399944	9.482914627767514e-6
0.08600000000000001	10.412153214062847	9.408810640820775e-6	10.412153214062847	9.408810640820775e-6
0.08625	10.405770730461459	9.335449171032906e-6	10.405770730461459	9.335449171032906e-6
0.08650000000000001	10.399502165306405	9.262609317772785e-6	10.399502165306405	9.262609317772785e-6
0.08675000000000001	10.39334660453094	9.190267753922399e-6	10.39334660453094	9.190267753922399e-6
0.08700000000000001	10.387303392115406	9.11873022246823e-6	10.387303392115406	9.11873022246823e-6
0.08725000000000001	10.381371844432948	9.047492145697333e-6	10.381371844432948	9.047492145697333e-6
0.0875	10.375551136555714	8.977061536796782e-6	10.375551136555714	8.977061536796782e-6
0.08775	10.369840600235321	8.907040253802734e-6	10.369840600235321	8.907040253802734e-6
0.08800000000000001	10.364239518652319	8.837644067227757e-6	10.364239518652319	8.837644067227757e-6
0.08825000000000001	10.358747167099757	8.768801567526907e-6	10.358747167099757	8.768801567526907e-6
0.08850000000000001	10.353362921741386	8.70049641932269e-6	10.353362921741386	8.70049641932269e-6
0.08875	10.348086001206607	8.632736918201545e-6	10.348086001206607	8.632736918201545e-6
0.089	10.342915747617042	8.565502167101613e-6	10.342915747617042	8.565502167101613e-6
0.08925	10.337851572239899	8.498872333007057e-6	10.337851572239899	8.498872333007057e-6
0.08950000000000001	10.3328927032473	8.432642399469614e-6	10.3328927032473	8.432642399469614e-6
0.08975000000000001	10.328038541428253	8.367095517769485e-6	10.328038541428253	8.367095517769485e-6
0.09	10.323288398659946	8.301906014196447e-6	10.323288398659946	8.301906014196447e-6
0.09025	10.318641676901954	8.237402116861858e-6	10.318641676901954	8.237402116861858e-6
0.0905	10.314097758173146	8.17328949409557e-6	10.314097758173146	8.17328949409557e-6
0.09075000000000001	10.309655892138588	8.109663106381504e-6	10.309655892138588	8.109663106381504e-6
0.09100000000000001	10.305315586420628	8.046721731602702e-6	10.305315586420628	8.046721731602702e-6
0.09125	10.301076201461544	7.984041932473929e-6	10.301076201461544	7.984041932473929e-6
0.0915	10.296937057874528	7.922023144146806e-6	10.296937057874528	7.922023144146806e-6
0.09175	10.292897624822979	7.86042037859147e-6	10.292897624822979	7.86042037859147e-6
0.092	10.288957276985364	7.799315923762151e-6	10.288957276985364	7.799315923762151e-6
0.09225000000000001	10.285115444063425	7.738740769980268e-6	10.285115444063425	7.738740769980268e-6
0.0925	10.281371562610872	7.678571993352534e-6	10.281371562610872	7.678571993352534e-6
0.09275	10.277724977493884	7.61887445221987e-6	10.277724977493884	7.61887445221987e-6
0.093	10.274175185796313	7.559742044804807e-6	10.274175185796313	7.559742044804807e-6
0.09325	10.270721635240303	7.500971264562395e-6	10.270721635240303	7.500971264562395e-6
0.0935	10.267363738601468	7.4426798732929456e-6	10.267363738601468	7.4426798732929456e-6
0.09375000000000001	10.264100939777865	7.384911736352251e-6	10.264100939777865	7.384911736352251e-6
0.094	10.260932699553495	7.327502160592303e-6	10.260932699553495	7.327502160592303e-6
0.09425	10.257858500496186	7.270626994682061e-6	10.257858500496186	7.270626994682061e-6
0.0945	10.254877818516125	7.214128441290768e-6	10.254877818516125	7.214128441290768e-6
0.09475	10.251990056887053	7.158105709947904e-6	10.251990056887053	7.158105709947904e-6
0.09500000000000001	10.249194785864322	7.102549123061408e-6	10.249194785864322	7.102549123061408e-6
0.09525	10.24649144000981	7.0473185580510744e-6	10.24649144000981	7.0473185580510744e-6
0.0955	10.24387948185794	6.992651790937998e-6	10.24387948185794	6.992651790937998e-6
0.09575	10.241358517709578	6.938332230532751e-6	10.241358517709578	6.938332230532751e-6
0.096	10.238927910897704	6.884423012110119e-6	10.238927910897704	6.884423012110119e-6
0.09625	10.23658725826189	6.831002711038536e-6	10.23658725826189	6.831002711038536e-6
0.0965	10.234336082495403	6.777927094248071e-6	10.234336082495403	6.777927094248071e-6
0.09675	10.232173795489466	6.7252718380927945e-6	10.232173795489466	6.7252718380927945e-6
0.097	10.23010005339466	6.673102177501278e-6	10.23010005339466	6.673102177501278e-6
0.09725	10.228114356986435	6.62123574457496e-6	10.228114356986435	6.62123574457496e-6
0.0975	10.22621612106362	6.569788137511523e-6	10.22621612106362	6.569788137511523e-6
0.09775	10.2244050342909	6.518813592037986e-6	10.2244050342909	6.518813592037986e-6
0.098	10.222680567353759	6.4681321063631e-6	10.222680567353759	6.4681321063631e-6
0.09825	10.221042277260112	6.417929608204531e-6	10.221042277260112	6.417929608204531e-6
0.0985	10.219489776701225	6.368037542614502e-6	10.219489776701225	6.368037542614502e-6
0.09875	10.21802249399782	6.3185794374476245e-6	10.21802249399782	6.3185794374476245e-6
0.09899999999999999	10.216640116265564	6.269490405941269e-6	10.216640116265564	6.269490405941269e-6
0.09925	10.215342210112468	6.2207678119818866e-6	10.215342210112468	6.2207678119818866e-6
0.0995	10.214128252709417	6.172430492057401e-6	10.214128252709417	6.172430492057401e-6
0.09975	10.21299789320106	6.1244417146610886e-6	10.21299789320106	6.1244417146610886e-6
0.1	10.21195070934113	6.076848741543017e-6	10.21195070934113	6.076848741543017e-6
0.10024999999999999	10.210986310597619	6.029631155257675e-6	10.210986310597619	6.029631155257675e-6
0.10049999999999999	10.210104231039281	5.982704870177713e-6	10.210104231039281	5.982704870177713e-6
0.10075	10.209304080972506	5.936215242030585e-6	10.209304080972506	5.936215242030585e-6
0.101	10.208585555316478	5.890048761614253e-6	10.208585555316478	5.890048761614253e-6
0.10125	10.207948136993274	5.8442253454416004e-6	10.207948136993274	5.8442253454416004e-6
0.1015	10.207391477282545	5.798752500396631e-6	10.207391477282545	5.798752500396631e-6
0.10175	10.20691524196067	5.753654775730865e-6	10.20691524196067	5.753654775730865e-6
0.10200000000000001	10.206518955477685	5.7088344007638625e-6	10.206518955477685	5.7088344007638625e-6
0.10225000000000001	10.20620234780466	5.664466751653663e-6	10.20620234780466	5.664466751653663e-6
0.10250000000000001	10.205965002284596	5.6203045097902304e-6	10.205965002284596	5.6203045097902304e-6
0.10275000000000001	10.205806503724709	5.57657122612909e-6	10.205806503724709	5.57657122612909e-6
0.103	10.205726553549676	5.533114933342631e-6	10.205726553549676	5.533114933342631e-6
0.10325	10.20572475562066	5.490037128907943e-6	10.20572475562066	5.490037128907943e-6
0.10350000000000001	10.205800796683176	5.447235395195094e-6	10.205800796683176	5.447235395195094e-6
0.10375000000000001	10.205954286653466	5.404782132956143e-6	10.205954286653466	5.404782132956143e-6
0.10400000000000001	10.20618486835922	5.362646053441722e-6	10.20618486835922	5.362646053441722e-6
0.10425	10.206492260158132	5.320839935762933e-6	10.206492260158132	5.320839935762933e-6
0.1045	10.20687603835411	5.279312144779169e-6	10.20687603835411	5.279312144779169e-6
0.10475	10.207335940663903	5.2381484678676316e-6	10.207335940663903	5.2381484678676316e-6
0.10500000000000001	10.207871615622777	5.197224712816251e-6	10.207871615622777	5.197224712816251e-6
0.10525000000000001	10.208482689631445	5.156683972273868e-6	10.208482689631445	5.156683972273868e-6
0.1055	10.20916893295356	5.11640688927173e-6	10.20916893295356	5.11640688927173e-6
0.10575	10.209929911193667	5.076416051963406e-6	10.209929911193667	5.076416051963406e-6
0.106	10.21076539542225	5.036775483802103e-6	10.21076539542225	5.036775483802103e-6
0.10625000000000001	10.211675034928096	4.997361354952545e-6	10.211675034928096	4.997361354952545e-6
0.10650000000000001	10.212658539729548	4.958332496585172e-6	10.212658539729548	4.958332496585172e-6
0.10675	10.21371559596486	4.9194862228318925e-6	10.21371559596486	4.9194862228318925e-6
0.107	10.214845853823398	4.881023077274449e-6	10.214845853823398	4.881023077274449e-6
0.10725	10.216049134940668	4.842810515270912e-6	10.216049134940668	4.842810515270912e-6
0.1075	10.217325028463247	4.804863376506319e-6	10.217325028463247	4.804863376506319e-6
0.10775000000000001	10.21867325305691	4.767220545431883e-6	10.21867325305691	4.767220545431883e-6
0.108	10.22009359958342	4.729861210250874e-6	10.22009359958342	4.729861210250874e-6
0.10825	10.221585730167185	4.692766168545859e-6	10.221585730167185	4.692766168545859e-6
0.1085	10.223149366263462	4.655958303345642e-6	10.223149366263462	4.655958303345642e-6
0.10875	10.224784206821088	4.619386182014296e-6	10.224784206821088	4.619386182014296e-6
0.10900000000000001	10.226490025638146	4.5831441219945646e-6	10.226490025638146	4.5831441219945646e-6
0.10925000000000001	10.228266529004019	4.547128593657135e-6	10.228266529004019	4.547128593657135e-6
0.1095	10.230113434210168	4.51138614820934e-6	10.230113434210168	4.51138614820934e-6
0.10975	10.232030509693086	4.475902038336699e-6	10.232030509693086	4.475902038336699e-6
0.11	10.234017452740101	4.44070336058644e-6	10.234017452740101	4.44070336058644e-6
0.11025	10.236074043079272	4.40574493509871e-6	10.236074043079272	4.40574493509871e-6
0.11050000000000001	10.23820000408761	4.371028339278382e-6	10.23820000408761	4.371028339278382e-6
0.11075	10.240395087776173	4.336600575527427e-6	10.240395087776173	4.336600575527427e-6
0.111	10.242659026022604	4.302393154631545e-6	10.242659026022604	4.302393154631545e-6
0.11125	10.244991635235028	4.268475411350892e-6	10.244991635235028	4.268475411350892e-6
0.1115	10.247392592924195	4.234749383158487e-6	10.247392592924195	4.234749383158487e-6
0.11175	10.249861682525555	4.201333295483778e-6	10.249861682525555	4.201333295483778e-6
0.112	10.252398712541229	4.168098106660523e-6	10.252398712541229	4.168098106660523e-6
0.11225	10.25500339333016	4.1351748656381915e-6	10.25500339333016	4.1351748656381915e-6
0.1125	10.257675539486698	4.102427633156935e-6	10.257675539486698	4.102427633156935e-6
0.11275	10.26041484503877	4.069939860684713e-6	10.26041484503877	4.069939860684713e-6
0.113	10.263221178231353	4.0377058034835045e-6	10.263221178231353	4.0377058034835045e-6
0.11325	10.266094281461557	4.005701358167357e-6	10.266094281461557	4.005701358167357e-6
0.1135	10.269033897024938	3.973893912601056e-6	10.269033897024938	3.973893912601056e-6
0.11375	10.272039849206287	3.942368419274089e-6	10.272039849206287	3.942368419274089e-6
0.114	10.275111905031947	3.911030050929298e-6	10.275111905031947	3.911030050929298e-6
0.11425	10.278249880976098	3.8799497517061354e-6	10.278249880976098	3.8799497517061354e-6
0.11449999999999999	10.281453527344237	3.849069399208815e-6	10.281453527344237	3.849069399208815e-6
0.11475	10.284722678198822	3.8184206250235775e-6	10.284722678198822	3.8184206250235775e-6
0.115	10.288057045453977	3.7879723180367364e-6	10.288057045453977	3.7879723180367364e-6
0.11525	10.29145656364833	3.7578112106473327e-6	10.29145656364833	3.7578112106473327e-6
0.1155	10.294920959295403	3.727776803685856e-6	10.294920959295403	3.727776803685856e-6
0.11575	10.298449972172776	3.6980209383585816e-6	10.298449972172776	3.6980209383585816e-6
0.11599999999999999	10.302043528853464	3.6684424831179285e-6	10.302043528853464	3.6684424831179285e-6
0.11625	10.305701363043395	3.6391176045924567e-6	10.305701363043395	3.6391176045924567e-6
0.1165	10.309423322701466	3.6099418174728726e-6	10.309423322701466	3.6099418174728726e-6
0.11675	10.313209197971503	3.581036226663059e-6	10.313209197971503	3.581036226663059e-6
0.117	10.317058819039538	3.552301398812574e-6	10.317058819039538	3.552301398812574e-6
0.11725	10.320971972050712	3.523758318024761e-6	10.320971972050712	3.523758318024761e-6
0.11750000000000001	10.324948551917506	3.495485600524262e-6	10.324948551917506	3.495485600524262e-6
0.11775000000000001	10.328988321781127	3.4673251043670916e-6	10.328988321781127	3.4673251043670916e-6
0.11800000000000001	10.333091102921456	3.439429173468511e-6	10.333091102921456	3.439429173468511e-6
0.11825000000000001	10.33725675679318	3.4117043874459796e-6	10.33725675679318	3.4117043874459796e-6
0.1185	10.341485103935256	3.38418283085673e-6	10.341485103935256	3.38418283085673e-6
0.11875	10.345776001268769	3.356852166902513e-6	10.345776001268769	3.356852166902513e-6
0.11900000000000001	10.350129231596306	3.3297185346725655e-6	10.350129231596306	3.3297185346725655e-6
0.11925000000000001	10.354544633717955	3.3027619892322946e-6	10.354544633717955	3.3027619892322946e-6
0.11950000000000001	10.35902211741273	3.2760459856007174e-6	10.35902211741273	3.2760459856007174e-6
0.11975	10.363561499796603	3.249439970431922e-6	10.363561499796603	3.249439970431922e-6
0.12	10.368162538925091	3.2230706050739855e-6	10.368162538925091	3.2230706050739855e-6
0.12025000000000001	10.372825232970284	3.1969096703221567e-6	10.372825232970284	3.1969096703221567e-6
0.12050000000000001	10.377549301026946	3.1708459999890692e-6	10.377549301026946	3.1708459999890692e-6
0.12075000000000001	10.382334633389254	3.145075373467421e-6	10.382334633389254	3.145075373467421e-6
0.121	10.387181144537683	3.119391600137078e-6	10.387181144537683	3.119391600137078e-6
0.12125	10.392088576568192	3.0939242261496247e-6	10.392088576568192	3.0939242261496247e-6
0.1215	10.397056931224554	3.0686677927604933e-6	10.397056931224554	3.0686677927604933e-6
0.12175000000000001	10.402085924546123	3.0435258970840096e-6	10.402085924546123	3.0435258970840096e-6
0.12200000000000001	10.407175471084475	3.0185939916549387e-6	10.407175471084475	3.0185939916549387e-6
0.12225	10.412325524335552	2.993839311571378e-6	10.412325524335552	2.993839311571378e-6
0.1225	10.417535798317173	2.9692358296529164e-6	10.417535798317173	2.9692358296529164e-6
0.12275	10.422806282851854	2.9448177230051442e-6	10.422806282851854	2.9448177230051442e-6
0.123	10.428136755015172	2.920562661046233e-6	10.428136755015172	2.920562661046233e-6
0.12325000000000001	10.433527158717169	2.896487670156489e-6	10.433527158717169	2.896487670156489e-6
0.12350000000000001	10.438977396871362	2.872557571365064e-6	10.438977396871362	2.872557571365064e-6
0.12375	10.444487212239961	2.8488071297516626e-6	10.444487212239961	2.8488071297516626e-6
0.124	10.450056588060448	2.8252174164578037e-6	10.450056588060448	2.8252174164578037e-6
0.12425	10.45568541708047	2.801798014928636e-6	10.45568541708047	2.801798014928636e-6
0.12450000000000001	10.461373520721919	2.7785206295760645e-6	10.461373520721919	2.7785206295760645e-6
0.12475000000000001	10.467120794730377	2.7554165420440313e-6	10.467120794730377	2.7554165420440313e-6
0.125	10.472927165555213	2.732469008392968e-6	10.472927165555213	2.732469008392968e-6
0.12525	10.4787924665001	2.7096754120492506e-6	10.4787924665001	2.7096754120492506e-6
0.1255	10.484716657436657	2.68704759420757e-6	10.484716657436657	2.68704759420757e-6
0.12575	10.490699570094916	2.6645585791129633e-6	10.490699570094916	2.6645585791129633e-6
0.126	10.496741102734555	2.6422241301560234e-6	10.496741102734555	2.6422241301560234e-6
0.12625	10.502841204585504	2.6200698037825987e-6	10.502841204585504	2.6200698037825987e-6
0.1265	10.508999706624909	2.598023483457723e-6	10.508999706624909	2.598023483457723e-6
0.12675	10.51521655403316	2.5761509263588778e-6	10.51521655403316	2.5761509263588778e-6
0.127	10.521491622506085	2.554431354440112e-6	10.521491622506085	2.554431354440112e-6
0.12725	10.527824805276227	2.5328335464536167e-6	10.527824805276227	2.5328335464536167e-6
0.1275	10.534216064468755	2.5114210249199687e-6	10.534216064468755	2.5114210249199687e-6
0.12775	10.54066529159208	2.4901210906591587e-6	10.54066529159208	2.4901210906591587e-6
0.12800000000000003	10.54717229291266	2.4689535234045934e-6	10.54717229291266	2.4689535234045934e-6
0.12825	10.553737117192345	2.447985009368381e-6	10.553737117192345	2.447985009368381e-6
0.1285	10.560359613989242	2.4270911733736966e-6	10.560359613989242	2.4270911733736966e-6
0.12875	10.567039676795464	2.406380176012135e-6	10.567039676795464	2.406380176012135e-6
0.129	10.573777297287332	2.3857986537478837e-6	10.573777297287332	2.3857986537478837e-6
0.12925	10.580572278971037	2.365335376453004e-6	10.580572278971037	2.365335376453004e-6
0.1295	10.587424635547336	2.3450426294147064e-6	10.587424635547336	2.3450426294147064e-6
0.12975	10.594334260708276	2.3248484417592863e-6	10.594334260708276	2.3248484417592863e-6
0.13	10.601301059056405	2.304814866960214e-6	10.601301059056405	2.304814866960214e-6
0.13025	10.608324970975731	2.284907926863866e-6	10.608324970975731	2.284907926863866e-6
0.1305	10.615405934352633	2.2651295399356286e-6	10.615405934352633	2.2651295399356286e-6
0.13075	10.62254384820373	2.2454799157856087e-6	10.62254384820373	2.2454799157856087e-6
0.131	10.62973865189209	2.2259700713789243e-6	10.62973865189209	2.2259700713789243e-6
0.13125	10.63699027305558	2.2065734270881876e-6	10.63699027305558	2.2065734270881876e-6
0.1315	10.644298669874221	2.1873329227872773e-6	10.644298669874221	2.1873329227872773e-6
0.13175	10.651663748714661	2.1681806323670116e-6	10.651663748714661	2.1681806323670116e-6
0.132	10.659085429411874	2.1491770620940542e-6	10.659085429411874	2.1491770620940542e-6
0.13225	10.666563717811933	2.130304704195396e-6	10.666563717811933	2.130304704195396e-6
0.1325	10.674098485287203	2.1115348367573006e-6	10.674098485287203	2.1115348367573006e-6
0.13275	10.681689670539466	2.0929002193526003e-6	10.681689670539466	2.0929002193526003e-6
0.133	10.689337267078315	2.074394306106342e-6	10.689337267078315	2.074394306106342e-6
0.13325	10.697041174055812	2.055977857295943e-6	10.697041174055812	2.055977857295943e-6
0.13349999999999998	10.704801377417594	2.037735344018188e-6	10.704801377417594	2.037735344018188e-6
0.13375	10.712617788256093	2.0195563177338727e-6	10.712617788256093	2.0195563177338727e-6
0.134	10.72049033632469	2.001516941518844e-6	10.72049033632469	2.001516941518844e-6
0.13425	10.728419040449376	1.9836079321322586e-6	10.728419040449376	1.9836079321322586e-6
0.1345	10.736403804868615	1.965798174907718e-6	10.736403804868615	1.965798174907718e-6
0.13474999999999998	10.744444577585359	1.9480946580330283e-6	10.744444577585359	1.9480946580330283e-6
0.135	10.752541295626125	1.9305304608252527e-6	10.752541295626125	1.9305304608252527e-6
0.13525	10.760693986389679	1.913057694480358e-6	10.760693986389679	1.913057694480358e-6
0.1355	10.768902560062141	1.8957092393634412e-6	10.768902560062141	1.8957092393634412e-6
0.13575	10.777166951568553	1.878467868365874e-6	10.777166951568553	1.878467868365874e-6
0.13599999999999998	10.785487166846291	1.8613323220506572e-6	10.785487166846291	1.8613323220506572e-6
0.13625	10.793863154796178	1.8443141165391808e-6	10.793863154796178	1.8443141165391808e-6
0.1365	10.802294856726615	1.827401810317042e-6	10.802294856726615	1.827401810317042e-6
0.13675	10.810782249555269	1.8105752541686115e-6	10.810782249555269	1.8105752541686115e-6
0.137	10.819325317645287	1.793901901692152e-6	10.819325317645287	1.793901901692152e-6
0.13724999999999998	10.827923986286539	1.7772807421323478e-6	10.827923986286539	1.7772807421323478e-6
0.1375	10.836578270351417	1.7608122231393963e-6	10.836578270351417	1.7608122231393963e-6
0.13774999999999998	10.84528812516714	1.744423339999912e-6	10.84528812516714	1.744423339999912e-6
0.138	10.854053485562815	1.728121016952855e-6	10.854053485562815	1.728121016952855e-6
0.13825	10.862874385536951	1.7119689719180542e-6	10.862874385536951	1.7119689719180542e-6
0.13849999999999998	10.87175076419377	1.6958614796891425e-6	10.87175076419377	1.6958614796891425e-6
0.13875	10.880682569215601	1.6799035025272246e-6	10.880682569215601	1.6799035025272246e-6
0.13899999999999998	10.889669870024619	1.6640072253437665e-6	10.889669870024619	1.6640072253437665e-6
0.13925	10.898712523642226	1.6482374984860826e-6	10.898712523642226	1.6482374984860826e-6
0.1395	10.907810573381244	1.6325495142410773e-6	10.907810573381244	1.6325495142410773e-6
0.13974999999999999	10.916964070838365	1.6169688636935575e-6	10.916964070838365	1.6169688636935575e-6
0.14	10.926172837745712	1.6014652342022373e-6	10.926172837745712	1.6014652342022373e-6
0.14024999999999999	10.935437000620068	1.5860943696210938e-6	10.935437000620068	1.5860943696210938e-6
0.1405	10.944756459268966	1.5707699221323423e-6	10.944756459268966	1.5707699221323423e-6
0.14075000000000001	10.954131233125207	1.5555945802603333e-6	10.954131233125207	1.5555945802603333e-6
0.141	10.963561349076912	1.5404617430547773e-6	10.963561349076912	1.5404617430547773e-6
0.14125000000000001	10.973046680921195	1.5254447394141835e-6	10.973046680921195	1.5254447394141835e-6
0.1415	10.982587354914468	1.51053397079437e-6	10.982587354914468	1.51053397079437e-6
0.14175000000000001	10.992183260708432	1.4956733975779457e-6	10.992183260708432	1.4956733975779457e-6
0.142	11.001834447373701	1.480947798171428e-6	11.001834447373701	1.480947798171428e-6
0.14225000000000002	11.011540897062108	1.466275477923773e-6	11.011540897062108	1.466275477923773e-6
0.14250000000000002	11.021302589120168	1.4517229329769066e-6	11.021302589120168	1.4517229329769066e-6
0.14275	11.031119520412261	1.43723061540868e-6	11.031119520412261	1.43723061540868e-6
0.14300000000000002	11.04099173959666	1.422847106802294e-6	11.04099173959666	1.422847106802294e-6
0.14325	11.050919169011951	1.40852636487665e-6	11.050919169011951	1.40852636487665e-6
0.14350000000000002	11.060901839691956	1.3943273584615667e-6	11.060901839691956	1.3943273584615667e-6
0.14375000000000002	11.070939825687045	1.380173210385749e-6	11.070939825687045	1.380173210385749e-6
0.144	11.081032999473598	1.36613210433012e-6	11.081032999473598	1.36613210433012e-6
0.14425000000000002	11.09118143601798	1.3521633617230577e-6	11.09118143601798	1.3521633617230577e-6
0.1445	11.10138516711516	1.338274715045884e-6	11.10138516711516	1.338274715045884e-6
0.14475000000000002	11.111644156265896	1.3244769441200788e-6	11.111644156265896	1.3244769441200788e-6
0.14500000000000002	11.12195841584994	1.3107599539097237e-6	11.12195841584994	1.3107599539097237e-6
0.14525	11.132327971246788	1.2971087253177416e-6	11.132327971246788	1.2971087253177416e-6
0.14550000000000002	11.142752829723989	1.283563918264008e-6	11.142752829723989	1.283563918264008e-6
0.14575	11.153233006521896	1.2700686706779152e-6	11.153233006521896	1.2700686706779152e-6
0.14600000000000002	11.16376846802404	1.256687004236312e-6	11.16376846802404	1.256687004236312e-6
0.14625000000000002	11.174359314418197	1.2433448546289583e-6	11.174359314418197	1.2433448546289583e-6
0.1465	11.185005480993581	1.230108938266028e-6	11.185005480993581	1.230108938266028e-6
0.14675000000000002	11.195707042111598	1.2169451162336031e-6	11.195707042111598	1.2169451162336031e-6
0.147	11.206463978957723	1.2038438628181325e-6	11.206463978957723	1.2038438628181325e-6
0.14725000000000002	11.217276303863697	1.1908302290919437e-6	11.217276303863697	1.1908302290919437e-6
0.1475	11.228144132437674	1.177898084847584e-6	11.228144132437674	1.177898084847584e-6
0.14775	11.239067328708316	1.1650178777244946e-6	11.239067328708316	1.1650178777244946e-6
0.14800000000000002	11.250046003056688	1.1522326666124627e-6	11.250046003056688	1.1522326666124627e-6
0.14825	11.261080230391926	1.1395093029165082e-6	11.261080230391926	1.1395093029165082e-6
0.14850000000000002	11.272169917626357	1.1268596136204678e-6	11.272169917626357	1.1268596136204678e-6
0.14875	11.283315202270526	1.1142970093303006e-6	11.283315202270526	1.1142970093303006e-6
0.149	11.29451603580468	1.1017741980978712e-6	11.29451603580468	1.1017741980978712e-6
0.14925000000000002	11.305772458571742	1.0893497144337516e-6	11.305772458571742	1.0893497144337516e-6
0.1495	11.317084555183769	1.0769899176921172e-6	11.317084555183769	1.0769899176921172e-6
0.14975000000000002	11.328452300613684	1.0646838894956545e-6	11.328452300613684	1.0646838894956545e-6
0.15	11.339875721472819	1.0524677378498382e-6	11.339875721472819	1.0524677378498382e-6
0.15025	11.351354881548787	1.040308707622728e-6	11.351354881548787	1.040308707622728e-6
0.15050000000000002	11.362889826119815	1.0282164311092856e-6	11.362889826119815	1.0282164311092856e-6
0.15075	11.374480545780056	1.016206102377737e-6	11.374480545780056	1.016206102377737e-6
0.15100000000000002	11.386127136313913	1.004230329115785e-6	11.386127136313913	1.004230329115785e-6
0.15125	11.397829550627437	9.923544164180953e-7	11.397829550627437	9.923544164180953e-7
0.1515	11.409587920237941	9.805268845752835e-7	11.409587920237941	9.805268845752835e-7
0.15175	11.421402257220766	9.687693731663671e-7	11.421402257220766	9.687693731663671e-7
0.152	11.433272523173317	9.57067356033292e-7	11.433272523173317	9.57067356033292e-7
0.15225000000000002	11.445198882017955	9.454502194472525e-7	11.445198882017955	9.454502194472525e-7
0.1525	11.45718131945321	9.338662030344835e-7	11.45718131945321	9.338662030344835e-7
0.15275	11.46921985367372	9.223679597880619e-7	11.46921985367372	9.223679597880619e-7
0.153	11.481314612402851	9.109290965980676e-7	11.481314612402851	9.109290965980676e-7
0.15325	11.493465515387927	8.995350846419115e-7	11.493465515387927	8.995350846419115e-7
0.15350000000000003	11.505672755604069	8.882304198820634e-7	11.505672755604069	8.882304198820634e-7
0.15375	11.517936297379578	8.769544059816781e-7	11.517936297379578	8.769544059816781e-7
0.154	11.53025616021384	8.657691044078319e-7	11.53025616021384	8.657691044078319e-7
0.15425	11.542632503731824	8.546162844069727e-7	11.542632503731824	8.546162844069727e-7
0.1545	11.555065251926647	8.435377134574651e-7	11.555065251926647	8.435377134574651e-7
0.15475000000000003	11.567554604662346	8.325248934681895e-7	11.567554604662346	8.325248934681895e-7
0.155	11.580100501468175	8.215473874528811e-7	11.580100501468175	8.215473874528811e-7
0.15525	11.592702985697407	8.106378128758251e-7	11.592702985697407	8.106378128758251e-7
0.1555	11.605362249160994	7.997984186047802e-7	11.605362249160994	7.997984186047802e-7
0.15575	11.618078205197083	7.889945221606354e-7	11.618078205197083	7.889945221606354e-7
0.156	11.6308509930034	7.782635860209552e-7	11.6308509930034	7.782635860209552e-7
0.15625	11.643680659022314	7.675717492716672e-7	11.643680659022314	7.675717492716672e-7
0.1565	11.656567210554046	7.569495785730851e-7	11.656567210554046	7.569495785730851e-7
0.15675	11.669510820983685	7.463731401813334e-7	11.669510820983685	7.463731401813334e-7
0.157	11.682511485421598	7.358535900614527e-7	11.682511485421598	7.358535900614527e-7
0.15725	11.69556922328435	7.253901372905602e-7	11.69556922328435	7.253901372905602e-7
0.1575	11.70868416815881	7.149773235681778e-7	11.70868416815881	7.149773235681778e-7
0.15775000000000003	11.72185639599542	7.046141341504608e-7	11.72185639599542	7.046141341504608e-7
0.158	11.735085956790318	6.943074564169649e-7	11.735085956790318	6.943074564169649e-7
0.15825	11.748372875088407	6.840490276438516e-7	11.748372875088407	6.840490276438516e-7
0.1585	11.761717234513203	6.738451898691267e-7	11.761717234513203	6.738451898691267e-7
0.15875	11.77511919558393	6.636909621882126e-7	11.77511919558393	6.636909621882126e-7
0.15900000000000003	11.788578757977177	6.535863397161279e-7	11.788578757977177	6.535863397161279e-7
0.15925	11.802095961142303	6.435277013494556e-7	11.802095961142303	6.435277013494556e-7
0.1595	11.815670928133894	6.335270605895005e-7	11.815670928133894	6.335270605895005e-7
0.15975	11.829303758521855	6.235680998223359e-7	11.829303758521855	6.235680998223359e-7
0.16	11.842994486017606	6.136621162333711e-7	11.842994486017606	6.136621162333711e-7
0.16025	11.856743172052951	6.038025635035638e-7	11.856743172052951	6.038025635035638e-7
0.1605	11.870549967414858	5.93988555230851e-7	11.870549967414858	5.93988555230851e-7
0.16075	11.884414874287387	5.842264583222345e-7	11.884414874287387	5.842264583222345e-7
0.161	11.8983380310296	5.745053859307347e-7	11.8983380310296	5.745053859307347e-7
0.16125	11.912319492421465	5.648318328610458e-7	11.912319492421465	5.648318328610458e-7
0.1615	11.926359335565916	5.552093331750996e-7	11.926359335565916	5.552093331750996e-7
0.16175	11.94045767263778	5.456232048395293e-7	11.94045767263778	5.456232048395293e-7
0.162	11.954614567757236	5.360945118937366e-7	11.954614567757236	5.360945118937366e-7
0.16225	11.968830118380845	5.266023554995058e-7	11.968830118380845	5.266023554995058e-7
0.1625	11.98310435086146	5.171506312073859e-7	11.98310435086146	5.171506312073859e-7
0.16275	11.997437511386984	5.077560221167232e-7	11.997437511386984	5.077560221167232e-7
0.163	12.011829520256821	4.98391039105428e-7	12.011829520256821	4.98391039105428e-7
0.16325	12.026280535803252	4.890767222320846e-7	12.026280535803252	4.890767222320846e-7
0.1635	12.040790670855234	4.797966277614307e-7	12.040790670855234	4.797966277614307e-7
0.16375	12.055360005106758	4.7057545593531813e-7	12.055360005106758	4.7057545593531813e-7
0.164	12.069988620897611	4.613772492945145e-7	12.069988620897611	4.613772492945145e-7
0.16425	12.084676546084443	4.522327605727128e-7	12.084676546084443	4.522327605727128e-7
0.16449999999999998	12.099424081085882	4.4312901614773637e-7	12.099424081085882	4.4312901614773637e-7
0.16475	12.114231101713026	4.3405595162582244e-7	12.114231101713026	4.3405595162582244e-7
0.165	12.1290978096423	4.2503316333153407e-7	12.1290978096423	4.2503316333153407e-7
0.16525	12.144024310338368	4.1604365996761317e-7	12.144024310338368	4.1604365996761317e-7
0.1655	12.159010670074478	4.071029668928361e-7	12.159010670074478	4.071029668928361e-7
0.16574999999999998	12.174057020825266	3.9818591268669934e-7	12.174057020825266	3.9818591268669934e-7
0.166	12.18916341658785	3.8932498291899265e-7	12.18916341658785	3.8932498291899265e-7
0.16625	12.20433002580779	3.804886050673417e-7	12.20433002580779	3.804886050673417e-7
0.1665	12.219556931331807	3.7170255717811074e-7	12.219556931331807	3.7170255717811074e-7
0.16675	12.234844189654414	3.629389491166535e-7	12.234844189654414	3.629389491166535e-7
0.16699999999999998	12.25019200241922	3.5422857358469173e-7	12.25019200241922	3.5422857358469173e-7
0.16725	12.265600385940246	3.455423049913975e-7	12.265600385940246	3.455423049913975e-7
0.1675	12.281069457033935	3.369024759170003e-7	12.281069457033935	3.369024759170003e-7
0.16775	12.29659947310366	3.2829079521512483e-7	12.29659947310366	3.2829079521512483e-7
0.168	12.312190310959277	3.197232765206337e-7	12.312190310959277	3.197232765206337e-7
0.16824999999999998	12.327842228458806	3.111794326660089e-7	12.327842228458806	3.111794326660089e-7
0.1685	12.3435553522673	3.0268175388314944e-7	12.3435553522673	3.0268175388314944e-7
0.16875	12.359329753694492	2.9421751635005933e-7	12.359329753694492	2.9421751635005933e-7
0.169	12.375165502650326	2.857769834108126e-7	12.375165502650326	2.857769834108126e-7
0.16925	12.391062800421437	2.773879348438868e-7	12.391062800421437	2.773879348438868e-7
0.16949999999999998	12.407021760246439	2.690164928598193e-7	12.407021760246439	2.690164928598193e-7
0.16975	12.423042406753913	2.606878160005266e-7	12.423042406753913	2.606878160005266e-7
0.16999999999999998	12.439124977145077	2.523875393123376e-7	12.439124977145077	2.523875393123376e-7
0.17025	12.455269517375037	2.4412530308381974e-7	12.455269517375037	2.4412530308381974e-7
0.1705	12.471476163838819	2.3589125586198634e-7	12.471476163838819	2.3589125586198634e-7
0.17074999999999999	12.487745087123596	2.2768646501525325e-7	12.487745087123596	2.2768646501525325e-7
0.171	12.504076341056372	2.1951997286606684e-7	12.504076341056372	2.1951997286606684e-7
0.17124999999999999	12.520470091851074	2.1138945993648406e-7	12.520470091851074	2.1138945993648406e-7
0.1715	12.536926487512234	2.0326978322771083e-7	12.536926487512234	2.0326978322771083e-7
0.17175	12.553445561044928	1.951986758896851e-7	12.553445561044928	1.951986758896851e-7
0.17200000000000001	12.570027575619116	1.8715885308218105e-7	12.570027575619116	1.8715885308218105e-7
0.17225000000000001	12.586672588772242	1.7913206940001203e-7	12.586672588772242	1.7913206940001203e-7
0.1725	12.603380668641922	1.711538601956164e-7	12.603380668641922	1.711538601956164e-7
0.17275000000000001	12.620152093322073	1.631968060689104e-7	12.620152093322073	1.631968060689104e-7
0.17300000000000001	12.636986896692514	1.5526732399795407e-7	12.636986896692514	1.5526732399795407e-7
0.17325000000000002	12.653885210497133	1.4736946163385056e-7	12.653885210497133	1.4736946163385056e-7
0.17350000000000002	12.670847238168585	1.3950256882999668e-7	12.670847238168585	1.3950256882999668e-7
0.17375	12.687873029092076	1.3165639134449236e-7	12.687873029092076	1.3165639134449236e-7
0.17400000000000002	12.704962791907459	1.2384503877971298e-7	12.704962791907459	1.2384503877971298e-7
0.17425	12.722116642181591	1.1605935013037083e-7	12.722116642181591	1.1605935013037083e-7
0.17450000000000002	12.739334697872078	1.0830308427856039e-7	12.739334697872078	1.0830308427856039e-7
0.17475000000000002	12.7566171719996	1.0056805832547866e-7	12.7566171719996	1.0056805832547866e-7
0.175	12.77396408838872	9.286452795631561e-8	12.77396408838872	9.286452795631561e-8
0.17525000000000002	12.791375682110207	8.518429794879268e-8	12.791375682110207	8.518429794879268e-8
0.1755	12.808852095878795	7.75326927660025e-8	12.808852095878795	7.75326927660025e-8
0.17575000000000002	12.826393410215275	6.99084578004161e-8	12.826393410215275	6.99084578004161e-8
0.17600000000000002	12.843999854533386	6.230609739255044e-8	12.843999854533386	6.230609739255044e-8
0.17625	12.86167155333394	5.472618752611069e-8	12.86167155333394	5.472618752611069e-8
0.17650000000000002	12.879408575074631	4.7179889939297226e-8	12.879408575074631	4.7179889939297226e-8
0.17675	12.897211158254523	3.9649751232273545e-8	12.897211158254523	3.9649751232273545e-8
0.17700000000000002	12.915079489314238	3.215281005330972e-8	12.915079489314238	3.215281005330972e-8
0.17725000000000002	12.933013604596722	2.466979784343515e-8	12.933013604596722	2.466979784343515e-8
0.1775	12.951013709285727	1.7219820847014233e-8	12.951013709285727	1.7219820847014233e-8
0.17775000000000002	12.969079992406392	9.78891259717507e-9	12.969079992406392	9.78891259717507e-9
0.178	12.987212582404055	2.3827015239313853e-9	12.987212582404055	2.3827015239313853e-9
0.17825000000000002	13.005411651736054	-5.0047992555812826e-9	13.005411651736054	-5.0047992555812826e-9
0.1785	13.023677288384006	-1.2365267157421478e-8	13.023677288384006	-1.2365267157421478e-8
0.17875	13.042009769276323	-1.9705783130263832e-8	13.042009769276323	-1.9705783130263832e-8
0.17900000000000002	13.060409167744	-2.7021038240260253e-8	13.060409167744	-2.7021038240260253e-8
0.17925	13.078875649660912	-3.431516248930677e-8	13.078875649660912	-3.431516248930677e-8
0.17950000000000002	13.097409471170298	-4.159049948881943e-8	13.097409471170298	-4.159049948881943e-8
0.17975	13.116010651407445	-4.8841871713722895e-8	13.116010651407445	-4.8841871713722895e-8
0.18	13.134679453535396	-5.607122893769301e-8	13.134679453535396	-5.607122893769301e-8
0.18025000000000002	13.153416049605703	-6.328617324635744e-8	13.153416049605703	-6.328617324635744e-8
0.1805	13.172220549316476	-7.047430228279694e-8	13.172220549316476	-7.047430228279694e-8
0.18075000000000002	13.191093142618971	-7.763879206201807e-8	13.191093142618971	-7.763879206201807e-8
0.181	13.210034050614025	-8.47969476858168e-8	13.210034050614025	-8.47969476858168e-8
0.18125	13.229043379796007	-9.192017558223853e-8	13.229043379796007	-9.192017558223853e-8
0.18150000000000002	13.248121322480406	-9.903431430480225e-8	13.248121322480406	-9.903431430480225e-8
0.18175	13.267268026510973	-1.061201274632495e-7	13.267268026510973	-1.061201274632495e-7
0.18200000000000002	13.286483769777965	-1.131984493918381e-7	13.286483769777965	-1.131984493918381e-7
0.18225	13.305768627882614	-1.202475518047308e-7	13.305768627882614	-1.202475518047308e-7
0.1825	13.325122725966244	-1.272872908186784e-7	13.325122725966244	-1.272872908186784e-7
0.18275	13.34454643112168	-1.3429958811705944e-7	13.34454643112168	-1.3429958811705944e-7
0.183	13.36403977546281	-1.4129901682036206e-7	13.36403977546281	-1.4129901682036206e-7
0.18325000000000002	13.383602954288182	-1.4828300731739574e-7	13.383602954288182	-1.4828300731739574e-7
0.1835	13.403236226991847	-1.552447335129159e-7	13.403236226991847	-1.552447335129159e-7
0.18375	13.422939668225297	-1.6219184706400824e-7	13.422939668225297	-1.6219184706400824e-7
0.184	13.442713547718315	-1.691188582508829e-7	13.442713547718315	-1.691188582508829e-7
0.18425	13.462558041847327	-1.76036023535886e-7	13.462558041847327	-1.76036023535886e-7
0.18450000000000003	13.48247326805661	-1.8292592640634098e-7	13.48247326805661	-1.8292592640634098e-7
0.18475	13.502459526782506	-1.8981100291526332e-7	13.502459526782506	-1.8981100291526332e-7
0.185	13.522516894031183	-1.966750668991324e-7	13.522516894031183	-1.966750668991324e-7
0.18525	13.542645639258815	-2.0352202056983515e-7	13.542645639258815	-2.0352202056983515e-7
0.1855	13.562845930874719	-2.1035405417535458e-7	13.562845930874719	-2.1035405417535458e-7
0.18575000000000003	13.583117957582559	-2.1717270892729346e-7	13.583117957582559	-2.1717270892729346e-7
0.186	13.60346192146178	-2.2397604104718027e-7	13.60346192146178	-2.2397604104718027e-7
0.18625	13.623877991836483	-2.3076626454177074e-7	13.623877991836483	-2.3076626454177074e-7
0.1865	13.644366411418689	-2.3753287892169794e-7	13.644366411418689	-2.3753287892169794e-7
0.18675	13.664927355694331	-2.4429883027643484e-7	13.664927355694331	-2.4429883027643484e-7
0.187	13.685561024682027	-2.510367145269754e-7	13.685561024682027	-2.510367145269754e-7
0.18725	13.70626760524359	-2.577707096662607e-7	13.70626760524359	-2.577707096662607e-7
0.18750000000000003	13.72704733509548	-2.644915630956035e-7	13.72704733509548	-2.644915630956035e-7
0.18775	13.74790036034845	-2.711912787667359e-7	13.74790036034845	-2.711912787667359e-7
0.188	13.768826974512347	-2.778847481010871e-7	13.768826974512347	-2.778847481010871e-7
0.18825	13.789827295219952	-2.8455679967898106e-7	13.789827295219952	-2.8455679967898106e-7
0.1885	13.810901565639833	-2.9122719746865755e-7	13.810901565639833	-2.9122719746865755e-7
0.18875000000000003	13.83205003381922	-2.9787970690087207e-7	13.83205003381922	-2.9787970690087207e-7
0.189	13.853272819904689	-3.0451817956134164e-7	13.853272819904689	-3.0451817956134164e-7
0.18925	13.874570225926039	-3.111436075453611e-7	13.874570225926039	-3.111436075453611e-7
0.1895	13.895942439126916	-3.1776844156006234e-7	13.895942439126916	-3.1776844156006234e-7
0.18975	13.917389592193736	-3.243647315187559e-7	13.917389592193736	-3.243647315187559e-7
0.19000000000000003	13.938912008888167	-3.309650824512289e-7	13.938912008888167	-3.309650824512289e-7
0.19025	13.960509924390143	-3.3754368988780925e-7	13.960509924390143	-3.3754368988780925e-7
0.1905	13.982183411171377	-3.44112504269134e-7	13.982183411171377	-3.44112504269134e-7
0.19075	14.003932834772694	-3.506795334118351e-7	14.003932834772694	-3.506795334118351e-7
0.191	14.025758324717003	-3.572207725177634e-7	14.025758324717003	-3.572207725177634e-7
0.19125000000000003	14.04766013380241	-3.6377119227992694e-7	14.04766013380241	-3.6377119227992694e-7
0.1915	14.069638534743582	-3.7029534105670336e-7	14.069638534743582	-3.7029534105670336e-7
0.19175	14.091693647346588	-3.7681625064678315e-7	14.091693647346588	-3.7681625064678315e-7
0.192	14.113825804805375	-3.8332734142443314e-7	14.113825804805375	-3.8332734142443314e-7
0.19225	14.136035168836216	-3.8982528582920395e-7	14.136035168836216	-3.8982528582920395e-7
0.1925	14.158321976934428	-3.963183186073138e-7	14.158321976934428	-3.963183186073138e-7
0.19275	14.180686487374832	-4.028056714844297e-7	14.180686487374832	-4.028056714844297e-7
0.193	14.203128918623076	-4.092748753237174e-7	14.203128918623076	-4.092748753237174e-7
0.19325	14.225649456673107	-4.157383561853578e-7	14.225649456673107	-4.157383561853578e-7
0.1935	14.248248431631328	-4.222017295774094e-7	14.248248431631328	-4.222017295774094e-7
0.19375	14.270926012297947	-4.2864002836040527e-7	14.270926012297947	-4.2864002836040527e-7
0.194	14.293682438576989	-4.3509077629622084e-7	14.293682438576989	-4.3509077629622084e-7
0.19425	14.316517980632822	-4.415176970695711e-7	14.316517980632822	-4.415176970695711e-7
0.1945	14.339432829228588	-4.4794577513940226e-7	14.339432829228588	-4.4794577513940226e-7
0.19475	14.36242731068127	-4.543685698799038e-7	14.36242731068127	-4.543685698799038e-7
0.195	14.385501565140316	-4.6077068827088397e-7	14.385501565140316	-4.6077068827088397e-7
0.19525	14.408655891907998	-4.671804934019974e-7	14.408655891907998	-4.671804934019974e-7
0.1955	14.431890570206376	-4.735794432164653e-7	14.431890570206376	-4.735794432164653e-7
0.19575	14.45520577314698	-4.799631536656079e-7	14.45520577314698	-4.799631536656079e-7
0.196	14.47860180262249	-4.863563876078558e-7	14.47860180262249	-4.863563876078558e-7
0.19625	14.502078918073625	-4.927286663125585e-7	14.502078918073625	-4.927286663125585e-7
0.1965	14.525637269536173	-4.990997237719341e-7	14.525637269536173	-4.990997237719341e-7
0.19674999999999998	14.549277267133103	-5.054778529078874e-7	14.549277267133103	-5.054778529078874e-7
0.197	14.572999088735273	-5.118228023626159e-7	14.572999088735273	-5.118228023626159e-7
0.19725	14.596802912489624	-5.181905149420629e-7	14.596802912489624	-5.181905149420629e-7
0.1975	14.620689130765852	-5.245378162932468e-7	14.620689130765852	-5.245378162932468e-7
0.19775	14.644657944347234	-5.308782133894852e-7	14.644657944347234	-5.308782133894852e-7
0.19799999999999998	14.66870959833969	-5.372294427097302e-7	14.66870959833969	-5.372294427097302e-7
0.19825	14.692844380317156	-5.435595413771921e-7	14.692844380317156	-5.435595413771921e-7
0.1985	14.717062536228081	-5.498902546641204e-7	14.717062536228081	-5.498902546641204e-7
0.19875	14.741364359652103	-5.562265812386613e-7	14.741364359652103	-5.562265812386613e-7
0.199	14.76575009460051	-5.625404901898889e-7	14.76575009460051	-5.625404901898889e-7
0.19924999999999998	14.790219992482509	-5.688649458157613e-7	14.790219992482509	-5.688649458157613e-7
0.1995	14.814774391211337	-5.751827285571665e-7	14.814774391211337	-5.751827285571665e-7
0.19975	14.839413454601338	-5.814909691537196e-7	14.839413454601338	-5.814909691537196e-7
0.2	14.864137578835972	-5.878108879642241e-7	14.864137578835972	-5.878108879642241e-7
0.20025	14.888946971278601	-5.941094722849982e-7	14.888946971278601	-5.941094722849982e-7
0.20049999999999998	14.913841850531583	-6.004168500162166e-7	14.913841850531583	-6.004168500162166e-7
0.20075	14.938822656069611	-6.067219757710518e-7	14.938822656069611	-6.067219757710518e-7
0.20099999999999998	14.963889521710215	-6.130162146789075e-7	14.963889521710215	-6.130162146789075e-7
0.20125	14.989042767095224	-6.19315110750307e-7	14.989042767095224	-6.19315110750307e-7
0.2015	15.014282712758513	-6.256065390175536e-7	15.014282712758513	-6.256065390175536e-7
0.20175	15.039609597988584	-6.319063601267771e-7	15.039609597988584	-6.319063601267771e-7
0.202	15.065023754607726	-6.38194121549418e-7	15.065023754607726	-6.38194121549418e-7
0.20224999999999999	15.090525449411562	-6.444867413080146e-7	15.090525449411562	-6.444867413080146e-7
0.2025	15.116114903288988	-6.507730176963378e-7	15.116114903288988	-6.507730176963378e-7
0.20275	15.141792547027464	-6.570661312821358e-7	15.141792547027464	-6.570661312821358e-7
0.203	15.167558572009744	-6.633369604713835e-7	15.167558572009744	-6.633369604713835e-7
0.20325000000000001	15.19341327137303	-6.696401246841788e-7	15.19341327137303	-6.696401246841788e-7
0.2035	15.219357034785087	-6.759182493709659e-7	15.219357034785087	-6.759182493709659e-7
0.20375000000000001	15.24539001855128	-6.822047833310307e-7	15.24539001855128	-6.822047833310307e-7
0.20400000000000001	15.271512611814963	-6.884896244230276e-7	15.271512611814963	-6.884896244230276e-7
0.20425000000000001	15.297725171898835	-6.947728774520101e-7	15.297725171898835	-6.947728774520101e-7
0.20450000000000002	15.324027862874523	-7.010543603414021e-7	15.324027862874523	-7.010543603414021e-7
0.20475	15.350421053312214	-7.073474712626648e-7	15.350421053312214	-7.073474712626648e-7
0.20500000000000002	15.376905086436956	-7.136327155876643e-7	15.376905086436956	-7.136327155876643e-7
0.20525	15.403480243554293	-7.199208091890341e-7	15.403480243554293	-7.199208091890341e-7
0.20550000000000002	15.430146803540602	-7.261956840309836e-7	15.430146803540602	-7.261956840309836e-7
0.20575000000000002	15.456905102983352	-7.32496535427174e-7	15.456905102983352	-7.32496535427174e-7
0.206	15.483755473249108	-7.387820541993051e-7	15.483755473249108	-7.387820541993051e-7
0.20625000000000002	15.51069821669313	-7.450762291583146e-7	15.51069821669313	-7.450762291583146e-7
0.2065	15.53773364148215	-7.513688213833802e-7	15.53773364148215	-7.513688213833802e-7
0.20675000000000002	15.564862036861655	-7.576633356265461e-7	15.564862036861655	-7.576633356265461e-7
0.20700000000000002	15.592083785531091	-7.639540777759635e-7	15.592083785531091	-7.639540777759635e-7
0.20725	15.619399204046246	-7.702652426999634e-7	15.619399204046246	-7.702652426999634e-7
0.20750000000000002	15.646808553305817	-7.765508973633928e-7	15.646808553305817	-7.765508973633928e-7
0.20775	15.674312218911753	-7.828708064039347e-7	15.674312218911753	-7.828708064039347e-7
0.20800000000000002	15.701910497996675	-7.891649573821269e-7	15.701910497996675	-7.891649573821269e-7
0.20825000000000002	15.729603739893236	-7.954872573989746e-7	15.729603739893236	-7.954872573989746e-7
0.2085	15.757392289844631	-8.017883867950104e-7	15.757392289844631	-8.017883867950104e-7
0.20875000000000002	15.785276395705885	-8.081073294974317e-7	15.785276395705885	-8.081073294974317e-7
0.209	15.813256528995918	-8.144293186518325e-7	15.813256528995918	-8.144293186518325e-7
0.20925000000000002	15.841332916755649	-8.207541020155418e-7	15.841332916755649	-8.207541020155418e-7
0.2095	15.86950590807886	-8.270748690364371e-7	15.86950590807886	-8.270748690364371e-7
0.20975	15.89777592800042	-8.334057932657402e-7	15.89777592800042	-8.334057932657402e-7
0.21000000000000002	15.926143238216032	-8.397456667808001e-7	15.926143238216032	-8.397456667808001e-7
0.21025	15.954608188911847	-8.460777873864345e-7	15.954608188911847	-8.460777873864345e-7
0.21050000000000002	15.98317116577441	-8.52427636033326e-7	15.98317116577441	-8.52427636033326e-7
0.21075	16.011832468640915	-8.587727453601701e-7	16.011832468640915	-8.587727453601701e-7
0.211	16.040592490100025	-8.651309864049495e-7	16.040592490100025	-8.651309864049495e-7
0.21125000000000002	16.0694516194693	-8.714847430368877e-7	16.0694516194693	-8.714847430368877e-7
0.2115	16.098410086163764	-8.778452098567868e-7	16.098410086163764	-8.778452098567868e-7
0.21175000000000002	16.1274683064795	-8.842141516751667e-7	16.1274683064795	-8.842141516751667e-7
0.212	16.15662673226144	-8.905970219075243e-7	16.15662673226144	-8.905970219075243e-7
0.21225	16.18588561013531	-8.969705982408982e-7	16.18588561013531	-8.969705982408982e-7
0.21250000000000002	16.215245303333887	-9.033532490931862e-7	16.215245303333887	-9.033532490931862e-7
0.21275	16.24470624430729	-9.097561060045223e-7	16.24470624430729	-9.097561060045223e-7
0.21300000000000002	16.274268707685497	-9.161384104672265e-7	16.274268707685497	-9.161384104672265e-7
0.21325	16.30393321175804	-9.225640376087085e-7	16.30393321175804	-9.225640376087085e-7
0.2135	16.333699986685616	-9.289531837097798e-7	16.333699986685616	-9.289531837097798e-7
0.21375000000000002	16.36356939831954	-9.353834498071478e-7	16.36356939831954	-9.353834498071478e-7
0.214	16.393541961710447	-9.418050286313928e-7	16.393541961710447	-9.418050286313928e-7
0.21425000000000002	16.423617908458464	-9.482345166844652e-7	16.423617908458464	-9.482345166844652e-7
0.2145	16.453797717613863	-9.546859471853963e-7	16.453797717613863	-9.546859471853963e-7
0.21475	16.48408166856052	-9.61113419073456e-7	16.48408166856052	-9.61113419073456e-7
0.215	16.514470235236846	-9.675809309328542e-7	16.514470235236846	-9.675809309328542e-7
0.21525	16.544963805684933	-9.740450215289798e-7	16.544963805684933	-9.740450215289798e-7
0.21550000000000002	16.575562670844707	-9.805048595268318e-7	16.575562670844707	-9.805048595268318e-7
0.21575	16.60626731774294	-9.869922035221634e-7	16.60626731774294	-9.869922035221634e-7
0.216	16.63707806741221	-9.934739608752352e-7	16.63707806741221	-9.934739608752352e-7
0.21625	16.667995395422306	-9.999718182385209e-7	16.667995395422306	-9.999718182385209e-7
0.2165	16.699019628117373	-1.0064738553694497e-6	16.699019628117373	-1.0064738553694497e-6
0.21675000000000003	16.730151143606054	-1.0129862006991175e-6	16.730151143606054	-1.0129862006991175e-6
0.217	16.761390464659918	-1.0195145323521615e-6	16.761390464659918	-1.0195145323521615e-6
0.21725000000000003	16.792737843540028	-1.0260370570946975e-6	16.792737843540028	-1.0260370570946975e-6
0.2175	16.824193807123127	-1.0325859651771907e-6	16.824193807123127	-1.0325859651771907e-6
0.21775	16.8557586362708	-1.0391184508407036e-6	16.8557586362708	-1.0391184508407036e-6
0.21800000000000003	16.887432851140098	-1.045701988999781e-6	16.887432851140098	-1.045701988999781e-6
0.21825	16.91921691280437	-1.0522595514927957e-6	16.91921691280437	-1.0522595514927957e-6
0.21850000000000003	16.951111028453845	-1.0588358714258561e-6	16.951111028453845	-1.0588358714258561e-6
0.21875	16.983115752232607	-1.0654289912537251e-6	16.983115752232607	-1.0654289912537251e-6
0.219	17.015231501513256	-1.072025407999888e-6	17.015231501513256	-1.072025407999888e-6
0.21925	17.04745871322832	-1.0786477977475784e-6	17.04745871322832	-1.0786477977475784e-6
0.2195	17.079797737950614	-1.0852582619236273e-6	17.079797737950614	-1.0852582619236273e-6
0.21975000000000003	17.11224901479413	-1.091891011384405e-6	17.11224901479413	-1.091891011384405e-6
0.22	17.144813077294287	-1.0985459084622562e-6	17.144813077294287	-1.0985459084622562e-6
0.22025	17.177490199069823	-1.1051838306741502e-6	17.177490199069823	-1.1051838306741502e-6
0.2205	17.210280915532195	-1.1118722831326977e-6	17.210280915532195	-1.1118722831326977e-6
0.22075	17.243185666392357	-1.1185294210847019e-6	17.243185666392357	-1.1185294210847019e-6
0.22100000000000003	17.276204768594773	-1.125228176412918e-6	17.276204768594773	-1.125228176412918e-6
0.22125	17.309338860774236	-1.1319318042879445e-6	17.309338860774236	-1.1319318042879445e-6
0.2215	17.342588220858964	-1.138636151587491e-6	17.342588220858964	-1.138636151587491e-6
0.22175	17.375953305599438	-1.1453741892708535e-6	17.375953305599438	-1.1453741892708535e-6
0.222	17.409434677304784	-1.1521055363061805e-6	17.409434677304784	-1.1521055363061805e-6
0.22225000000000003	17.443032704559627	-1.1588646220417331e-6	17.443032704559627	-1.1588646220417331e-6
0.2225	17.476747781636465	-1.165615874043624e-6	17.476747781636465	-1.165615874043624e-6
0.22275	17.510580493774608	-1.172413435668318e-6	17.510580493774608	-1.172413435668318e-6
0.223	17.544531228633574	-1.1791805789584942e-6	17.544531228633574	-1.1791805789584942e-6
0.22325	17.578600390299602	-1.1860014517139916e-6	17.578600390299602	-1.1860014517139916e-6
0.2235	17.612788587490474	-1.1928147811701706e-6	17.612788587490474	-1.1928147811701706e-6
0.22375	17.64709615661277	-1.1996395841151752e-6	17.64709615661277	-1.1996395841151752e-6
0.224	17.681523605429774	-1.2064925067889476e-6	17.681523605429774	-1.2064925067889476e-6
0.22425	17.716071407541314	-1.213347861295233e-6	17.716071407541314	-1.213347861295233e-6
0.2245	17.750740044964967	-1.2202277890338564e-6	17.750740044964967	-1.2202277890338564e-6
0.22475	17.78552996849591	-1.2271040894518137e-6	17.78552996849591	-1.2271040894518137e-6
0.225	17.820441669140305	-1.2340176116509838e-6	17.820441669140305	-1.2340176116509838e-6
0.22525	17.855475645734806	-1.2409308496330596e-6	17.855475645734806	-1.2409308496330596e-6
0.2255	17.89063235199774	-1.2478571491669754e-6	17.89063235199774	-1.2478571491669754e-6
0.22575	17.925912287198148	-1.2548122949596063e-6	17.925912287198148	-1.2548122949596063e-6
0.226	17.961315962898453	-1.2617797349179227e-6	17.961315962898453	-1.2617797349179227e-6
0.22625	17.996843827692455	-1.2687421531154541e-6	17.996843827692455	-1.2687421531154541e-6
0.2265	18.032496358100154	-1.2757434504351295e-6	18.032496358100154	-1.2757434504351295e-6
0.22675	18.06827414048211	-1.2827603566023527e-6	18.06827414048211	-1.2827603566023527e-6
0.227	18.104177629198794	-1.289777161517236e-6	18.104177629198794	-1.289777161517236e-6
0.22725	18.140207277779375	-1.2968269142987765e-6	18.140207277779375	-1.2968269142987765e-6
0.2275	18.176363655797694	-1.3038784061336628e-6	18.176363655797694	-1.3038784061336628e-6
0.22774999999999998	18.212647224059893	-1.3109516938669685e-6	18.212647224059893	-1.3109516938669685e-6
0.228	18.24905855503353	-1.3180555828995466e-6	18.24905855503353	-1.3180555828995466e-6
0.22825	18.285598136295025	-1.3251480073250832e-6	18.285598136295025	-1.3251480073250832e-6
0.2285	18.322266431166284	-1.3322847447483355e-6	18.322266431166284	-1.3322847447483355e-6
0.22875	18.35906401715298	-1.3394214590789488e-6	18.35906401715298	-1.3394214590789488e-6
0.22899999999999998	18.395991400290466	-1.3465884443064624e-6	18.395991400290466	-1.3465884443064624e-6
0.22925	18.433049137944035	-1.3537624106163548e-6	18.433049137944035	-1.3537624106163548e-6
0.2295	18.4702377027665	-1.360957847751365e-6	18.4702377027665	-1.360957847751365e-6
0.22975	18.507557641203555	-1.3681687462963055e-6	18.507557641203555	-1.3681687462963055e-6
0.23	18.5450095260092	-1.3754073666660815e-6	18.5450095260092	-1.3754073666660815e-6
0.23024999999999998	18.582593858535002	-1.3826553981743928e-6	18.582593858535002	-1.3826553981743928e-6
0.2305	18.620311197198337	-1.3899233319847326e-6	18.620311197198337	-1.3899233319847326e-6
0.23075	18.65816205744284	-1.3972136851947425e-6	18.65816205744284	-1.3972136851947425e-6
0.231	18.696146959850072	-1.404505459490224e-6	18.696146959850072	-1.404505459490224e-6
0.23125	18.734266619656005	-1.411863017608539e-6	18.734266619656005	-1.411863017608539e-6
0.2315	18.77252140060732	-1.4191732820023617e-6	18.77252140060732	-1.4191732820023617e-6
0.23175	18.81091184857423	-1.4265580112748921e-6	18.81091184857423	-1.4265580112748921e-6
0.23199999999999998	18.849438759979133	-1.433943145556782e-6	18.849438759979133	-1.433943145556782e-6
0.23225	18.888102456613666	-1.4413343514263488e-6	18.888102456613666	-1.4413343514263488e-6
0.2325	18.926903559454153	-1.4487651469607954e-6	18.926903559454153	-1.4487651469607954e-6
0.23275	18.96584267190272	-1.456208252648139e-6	18.96584267190272	-1.456208252648139e-6
0.233	19.004920361214978	-1.4636735574669046e-6	19.004920361214978	-1.4636735574669046e-6
0.23324999999999999	19.044137277960587	-1.4711651967758144e-6	19.044137277960587	-1.4711651967758144e-6
0.2335	19.08349383080929	-1.4786583601988923e-6	19.08349383080929	-1.4786583601988923e-6
0.23375	19.1229906642588	-1.486187109378534e-6	19.1229906642588	-1.486187109378534e-6
0.234	19.162628459784493	-1.4937502950118642e-6	19.162628459784493	-1.4937502950118642e-6
0.23425	19.202407696130468	-1.5012873788577963e-6	19.202407696130468	-1.5012873788577963e-6
0.2345	19.242329028782876	-1.5089111204957817e-6	19.242329028782876	-1.5089111204957817e-6
0.23475000000000001	19.28239305021078	-1.5165110536230486e-6	19.28239305021078	-1.5165110536230486e-6
0.23500000000000001	19.322600236224098	-1.52413471887769e-6	19.322600236224098	-1.52413471887769e-6
0.23525000000000001	19.362951362582972	-1.5318150143883713e-6	19.362951362582972	-1.5318150143883713e-6
0.23550000000000001	19.403446965959105	-1.5394743435592773e-6	19.403446965959105	-1.5394743435592773e-6
0.23575	19.444087646452687	-1.547186501582587e-6	19.444087646452687	-1.547186501582587e-6
0.23600000000000002	19.484873981031857	-1.5548960767830522e-6	19.484873981031857	-1.5548960767830522e-6
0.23625000000000002	19.525806582838833	-1.562650066233573e-6	19.525806582838833	-1.562650066233573e-6
0.23650000000000002	19.56688622366881	-1.5704346143508019e-6	19.56688622366881	-1.5704346143508019e-6
0.23675000000000002	19.608113337211734	-1.5782022408927787e-6	19.608113337211734	-1.5782022408927787e-6
0.237	19.64948861617144	-1.58603641509103e-6	19.64948861617144	-1.58603641509103e-6
0.23725000000000002	19.691012759776697	-1.5938657842440307e-6	19.691012759776697	-1.5938657842440307e-6
0.2375	19.73268624600106	-1.6017319968142374e-6	19.73268624600106	-1.6017319968142374e-6
0.23775000000000002	19.77450988772381	-1.6096223056649706e-6	19.77450988772381	-1.6096223056649706e-6
0.23800000000000002	19.816484215807684	-1.6175340178392617e-6	19.816484215807684	-1.6175340178392617e-6
0.23825	19.858609837287005	-1.6254645576196936e-6	19.858609837287005	-1.6254645576196936e-6
0.23850000000000002	19.900887559331757	-1.6334363532877205e-6	19.900887559331757	-1.6334363532877205e-6
0.23875	19.94331787630017	-1.6414096499772768e-6	19.94331787630017	-1.6414096499772768e-6
0.23900000000000002	19.985901518887005	-1.6494264194477637e-6	19.985901518887005	-1.6494264194477637e-6
0.23925000000000002	20.028639121711812	-1.657461192294818e-6	20.028639121711812	-1.657461192294818e-6
0.2395	20.07153138872009	-1.6655209282845362e-6	20.07153138872009	-1.6655209282845362e-6
0.23975000000000002	20.114578925358238	-1.6736079651025193e-6	20.114578925358238	-1.6736079651025193e-6
0.24	20.157782384872945	-1.6817191870188708e-6	20.157782384872945	-1.6817191870188708e-6
0.24025000000000002	20.201142598593528	-1.689867421106328e-6	20.201142598593528	-1.689867421106328e-6
0.24050000000000002	20.244660029792776	-1.6980139800892857e-6	20.244660029792776	-1.6980139800892857e-6
0.24075	20.288335494115984	-1.7062214077157023e-6	20.288335494115984	-1.7062214077157023e-6
0.24100000000000002	20.33216968298355	-1.7144275492597671e-6	20.33216968298355	-1.7144275492597671e-6
0.24125	20.376163222397256	-1.7226840682837974e-6	20.376163222397256	-1.7226840682837974e-6
0.24150000000000002	20.420316801740235	-1.7309378339547266e-6	20.420316801740235	-1.7309378339547266e-6
0.24175	20.46463116691569	-1.7392484323863755e-6	20.46463116691569	-1.7392484323863755e-6
0.242	20.50910706669218	-1.7475741795891508e-6	20.50910706669218	-1.7475741795891508e-6
0.24225000000000002	20.553745062424184	-1.7559153544510764e-6	20.553745062424184	-1.7559153544510764e-6
0.2425	20.598545970774637	-1.7643171918990674e-6	20.598545970774637	-1.7643171918990674e-6
0.24275000000000002	20.64351047956967	-1.772707332037271e-6	20.64351047956967	-1.772707332037271e-6
0.243	20.68863931885914	-1.781151578228446e-6	20.68863931885914	-1.781151578228446e-6
0.24325	20.73393318942655	-1.7896186683685755e-6	20.73393318942655	-1.7896186683685755e-6
0.24350000000000002	20.779392839508652	-1.7981197082406197e-6	20.779392839508652	-1.7981197082406197e-6
0.24375	20.825018978177326	-1.8066264289018363e-6	20.825018978177326	-1.8066264289018363e-6
0.24400000000000002	20.87081232578742	-1.8151954268574855e-6	20.87081232578742	-1.8151954268574855e-6
0.24425	20.91677368337534	-1.8237565075907014e-6	20.91677368337534	-1.8237565075907014e-6
0.2445	20.96290376656702	-1.8323952311050107e-6	20.96290376656702	-1.8323952311050107e-6
0.24475000000000002	21.009203257963524	-1.8410092170739745e-6	21.009203257963524	-1.8410092170739745e-6
0.245	21.05567299999996	-1.8496949056867606e-6	21.05567299999996	-1.8496949056867606e-6
0.24525000000000002	21.102313776982314	-1.8583922987147616e-6	21.102313776982314	-1.8583922987147616e-6
0.2455	21.14912615926385	-1.8671192698604955e-6	21.14912615926385	-1.8671192698604955e-6
0.24575	21.196111133807634	-1.8758913356009543e-6	21.196111133807634	-1.8758913356009543e-6
0.246	21.243269375812666	-1.8846662932503477e-6	21.243269375812666	-1.8846662932503477e-6
0.24625	21.29060160750027	-1.8935041801171337e-6	21.29060160750027	-1.8935041801171337e-6
0.24650000000000002	21.338108701710535	-1.9023531603323818e-6	21.338108701710535	-1.9023531603323818e-6
0.24675	21.38579142707007	-1.9112407478871773e-6	21.38579142707007	-1.9112407478871773e-6
0.24700000000000003	21.433650502973855	-1.9201471310736906e-6	21.433650502973855	-1.9201471310736906e-6
0.24725	21.48168677516593	-1.929111537180006e-6	21.48168677516593	-1.929111537180006e-6
0.2475	21.529901071451444	-1.938086233721492e-6	21.529901071451444	-1.938086233721492e-6
0.24775000000000003	21.578294106106576	-1.9471025147765886e-6	21.578294106106576	-1.9471025147765886e-6
0.248	21.626866756182743	-1.9561364084097477e-6	21.626866756182743	-1.9561364084097477e-6
0.24825000000000003	21.67561978673078	-1.965232183209764e-6	21.67561978673078	-1.965232183209764e-6
0.2485	21.724554135317938	-1.974339157939653e-6	21.724554135317938	-1.974339157939653e-6
0.24875	21.773670430076763	-1.9834729911849536e-6	21.773670430076763	-1.9834729911849536e-6
0.24900000000000003	21.822969586036514	-1.9926611845022535e-6	21.822969586036514	-1.9926611845022535e-6
0.24925	21.87245254380811	-2.001876326929164e-6	21.87245254380811	-2.001876326929164e-6
0.24950000000000003	21.922119945439764	-2.0111115635046417e-6	21.922119945439764	-2.0111115635046417e-6
0.24975	21.971972775252688	-2.0204005632962208e-6	21.971972775252688	-2.0204005632962208e-6
0.25	22.022011826408843	-2.0297112204303858e-6	22.022011826408843	-2.0297112204303858e-6
0.25025	22.072237912938334	-2.0390511927814714e-6	22.072237912938334	-2.0390511927814714e-6
0.2505	22.122651978693977	-2.0484447045276966e-6	22.122651978693977	-2.0484447045276966e-6
0.25075000000000003	22.173254829122826	-2.0578598647347235e-6	22.173254829122826	-2.0578598647347235e-6
0.251	22.22404730977574	-2.067301419828027e-6	22.22404730977574	-2.067301419828027e-6
0.25125	22.275030321566835	-2.0768216302258224e-6	22.275030321566835	-2.0768216302258224e-6
0.2515	22.32620479166681	-2.0863119818415043e-6	22.32620479166681	-2.0863119818415043e-6
0.25175000000000003	22.377571528143818	-2.0958972530848996e-6	22.377571528143818	-2.0958972530848996e-6
0.252	22.4291313969617	-2.1054784227203527e-6	22.4291313969617	-2.1054784227203527e-6
0.25225000000000003	22.48088533205417	-2.1151124638407737e-6	22.48088533205417	-2.1151124638407737e-6
0.2525	22.53283432414098	-2.1248036929932823e-6	22.53283432414098	-2.1248036929932823e-6
0.25275	22.584979123750987	-2.1344718401650198e-6	22.584979123750987	-2.1344718401650198e-6
0.253	22.637320645600994	-2.1442513560288035e-6	22.637320645600994	-2.1442513560288035e-6
0.25325000000000003	22.68985997811668	-2.1540228729577393e-6	22.68985997811668	-2.1540228729577393e-6
0.2535	22.742597826939072	-2.163822044209951e-6	22.742597826939072	-2.163822044209951e-6
0.25375	22.795535200124448	-2.173697863483426e-6	22.795535200124448	-2.173697863483426e-6
0.254	22.848673166381886	-2.1835988821550245e-6	22.848673166381886	-2.1835988821550245e-6
0.25425000000000003	22.90201237380707	-2.1934973659654133e-6	22.90201237380707	-2.1934973659654133e-6
0.2545	22.9555539892241	-2.203518148391481e-6	22.9555539892241	-2.203518148391481e-6
0.25475000000000003	23.00929896960308	-2.213493393909971e-6	23.00929896960308	-2.213493393909971e-6
0.255	23.06324807744427	-2.22354346313125e-6	23.06324807744427	-2.22354346313125e-6
0.25525	23.11740244701451	-2.2336577885084807e-6	23.11740244701451	-2.2336577885084807e-6
0.2555	23.17176295722944	-2.243747012187214e-6	23.17176295722944	-2.243747012187214e-6
0.25575000000000003	23.226330643460958	-2.253951830510914e-6	23.226330643460958	-2.253951830510914e-6
0.25600000000000006	23.28110638463131	-2.2641408730095236e-6	23.28110638463131	-2.2641408730095236e-6
0.25625	23.336091270215107	-2.274389611756078e-6	23.336091270215107	-2.274389611756078e-6
0.2565	23.391286243435147	-2.2846960199274235e-6	23.391286243435147	-2.2846960199274235e-6
0.25675000000000003	23.446692246148544	-2.2949957649842645e-6	23.446692246148544	-2.2949957649842645e-6
0.257	23.502310366443865	-2.3053862872046693e-6	23.502310366443865	-2.3053862872046693e-6
0.25725	23.558141593310552	-2.3158051547511604e-6	23.558141593310552	-2.3158051547511604e-6
0.2575	23.61418684517266	-2.326229900262433e-6	23.61418684517266	-2.326229900262433e-6
0.25775	23.670447238752452	-2.336763028409905e-6	23.670447238752452	-2.336763028409905e-6
0.258	23.726923843387794	-2.3472817574088367e-6	23.726923843387794	-2.3472817574088367e-6
0.25825000000000004	23.7836174977816	-2.3578551928693514e-6	23.7836174977816	-2.3578551928693514e-6
0.2585	23.840529466381785	-2.3684999224116154e-6	23.840529466381785	-2.3684999224116154e-6
0.25875	23.89766065471086	-2.3791372978365644e-6	23.89766065471086	-2.3791372978365644e-6
0.259	23.95501208728762	-2.38986136835706e-6	23.95501208728762	-2.38986136835706e-6
0.25925000000000004	24.01258497612357	-2.4006270109566685e-6	24.01258497612357	-2.4006270109566685e-6
0.2595	24.07038022720713	-2.411385327860671e-6	24.07038022720713	-2.411385327860671e-6
0.25975	24.128398964631252	-2.422270076962718e-6	24.128398964631252	-2.422270076962718e-6
0.26	24.1866423208578	-2.433122741507532e-6	24.1866423208578	-2.433122741507532e-6
0.26025	24.24511126527458	-2.444066034001935e-6	24.24511126527458	-2.444066034001935e-6
0.2605	24.303806953708744	-2.4550398922684735e-6	24.303806953708744	-2.4550398922684735e-6
0.26075000000000004	24.362730580129668	-2.4660623019201466e-6	24.362730580129668	-2.4660623019201466e-6
0.261	24.421883029770946	-2.4770975546317686e-6	24.421883029770946	-2.4770975546317686e-6
0.26125	24.481265547273303	-2.488252533794366e-6	24.481265547273303	-2.488252533794366e-6
0.2615	24.540879289531873	-2.4993692555597136e-6	24.540879289531873	-2.4993692555597136e-6
0.26175000000000004	24.60072523495299	-2.5105953209703102e-6	24.60072523495299	-2.5105953209703102e-6
0.262	24.660804682480286	-2.521837027202878e-6	24.660804682480286	-2.521837027202878e-6
0.26225	24.721118629157818	-2.5331156336960703e-6	24.721118629157818	-2.5331156336960703e-6
0.2625	24.781668308845262	-2.544493872491671e-6	24.781668308845262	-2.544493872491671e-6
0.26275	24.842454832534564	-2.555839587969899e-6	24.842454832534564	-2.555839587969899e-6
0.263	24.903479346935264	-2.5673150858551708e-6	24.903479346935264	-2.5673150858551708e-6
0.26325000000000004	24.964743095166895	-2.5787755859596473e-6	24.964743095166895	-2.5787755859596473e-6
0.2635	25.026247132268445	-2.590319969186794e-6	25.026247132268445	-2.590319969186794e-6
0.26375	25.087992700260507	-2.601897577392265e-6	25.087992700260507	-2.601897577392265e-6
0.264	25.14998107424894	-2.6135416320016702e-6	25.14998107424894	-2.6135416320016702e-6
0.26425000000000004	25.212213255307297	-2.6251874345462056e-6	25.212213255307297	-2.6251874345462056e-6
0.2645	25.27469059693983	-2.6369578414175976e-6	25.27469059693983	-2.6369578414175976e-6
0.26475	25.337414301919	-2.648704217733666e-6	25.337414301919	-2.648704217733666e-6
0.265	25.40038550519543	-2.660546854826862e-6	25.40038550519543	-2.660546854826862e-6
0.26525	25.46360549796087	-2.6724230828278905e-6	25.46360549796087	-2.6724230828278905e-6
0.2655	25.527075479786763	-2.6843515605889934e-6	25.527075479786763	-2.6843515605889934e-6
0.26575	25.59079675326263	-2.6963351835718186e-6	25.59079675326263	-2.6963351835718186e-6
0.266	25.65477046120601	-2.708359176040176e-6	25.65477046120601	-2.708359176040176e-6
0.26625	25.718997970182823	-2.720442843440196e-6	25.718997970182823	-2.720442843440196e-6
0.2665	25.7834804764654	-2.732595248744474e-6	25.7834804764654	-2.732595248744474e-6
0.26675000000000004	25.848219265232977	-2.744750016603348e-6	25.848219265232977	-2.744750016603348e-6
0.26699999999999996	25.913215613520364	-2.7570038909630057e-6	25.913215613520364	-2.7570038909630057e-6
0.26725	25.978470871451215	-2.7693203143996925e-6	25.978470871451215	-2.7693203143996925e-6
0.2675	26.043986259666575	-2.7816168284289233e-6	26.043986259666575	-2.7816168284289233e-6
0.26775	26.10976305460533	-2.794045993681493e-6	26.10976305460533	-2.794045993681493e-6
0.268	26.175802704258693	-2.8064956616447034e-6	26.175802704258693	-2.8064956616447034e-6
0.26825	26.242106403622316	-2.8189910210585367e-6	26.242106403622316	-2.8189910210585367e-6
0.2685	26.308675561903947	-2.8315545641532935e-6	26.308675561903947	-2.8315545641532935e-6
0.26875	26.375511467576082	-2.844180738037494e-6	26.375511467576082	-2.844180738037494e-6
0.269	26.44261547138546	-2.8568258585437434e-6	26.44261547138546	-2.8568258585437434e-6
0.26925000000000004	26.509988982223163	-2.869575876474073e-6	26.509988982223163	-2.869575876474073e-6
0.26949999999999996	26.57763327440246	-2.882327308384447e-6	26.57763327440246	-2.882327308384447e-6
0.26975	26.64554981968148	-2.895196136165623e-6	26.64554981968148	-2.895196136165623e-6
0.27	26.713739959830665	-2.9080626049449165e-6	26.713739959830665	-2.9080626049449165e-6
0.27025000000000005	26.782205018014075	-2.9210153975611775e-6	26.782205018014075	-2.9210153975611775e-6
0.2705	26.850946529760428	-2.9340340113037655e-6	26.850946529760428	-2.9340340113037655e-6
0.27075	26.91996577552296	-2.94708560133472e-6	26.91996577552296	-2.94708560133472e-6
0.271	26.989264238031243	-2.960195633505691e-6	26.989264238031243	-2.960195633505691e-6
0.27125	27.058843400393748	-2.9734154516347644e-6	27.058843400393748	-2.9734154516347644e-6
0.2715	27.128704509067813	-2.9865835848852385e-6	27.128704509067813	-2.9865835848852385e-6
0.27175000000000005	27.1988492486337	-2.999953903071173e-6	27.1988492486337	-2.999953903071173e-6
0.27199999999999996	27.269278900139476	-3.013252420913659e-6	27.269278900139476	-3.013252420913659e-6
0.27225	27.339994981453586	-3.0266876471785054e-6	27.339994981453586	-3.0266876471785054e-6
0.2725	27.410998974771076	-3.0401606281316162e-6	27.410998974771076	-3.0401606281316162e-6
0.27275000000000005	27.482292428607387	-3.0536957247306873e-6	27.482292428607387	-3.0536957247306873e-6
0.273	27.553876656596664	-3.067252094979267e-6	27.553876656596664	-3.067252094979267e-6
0.27325	27.625753348907054	-3.0809819442367825e-6	27.625753348907054	-3.0809819442367825e-6
0.2735	27.69792394238638	-3.094607126996607e-6	27.69792394238638	-3.094607126996607e-6
0.27375	27.77038984123798	-3.108458603406916e-6	27.77038984123798	-3.108458603406916e-6
0.274	27.843152909658333	-3.122252035581141e-6	27.843152909658333	-3.122252035581141e-6
0.27425000000000005	27.916214256053486	-3.1361516015238067e-6	27.916214256053486	-3.1361516015238067e-6
0.27449999999999997	27.98957574666771	-3.150141832719555e-6	27.98957574666771	-3.150141832719555e-6
0.27475	28.063238907433323	-3.1641420008554633e-6	28.063238907433323	-3.1641420008554633e-6
0.275	28.137205142206213	-3.178242849344315e-6	28.137205142206213	-3.178242849344315e-6
0.27525000000000005	28.2114762322431	-3.1923998449201463e-6	28.2114762322431	-3.1923998449201463e-6
0.27549999999999997	28.28605358276861	-3.2065819581816868e-6	28.28605358276861	-3.2065819581816868e-6
0.27575	28.360938934051404	-3.220904776668476e-6	28.360938934051404	-3.220904776668476e-6
0.276	28.43613398253384	-3.2352292222981305e-6	28.43613398253384	-3.2352292222981305e-6
0.27625	28.51164005008279	-3.249615758704749e-6	28.51164005008279	-3.249615758704749e-6
0.2765	28.587459040859127	-3.264143540349096e-6	28.587459040859127	-3.264143540349096e-6
0.27675	28.66359254426572	-3.2786302099907516e-6	28.66359254426572	-3.2786302099907516e-6
0.27699999999999997	28.74004209932368	-3.293256945369194e-6	28.74004209932368	-3.293256945369194e-6
0.27725	28.816809606131148	-3.3079701182714416e-6	28.816809606131148	-3.3079701182714416e-6
0.2775	28.89389644552878	-3.32262550273299e-6	28.89389644552878	-3.32262550273299e-6
0.27775000000000005	28.971304524470664	-3.337509536294192e-6	28.971304524470664	-3.337509536294192e-6
0.27799999999999997	29.04903554688103	-3.352352514696122e-6	29.04903554688103	-3.352352514696122e-6
0.27825	29.127091069197277	-3.3672849575339114e-6	29.127091069197277	-3.3672849575339114e-6
0.2785	29.2054729735138	-3.382326880796427e-6	29.2054729735138	-3.382326880796427e-6
0.27875	29.28418288354086	-3.397382169367802e-6	29.28418288354086	-3.397382169367802e-6
0.279	29.36322258457237	-3.4125328092216023e-6	29.36322258457237	-3.4125328092216023e-6
0.27925	29.442593930825154	-3.4277826088668917e-6	29.442593930825154	-3.4277826088668917e-6
0.27949999999999997	29.522298577394835	-3.4430244539862542e-6	29.522298577394835	-3.4430244539862542e-6
0.27975	29.602338233322563	-3.458418991186818e-6	29.602338233322563	-3.458418991186818e-6
0.28	29.68271490599669	-3.4738415060076022e-6	29.68271490599669	-3.4738415060076022e-6
0.28025000000000005	29.763430266124697	-3.4893374873945504e-6	29.763430266124697	-3.4893374873945504e-6
0.28049999999999997	29.84448613108188	-3.5049179842872036e-6	29.84448613108188	-3.5049179842872036e-6
0.28075	29.9258844106341	-3.520564842318663e-6	29.9258844106341	-3.520564842318663e-6
0.281	30.007626879793186	-3.536270881454584e-6	30.007626879793186	-3.536270881454584e-6
0.28125	30.089715364251596	-3.552061201617107e-6	30.089715364251596	-3.552061201617107e-6
0.28150000000000003	30.172151793275216	-3.5679471821481457e-6	30.172151793275216	-3.5679471821481457e-6
0.28175	30.25493809054238	-3.5838733971615966e-6	30.25493809054238	-3.5838733971615966e-6
0.282	30.338076051481295	-3.599888813710095e-6	30.338076051481295	-3.599888813710095e-6
0.28225	30.421567564230237	-3.615958902969396e-6	30.421567564230237	-3.615958902969396e-6
0.28250000000000003	30.505414734488923	-3.6321720422449744e-6	30.505414734488923	-3.6321720422449744e-6
0.28275000000000006	30.589619284590533	-3.6483274037379942e-6	30.589619284590533	-3.6483274037379942e-6
0.283	30.674183169945202	-3.664720118479181e-6	30.674183169945202	-3.664720118479181e-6
0.28325	30.75910859000096	-3.6810656283137178e-6	30.75910859000096	-3.6810656283137178e-6
0.28350000000000003	30.84439722156315	-3.697541195890608e-6	30.84439722156315	-3.697541195890608e-6
0.28375	30.930051182718074	-3.7140933670798404e-6	30.930051182718074	-3.7140933670798404e-6
0.284	31.016072514241927	-3.7307098388339455e-6	31.016072514241927	-3.7307098388339455e-6
0.28425	31.102463149345343	-3.7474045413432577e-6	31.102463149345343	-3.7474045413432577e-6
0.28450000000000003	31.189225184455854	-3.7642154069317257e-6	31.189225184455854	-3.7642154069317257e-6
0.28475	31.27636051186141	-3.78100405740156e-6	31.27636051186141	-3.78100405740156e-6
0.28500000000000003	31.363871353520366	-3.798018454403973e-6	31.363871353520366	-3.798018454403973e-6
0.28525	31.451759806804006	-3.814992684425533e-6	31.451759806804006	-3.814992684425533e-6
0.2855	31.54002767203569	-3.83208308818439e-6	31.54002767203569	-3.83208308818439e-6
0.28575	31.628677390807155	-3.849309390346889e-6	31.628677390807155	-3.849309390346889e-6
0.28600000000000003	31.717710883762493	-3.866503170968372e-6	31.717710883762493	-3.866503170968372e-6
0.28625	31.807130222922282	-3.883886979139106e-6	31.807130222922282	-3.883886979139106e-6
0.2865	31.896937758411028	-3.901316706134139e-6	31.896937758411028	-3.901316706134139e-6
0.28675	31.987135487347434	-3.918795933088859e-6	31.987135487347434	-3.918795933088859e-6
0.28700000000000003	32.07772557346196	-3.936400698734133e-6	32.07772557346196	-3.936400698734133e-6
0.28725	32.16871025125568	-3.954076635892534e-6	32.16871025125568	-3.954076635892534e-6
0.28750000000000003	32.26009178761471	-3.971827943871631e-6	32.26009178761471	-3.971827943871631e-6
0.28775	32.35187225185588	-3.9896746990564225e-6	32.35187225185588	-3.9896746990564225e-6
0.288	32.44405394619784	-4.007601582145526e-6	32.44405394619784	-4.007601582145526e-6
0.28825	32.53663909258777	-4.025595647050295e-6	32.53663909258777	-4.025595647050295e-6
0.28850000000000003	32.62963014206295	-4.0437614856614346e-6	32.62963014206295	-4.0437614856614346e-6
0.28875	32.723029020498224	-4.061839309343895e-6	32.723029020498224	-4.061839309343895e-6
0.289	1.4036955119182206	31.37350519133456	1.4036955119182206	31.37350519133456
0.28925	-6.183912670820746e-7	32.78657919650043	-6.183912670820746e-7	32.78657919650043
0.28950000000000004	-6.179962319663446e-7	32.795324233032616	-6.179962319663446e-7	32.795324233032616
0.28975	-6.175989319956443e-7	32.80409690967119	-6.175989319956443e-7	32.80409690967119
0.29000000000000004	-6.171896700379875e-7	32.812897335919224	-6.171896700379875e-7	32.812897335919224
0.29025	-6.167786086308524e-7	32.82172522820337	-6.167786086308524e-7	32.82172522820337
0.2905	-6.16379209006368e-7	32.8305809225651	-6.16379209006368e-7	32.8305809225651
0.29075	-6.159572549790937e-7	32.83946447540072	-6.159572549790937e-7	32.83946447540072
0.29100000000000004	-6.155655096762302e-7	32.84837574355575	-6.155655096762302e-7	32.84837574355575
0.29125	-6.151331426451634e-7	32.85731505145236	-6.151331426451634e-7	32.85731505145236
0.2915	-6.147309452586569e-7	32.86628215387466	-6.147309452586569e-7	32.86628215387466
0.29175	-6.14320468272922e-7	32.8752774589977	-6.14320468272922e-7	32.8752774589977
0.29200000000000004	-6.138874368843972e-7	32.88430076060597	-6.138874368843972e-7	32.88430076060597
0.29225	-6.134798340440284e-7	32.8933521019901	-6.134798340440284e-7	32.8933521019901
0.29250000000000004	-6.13063621202059e-7	32.902431810448675	-6.13063621202059e-7	32.902431810448675
0.29275	-6.126257083849396e-7	32.91153963792845	-6.126257083849396e-7	32.91153963792845
0.293	-6.122117834905794e-7	32.92067585403863	-6.122117834905794e-7	32.92067585403863
0.29325	-6.117849000730757e-7	32.92984043757292	-6.117849000730757e-7	32.92984043757292
0.29350000000000004	-6.113574197996741e-7	32.939033426325345	-6.113574197996741e-7	32.939033426325345
0.29374999999999996	-6.109293479994449e-7	32.94825502186913	-6.109293479994449e-7	32.94825502186913
0.294	-6.104881631330272e-7	32.95750507041775	-6.104881631330272e-7	32.95750507041775
0.29425	-6.100584410972942e-7	32.966783803573655	-6.100584410972942e-7	32.966783803573655
0.29450000000000004	-6.09623821645755e-7	32.97609130404424	-6.09623821645755e-7	32.97609130404424
0.29475	-6.091700441857029e-7	32.98542740881541	-6.091700441857029e-7	32.98542740881541
0.295	-6.087545809663197e-7	32.99479248796946	-6.087545809663197e-7	32.99479248796946
0.29525	-6.082942665130986e-7	33.00418643989039	-6.082942665130986e-7	33.00418643989039
0.2955	-6.078450471846963e-7	33.013609187851515	-6.078450471846963e-7	33.013609187851515
0.29575	-6.074050080684401e-7	33.023061229424016	-6.074050080684401e-7	33.023061229424016
0.29600000000000004	-6.069434999034229e-7	33.03254228645689	-6.069434999034229e-7	33.03254228645689
0.29624999999999996	-6.064920281545483e-7	33.04205235710438	-6.064920281545483e-7	33.04205235710438
0.2965	-6.060374477812047e-7	33.05159180146191	-6.060374477812047e-7	33.05159180146191
0.29675	-6.055673278382301e-7	33.06116054799724	-6.055673278382301e-7	33.06116054799724
0.29700000000000004	-6.051248266913944e-7	33.070758621439296	-6.051248266913944e-7	33.070758621439296
0.29725	-6.046339642296061e-7	33.08038619059458	-6.046339642296061e-7	33.08038619059458
0.2975	-6.041731950290341e-7	33.090043300414315	-6.041731950290341e-7	33.090043300414315
0.29775	-6.037038620121393e-7	33.09972993110358	-6.037038620121393e-7	33.09972993110358
0.298	-6.032235422281929e-7	33.109446264595285	-6.032235422281929e-7	33.109446264595285
0.29825	-6.02739753219339e-7	33.11919226704812	-6.02739753219339e-7	33.11919226704812
0.29850000000000004	-6.022716352305224e-7	33.12896823618547	-6.022716352305224e-7	33.12896823618547
0.29875	-6.017677502967445e-7	33.13877398929413	-6.017677502967445e-7	33.13877398929413
0.299	-6.012979287817188e-7	33.148609637837865	-6.012979287817188e-7	33.148609637837865
0.29925	-6.007852260125901e-7	33.158475480259526	-6.007852260125901e-7	33.158475480259526
0.29950000000000004	-6.002989039188833e-7	33.168371268538756	-6.002989039188833e-7	33.168371268538756
0.29975	-5.997949852343254e-7	33.17829741239459	-5.997949852343254e-7	33.17829741239459
0.3	-5.992909155594361e-7	33.18825376133265	-5.992909155594361e-7	33.18825376133265
0.30025	-5.987784899019744e-7	33.198240339567064	-5.987784899019744e-7	33.198240339567064
0.3005	-5.98273691920781e-7	33.208257521293575	-5.98273691920781e-7	33.208257521293575
0.30075	-5.977482651076116e-7	33.21830515338231	-5.977482651076116e-7	33.21830515338231
0.30100000000000005	-5.972412999710741e-7	33.228383260181445	-5.972412999710741e-7	33.228383260181445
0.30125	-5.967036695864181e-7	33.23849215032888	-5.967036695864181e-7	33.23849215032888
0.3015	-5.961851101687898e-7	33.248631764371936	-5.961851101687898e-7	33.248631764371936
0.30175	-5.956495279235696e-7	33.258802146744095	-5.956495279235696e-7	33.258802146744095
0.30200000000000005	-5.951183599250953e-7	33.26900354429578	-5.951183599250953e-7	33.26900354429578
0.30224999999999996	-5.945595038525653e-7	33.27923587073149	-5.945595038525653e-7	33.27923587073149
0.3025	-5.940241276647384e-7	33.28949923463577	-5.940241276647384e-7	33.28949923463577
0.30275	-5.934728335432737e-7	33.29979380822262	-5.934728335432737e-7	33.29979380822262
0.303	-5.929214097477598e-7	33.31011959656928	-5.929214097477598e-7	33.31011959656928
0.30325	-5.923519825756784e-7	33.32047677675617	-5.923519825756784e-7	33.32047677675617
0.3035	-5.91786074366496e-7	33.33086532986287	-5.91786074366496e-7	33.33086532986287
0.30375	-5.91227129476124e-7	33.34128536173044	-5.91227129476124e-7	33.34128536173044
0.304	-5.906464899396724e-7	33.351737019520506	-5.906464899396724e-7	33.351737019520506
0.30425	-5.900649249213075e-7	33.36222032474549	-5.900649249213075e-7	33.36222032474549
0.30450000000000005	-5.894954178131684e-7	33.372735460953145	-5.894954178131684e-7	33.372735460953145
0.30474999999999997	-5.888796632547155e-7	33.38328236420963	-5.888796632547155e-7	33.38328236420963
0.305	-5.883078753043947e-7	33.39386126214948	-5.883078753043947e-7	33.39386126214948
0.30525	-5.876962703155186e-7	33.40447224150288	-5.876962703155186e-7	33.40447224150288
0.3055	-5.870944441710435e-7	33.41511526436519	-5.870944441710435e-7	33.41511526436519
0.30575	-5.864807546274164e-7	33.425790501855296	-5.864807546274164e-7	33.425790501855296
0.306	-5.858733631569635e-7	33.43649811773525	-5.858733631569635e-7	33.43649811773525
0.30625	-5.85234669614465e-7	33.44723808664283	-5.85234669614465e-7	33.44723808664283
0.3065	-5.846292445710333e-7	33.458010635861974	-5.846292445710333e-7	33.458010635861974
0.30675	-5.839725618628222e-7	33.46881568167842	-5.839725618628222e-7	33.46881568167842
0.30700000000000005	-5.833547698230745e-7	33.47965339260273	-5.833547698230745e-7	33.47965339260273
0.30724999999999997	-5.826892088833802e-7	33.490524008402815	-5.826892088833802e-7	33.490524008402815
0.3075	-5.820484778595869e-7	33.501427361059164	-5.820484778595869e-7	33.501427361059164
0.30775	-5.813905250562357e-7	33.51236387220593	-5.813905250562357e-7	33.51236387220593
0.308	-5.807328262719125e-7	33.52333329664712	-5.807328262719125e-7	33.52333329664712
0.30825	-5.800567874914009e-7	33.534335849216546	-5.800567874914009e-7	33.534335849216546
0.3085	-5.793891988403743e-7	33.54537193424688	-5.793891988403743e-7	33.54537193424688
0.30875	-5.786916537076081e-7	33.55644109625971	-5.786916537076081e-7	33.55644109625971
0.309	-5.780250367237727e-7	33.56754387452028	-5.780250367237727e-7	33.56754387452028
0.30925	-5.773125781871613e-7	33.57868026272138	-5.773125781871613e-7	33.57868026272138
0.30950000000000005	-5.766243473814825e-7	33.589850176367776	-5.766243473814825e-7	33.589850176367776
0.30974999999999997	-5.759135639493707e-7	33.60105400612947	-5.759135639493707e-7	33.60105400612947
0.31	-5.751917839802445e-7	33.61229164939572	-5.751917839802445e-7	33.61229164939572
0.31025	-5.744753694969518e-7	33.62356327258728	-5.744753694969518e-7	33.62356327258728
0.3105	-5.737526702631612e-7	33.63486901100796	-5.737526702631612e-7	33.63486901100796
0.31074999999999997	-5.730092667022291e-7	33.64620893578297	-5.730092667022291e-7	33.64620893578297
0.311	-5.722787941309093e-7	33.657583085999434	-5.722787941309093e-7	33.657583085999434
0.31125	-5.715096360603411e-7	33.668991730124795	-5.715096360603411e-7	33.668991730124795
0.3115	-5.707690906575635e-7	33.68043482594927	-5.707690906575635e-7	33.68043482594927
0.31175	-5.700043868017701e-7	33.69191258084043	-5.700043868017701e-7	33.69191258084043
0.312	-5.69235277581015e-7	33.703425012029136	-5.69235277581015e-7	33.703425012029136
0.31224999999999997	-5.684516750648072e-7	33.71497233393674	-5.684516750648072e-7	33.71497233393674
0.3125	-5.676667802489987e-7	33.72655457398983	-5.676667802489987e-7	33.72655457398983
0.31275000000000003	-5.668760012511598e-7	33.73817187800704	-5.668760012511598e-7	33.73817187800704
0.313	-5.660713640054382e-7	33.7498243424593	-5.660713640054382e-7	33.7498243424593
0.31325	-5.652730763472391e-7	33.76151201811252	-5.652730763472391e-7	33.76151201811252
0.3135	-5.644365836943166e-7	33.77323519798399	-5.644365836943166e-7	33.77323519798399
0.31375000000000003	-5.636481654747172e-7	33.78499385070597	-5.636481654747172e-7	33.78499385070597
0.314	-5.627756145543117e-7	33.79678807203762	-5.627756145543117e-7	33.79678807203762
0.31425000000000003	-5.619663188127788e-7	33.808618037592794	-5.619663188127788e-7	33.808618037592794
0.3145	-5.611019417983698e-7	33.82048391368421	-5.611019417983698e-7	33.82048391368421
0.31475	-5.602494024259386e-7	33.83238566868977	-5.602494024259386e-7	33.83238566868977
0.315	-5.593881162724301e-7	33.84432356820319	-5.593881162724301e-7	33.84432356820319
0.31525000000000003	-5.585155093967842e-7	33.85629766644466	-5.585155093967842e-7	33.85629766644466
0.31550000000000006	-5.57623007324537e-7	33.868308055239964	-5.57623007324537e-7	33.868308055239964
0.31575	-5.567501544234688e-7	33.88035486428376	-5.567501544234688e-7	33.88035486428376
0.316	-5.558388114224044e-7	33.89243824790746	-5.558388114224044e-7	33.89243824790746
0.31625000000000003	-5.549381452141233e-7	33.904558301778124	-5.549381452141233e-7	33.904558301778124
0.3165	-5.54023213084065e-7	33.91671522206801	-5.54023213084065e-7	33.91671522206801
0.31675000000000003	-5.530959175104044e-7	33.92890895174048	-5.530959175104044e-7	33.92890895174048
0.317	-5.52164190814608e-7	33.94113980924857	-5.52164190814608e-7	33.94113980924857
0.31725	-5.51219202726827e-7	33.95340781495972	-5.51219202726827e-7	33.95340781495972
0.3175	-5.502647946187267e-7	33.965713047236335	-5.502647946187267e-7	33.965713047236335
0.31775000000000003	-5.493179147109117e-7	33.97805581770974	-5.493179147109117e-7	33.97805581770974
0.31800000000000006	-5.483264864380999e-7	33.99043598796934	-5.483264864380999e-7	33.99043598796934
0.31825	-5.473725570581678e-7	34.00285390231389	-5.473725570581678e-7	34.00285390231389
0.3185	-5.463658929727444e-7	34.01530972016834	-5.463658929727444e-7	34.01530972016834
0.31875000000000003	-5.453706917180057e-7	34.02780321677485	-5.453706917180057e-7	34.02780321677485
0.319	-5.443690822559688e-7	34.04033489960162	-5.443690822559688e-7	34.04033489960162
0.31925000000000003	-5.433406826682585e-7	34.05290490801859	-5.433406826682585e-7	34.05290490801859
0.3195	-5.423208842003646e-7	34.06551294058772	-5.423208842003646e-7	34.06551294058772
0.31975	-5.41290287259244e-7	34.07815965003662	-5.41290287259244e-7	34.07815965003662
0.32	-5.402290863543158e-7	34.09084482005997	-5.402290863543158e-7	34.09084482005997
0.32025000000000003	-5.391862050174723e-7	34.103568640782875	-5.391862050174723e-7	34.103568640782875
0.3205	-5.381029160034245e-7	34.11633156508862	-5.381029160034245e-7	34.11633156508862
0.32075	-5.370391065184776e-7	34.12913316731222	-5.370391065184776e-7	34.12913316731222
0.321	-5.35952326075062e-7	34.141973962839124	-5.35952326075062e-7	34.141973962839124
0.32125000000000004	-5.348528429038879e-7	34.15485416783409	-5.348528429038879e-7	34.15485416783409
0.3215	-5.337346813405475e-7	34.1677735138217	-5.337346813405475e-7	34.1677735138217
0.32175	-5.32623505300478e-7	34.18073264178612	-5.32623505300478e-7	34.18073264178612
0.322	-5.314932236544223e-7	34.19373120973721	-5.314932236544223e-7	34.19373120973721
0.32225	-5.303548915591705e-7	34.20676957247463	-5.303548915591705e-7	34.20676957247463
0.3225	-5.292058355976792e-7	34.21984811654206	-5.292058355976792e-7	34.21984811654206
0.32275000000000004	-5.280432411325364e-7	34.232966456747405	-5.280432411325364e-7	34.232966456747405
0.323	-5.268629079679954e-7	34.246125180454726	-5.268629079679954e-7	34.246125180454726
0.32325	-5.256924433538757e-7	34.259324260490665	-5.256924433538757e-7	34.259324260490665
0.3235	-5.244865244335983e-7	34.27256374419628	-5.244865244335983e-7	34.27256374419628
0.32375000000000004	-5.232923898645936e-7	34.28584403119585	-5.232923898645936e-7	34.28584403119585
0.324	-5.220598930932852e-7	34.299164986775416	-5.220598930932852e-7	34.299164986775416
0.32425	-5.208447300120156e-7	34.312526853053726	-5.208447300120156e-7	34.312526853053726
0.3245	-5.195942591740277e-7	34.32592999036867	-5.195942591740277e-7	34.32592999036867
0.32475	-5.183461047053584e-7	34.339374206668246	-5.183461047053584e-7	34.339374206668246
0.325	-5.170825660982814e-7	34.352859774638844	-5.170825660982814e-7	34.352859774638844
0.32525000000000004	-5.158081313183516e-7	34.366387070114705	-5.158081313183516e-7	34.366387070114705
0.3255	-5.145216332991254e-7	34.37995582075842	-5.145216332991254e-7	34.37995582075842
0.32575	-5.132258076301355e-7	34.393566545753316	-5.132258076301355e-7	34.393566545753316
0.326	-5.119089196981008e-7	34.40721924880398	-5.119089196981008e-7	34.40721924880398
0.32625000000000004	-5.105939724359132e-7	34.42091393203553	-5.105939724359132e-7	34.42091393203553
0.3265	-5.092471733192383e-7	34.434651103871104	-5.092471733192383e-7	34.434651103871104
0.32675	-5.079041631717018e-7	34.448430613816306	-5.079041631717018e-7	34.448430613816306
0.327	-5.065486803346175e-7	34.46225276873718	-5.065486803346175e-7	34.46225276873718
0.32725	-5.051702416380977e-7	34.47611762260044	-5.051702416380977e-7	34.47611762260044
0.3275	-5.0378858684752e-7	34.49002535861932	-5.0378858684752e-7	34.49002535861932
0.32775000000000004	-5.023909546153504e-7	34.503976308580874	-5.023909546153504e-7	34.503976308580874
0.328	-5.00976458539526e-7	34.51797029257521	-5.00976458539526e-7	34.51797029257521
0.32825	-4.995621294412445e-7	34.53200782706077	-4.995621294412445e-7	34.53200782706077
0.3285	-4.98116956570982e-7	34.54608884956316	-4.98116956570982e-7	34.54608884956316
0.32875000000000004	-4.966703164299702e-7	34.56021345730169	-4.966703164299702e-7	34.56021345730169
0.32899999999999996	-4.952106023026204e-7	34.57438214278796	-4.952106023026204e-7	34.57438214278796
0.32925	-4.937288418105368e-7	34.588594702290735	-4.937288418105368e-7	34.588594702290735
0.3295	-4.922402139229121e-7	34.602851534517654	-4.922402139229121e-7	34.602851534517654
0.32975000000000004	-4.907549735477801e-7	34.617152680211525	-4.907549735477801e-7	34.617152680211525
0.33	-4.892141989287779e-7	34.63149832906936	-4.892141989287779e-7	34.63149832906936
0.33025	-4.876991521740592e-7	34.645888781283205	-4.876991521740592e-7	34.645888781283205
0.3305	-4.861489451002399e-7	34.66032397764992	-4.861489451002399e-7	34.66032397764992
0.33075	-4.845928680552447e-7	34.67480415502007	-4.845928680552447e-7	34.67480415502007
0.331	-4.830248636622514e-7	34.68932974286129	-4.830248636622514e-7	34.68932974286129
0.33125000000000004	-4.814397893682099e-7	34.70390053293667	-4.814397893682099e-7	34.70390053293667
0.33149999999999996	-4.798399206862314e-7	34.718516794286614	-4.798399206862314e-7	34.718516794286614
0.33175	-4.782362594824008e-7	34.733178949766405	-4.782362594824008e-7	34.733178949766405
0.332	-4.765903911518876e-7	34.74788684688295	-4.765903911518876e-7	34.74788684688295
0.33225000000000005	-4.749597222186708e-7	34.76264082603256	-4.749597222186708e-7	34.76264082603256
0.3325	-4.7330062802330986e-7	34.77744112698943	-4.7330062802330986e-7	34.77744112698943
0.33275	-4.716294679241173e-7	34.79228770983057	-4.716294679241173e-7	34.79228770983057
0.333	-4.6994761770946525e-7	34.80718085387259	-4.6994761770946525e-7	34.80718085387259
0.33325	-4.682427068303241e-7	34.82212088607148	-4.682427068303241e-7	34.82212088607148
0.3335	-4.665289381478033e-7	34.83710779662238	-4.665289381478033e-7	34.83710779662238
0.33375000000000005	-4.6480960680383987e-7	34.85214182041455	-4.6480960680383987e-7	34.85214182041455
0.33399999999999996	-4.6304420653342504e-7	34.867223108744405	-4.6304420653342504e-7	34.867223108744405
0.33425	-4.6129435737896074e-7	34.882351887281956	-4.6129435737896074e-7	34.882351887281956
0.3345	-4.5952127614157234e-7	34.89752836429334	-4.5952127614157234e-7	34.89752836429334
0.33475000000000005	-4.5772294843260397e-7	34.912752669399836	-4.5772294843260397e-7	34.912752669399836
0.335	-4.5592493869150985e-7	34.92802500659242	-4.5592493869150985e-7	34.92802500659242
0.33525	-4.5409761995074405e-7	34.94334551288455	-4.5409761995074405e-7	34.94334551288455
0.3355	-4.5226013956067845e-7	34.958714440413615	-4.5226013956067845e-7	34.958714440413615
0.33575	-4.504155155515832e-7	34.97413202063019	-4.504155155515832e-7	34.97413202063019
0.336	-4.4853229308472464e-7	34.98959829301835	-4.4853229308472464e-7	34.98959829301835
0.33625000000000005	-4.4665547616062895e-7	35.00511354489329	-4.4665547616062895e-7	35.00511354489329
0.33649999999999997	-4.447484762692966e-7	35.02067794071716	-4.447484762692966e-7	35.02067794071716
0.33675	-4.428330129258029e-7	35.036291735699734	-4.428330129258029e-7	35.036291735699734
0.337	-4.4090876460955997e-7	35.05195504056089	-4.4090876460955997e-7	35.05195504056089
0.33725000000000005	-4.3894713730452395e-7	35.06766804857208	-4.3894713730452395e-7	35.06766804857208
0.3375	-4.369831954065262e-7	35.083430992313026	-4.369831954065262e-7	35.083430992313026
0.33775	-4.3500511104355155e-7	35.09924406330804	-4.3500511104355155e-7	35.09924406330804
0.338	-4.3299872043434107e-7	35.11510751140701	-4.3299872043434107e-7	35.11510751140701
0.33825	-4.309882042363711e-7	35.13102138662614	-4.309882042363711e-7	35.13102138662614
0.3385	-4.289529913492629e-7	35.14698597596149	-4.289529913492629e-7	35.14698597596149
0.33875	-4.268995548173393e-7	35.163001506107385	-4.268995548173393e-7	35.163001506107385
0.33899999999999997	-4.2483423356998173e-7	35.17906813845308	-4.2483423356998173e-7	35.17906813845308
0.33925	-4.2275207423614347e-7	35.19518616406133	-4.2275207423614347e-7	35.19518616406133
0.3395	-4.206466917011653e-7	35.21135554213387	-4.206466917011653e-7	35.21135554213387
0.33975000000000005	-4.1853094412402925e-7	35.22757677455081	-4.1853094412402925e-7	35.22757677455081
0.33999999999999997	-4.163870110929224e-7	35.243849910056085	-4.163870110929224e-7	35.243849910056085
0.34025	-4.1424920294019785e-7	35.2601750303338	-4.1424920294019785e-7	35.2601750303338
0.3405	-4.1205673184663283e-7	35.276552791327404	-4.1205673184663283e-7	35.276552791327404
0.34075	-4.098785737483013e-7	35.29298274666934	-4.098785737483013e-7	35.29298274666934
0.341	-4.0766553910387415e-7	35.30946568790167	-4.0766553910387415e-7	35.30946568790167
0.34125	-4.05447696305572e-7	35.32600157360618	-4.05447696305572e-7	35.32600157360618
0.34149999999999997	-4.031923146463612e-7	35.342590454622865	-4.031923146463612e-7	35.342590454622865
0.34175	-4.009379117597689e-7	35.35923297732442	-4.009379117597689e-7	35.35923297732442
0.342	-3.9865118584003767e-7	35.37592893383208	-3.9865118584003767e-7	35.37592893383208
0.34225000000000005	-3.963609538359947e-7	35.39267869730954	-3.963609538359947e-7	35.39267869730954
0.34249999999999997	-3.9403747464916705e-7	35.40948258224655	-3.9403747464916705e-7	35.40948258224655
0.34275	-3.9170862775605997e-7	35.426340637590286	-3.9170862775605997e-7	35.426340637590286
0.343	-3.893447368952252e-7	35.44325318344562	-3.893447368952252e-7	35.44325318344562
0.34325	-3.8697632609441257e-7	35.460220471802266	-3.8697632609441257e-7	35.460220471802266
0.3435	-3.8458098083893333e-7	35.47724255608961	-3.8458098083893333e-7	35.47724255608961
0.34375	-3.8217158149222996e-7	35.49431977530869	-3.8217158149222996e-7	35.49431977530869
0.34400000000000003	-3.797364378499424e-7	35.511452425315476	-3.797364378499424e-7	35.511452425315476
0.34425	-3.772871659535326e-7	35.52864058876294	-3.772871659535326e-7	35.52864058876294
0.34450000000000003	-3.748198875719311e-7	35.54588452341935	-3.748198875719311e-7	35.54588452341935
0.34475000000000006	-3.7232408844900533e-7	35.56318450858644	-3.7232408844900533e-7	35.56318450858644
0.345	-3.6982785500683235e-7	35.58054075326299	-3.6982785500683235e-7	35.58054075326299
0.34525	-3.6728537322616717e-7	35.59795342448581	-3.6728537322616717e-7	35.59795342448581
0.34550000000000003	-3.647473247880839e-7	35.61542282197329	-3.647473247880839e-7	35.61542282197329
0.34575	-3.62174016554917e-7	35.63294917406863	-3.62174016554917e-7	35.63294917406863
0.34600000000000003	-3.5958390975920906e-7	35.65053261645968	-3.5958390975920906e-7	35.65053261645968
0.34625	-3.569782291990009e-7	35.66817355345334	-3.569782291990009e-7	35.66817355345334
0.34650000000000003	-3.543511404302535e-7	35.68587210751957	-3.543511404302535e-7	35.68587210751957
0.34675	-3.5169124545930686e-7	35.70362837241036	-3.5169124545930686e-7	35.70362837241036
0.34700000000000003	-3.49032152069384e-7	35.72144295074926	-3.49032152069384e-7	35.72144295074926
0.34725	-3.4633846235365695e-7	35.73931575632617	-3.4633846235365695e-7	35.73931575632617
0.3475	-3.436270095136251e-7	35.75724709989165	-3.436270095136251e-7	35.75724709989165
0.34775	-3.4089620370991724e-7	35.77523741104824	-3.4089620370991724e-7	35.77523741104824
0.34800000000000003	-3.381411581848681e-7	35.79328661900839	-3.381411581848681e-7	35.79328661900839
0.34825	-3.3536481192086853e-7	35.8113951846496	-3.3536481192086853e-7	35.8113951846496
0.3485	-3.3257740694736526e-7	35.82956330364447	-3.3257740694736526e-7	35.82956330364447
0.34875	-3.297526678380791e-7	35.847791263542554	-3.297526678380791e-7	35.847791263542554
0.34900000000000003	-3.2691622475766735e-7	35.866079108478765	-3.2691622475766735e-7	35.866079108478765
0.34925	-3.240566273099432e-7	35.884427343989366	-3.240566273099432e-7	35.884427343989366
0.34950000000000003	-3.211802583891199e-7	35.90283611236751	-3.211802583891199e-7	35.90283611236751
0.34975	-3.182710517357634e-7	35.92130562032683	-3.182710517357634e-7	35.92130562032683
0.35	-3.153528078669865e-7	35.93983617197904	-3.153528078669865e-7	35.93983617197904
0.35025	-3.1240269260379705e-7	35.958427935227235	-3.1240269260379705e-7	35.958427935227235
0.35050000000000003	-3.094276350701364e-7	35.97708141470293	-3.094276350701364e-7	35.97708141470293
0.35075	-3.064411848718862e-7	35.99579646836062	-3.064411848718862e-7	35.99579646836062
0.351	-3.0343144441502545e-7	36.01457365035375	-3.0343144441502545e-7	36.01457365035375
0.35125	-3.003890993724667e-7	36.033413247271106	-3.003890993724667e-7	36.033413247271106
0.35150000000000003	-2.9733681117249944e-7	36.05231517727712	-2.9733681117249944e-7	36.05231517727712
0.35175	-2.9425064562715875e-7	36.07128011216325	-2.9425064562715875e-7	36.07128011216325
0.35200000000000004	-2.9114914124050983e-7	36.09030808162225	-2.9114914124050983e-7	36.09030808162225
0.35225	-2.880222842449598e-7	36.10939936827393	-2.880222842449598e-7	36.10939936827393
0.3525	-2.848723155146615e-7	36.12855422994031	-2.848723155146615e-7	36.12855422994031
0.35275	-2.8169730148519534e-7	36.14777299611542	-2.8169730148519534e-7	36.14777299611542
0.35300000000000004	-2.7850773776094684e-7	36.16705599760324	-2.7850773776094684e-7	36.16705599760324
0.35325	-2.752800254413046e-7	36.18640321425345	-2.752800254413046e-7	36.18640321425345
0.3535	-2.7204097508004565e-7	36.205815209304	-2.7204097508004565e-7	36.205815209304
0.35375	-2.687770921383503e-7	36.22529218721424	-2.687770921383503e-7	36.22529218721424
0.35400000000000004	-2.6548189202557637e-7	36.244834326273455	-2.6548189202557637e-7	36.244834326273455
0.35425	-2.621737200669827e-7	36.26444194041967	-2.621737200669827e-7	36.26444194041967
0.35450000000000004	-2.5882848886382703e-7	36.28411534075678	-2.5882848886382703e-7	36.28411534075678
0.35475	-2.554679077171329e-7	36.303854760450335	-2.554679077171329e-7	36.303854760450335
0.355	-2.5208826004430307e-7	36.323660539877885	-2.5208826004430307e-7	36.323660539877885
0.35525	-2.486693277958807e-7	36.34353288592567	-2.486693277958807e-7	36.34353288592567
0.35550000000000004	-2.4523982000701494e-7	36.36347208354181	-2.4523982000701494e-7	36.36347208354181
0.35575	-2.417766307161173e-7	36.38347844649372	-2.417766307161173e-7	36.38347844649372
0.356	-2.3829997175539575e-7	36.40355226288072	-2.3829997175539575e-7	36.40355226288072
0.35625	-2.347787835255133e-7	36.42369381657775	-2.347787835255133e-7	36.42369381657775
0.35650000000000004	-2.3125083181696482e-7	36.44390333199501	-2.3125083181696482e-7	36.44390333199501
0.35675	-2.276947177470845e-7	36.46418113559933	-2.276947177470845e-7	36.46418113559933
0.357	-2.2410892874802357e-7	36.484527631525545	-2.2410892874802357e-7	36.484527631525545
0.35725	-2.2049822212544257e-7	36.50494280759215	-2.2049822212544257e-7	36.50494280759215
0.3575	-2.1686341566962142e-7	36.52542726667634	-2.1686341566962142e-7	36.52542726667634
0.35775	-2.13207740573651e-7	36.54598124554403	-2.13207740573651e-7	36.54598124554403
0.35800000000000004	-2.0951432855298435e-7	36.566604770460735	-2.0951432855298435e-7	36.566604770460735
0.35825	-2.0580912729606382e-7	36.58729856059315	-2.0580912729606382e-7	36.58729856059315
0.3585	-2.020693465887291e-7	36.608062557415536	-2.020693465887291e-7	36.608062557415536
0.35875	-1.983095490043496e-7	36.62889717961245	-1.983095490043496e-7	36.62889717961245
0.35900000000000004	-1.9451604260645183e-7	36.649802852367	-1.9451604260645183e-7	36.649802852367
0.35925	-1.9070123014053308e-7	36.670779659423005	-1.9070123014053308e-7	36.670779659423005
0.3595	-1.8686130598410955e-7	36.691827987219426	-1.8686130598410955e-7	36.691827987219426
0.35975	-1.8299067705562777e-7	36.7129483016435	-1.8299067705562777e-7	36.7129483016435
0.36	-1.790968797710235e-7	36.7341406732297	-1.790968797710235e-7	36.7341406732297
0.36025	-1.751746772082896e-7	36.755405449763515	-1.751746772082896e-7	36.755405449763515
0.36050000000000004	-1.712259687369766e-7	36.776743129316266	-1.712259687369766e-7	36.776743129316266
0.36075	-1.6725013063378924e-7	36.798153799317404	-1.6725013063378924e-7	36.798153799317404
0.361	-1.6325043628029334e-7	36.81963789207167	-1.6325043628029334e-7	36.81963789207167
0.36125	-1.5921825946563217e-7	36.8411956145198	-1.5921825946563217e-7	36.8411956145198
0.36150000000000004	-1.5515846163438596e-7	36.86282742643574	-1.5515846163438596e-7	36.86282742643574
0.36175	-1.5108112938477802e-7	36.8845336143261	-1.5108112938477802e-7	36.8845336143261
0.362	-1.469653405639093e-7	36.90631430782223	-1.469653405639093e-7	36.90631430782223
0.36225	-1.4282281957100906e-7	36.92817014264674	-1.4282281957100906e-7	36.92817014264674
0.3625	-1.386598293962038e-7	36.95010115623861	-1.386598293962038e-7	36.95010115623861
0.36275	-1.3446016189355703e-7	36.972107778716634	-1.3446016189355703e-7	36.972107778716634
0.36300000000000004	-1.3024156886309868e-7	36.99419044632379	-1.3024156886309868e-7	36.99419044632379
0.36325	-1.2598630183546788e-7	37.0163493005646	-1.2598630183546788e-7	37.0163493005646
0.3635	-1.21710670208941e-7	37.038584705897215	-1.21710670208941e-7	37.038584705897215
0.36375	-1.1740175431818045e-7	37.06089711319437	-1.1740175431818045e-7	37.06089711319437
0.36400000000000005	-1.1306293412616242e-7	37.08328671923823	-1.1306293412616242e-7	37.08328671923823
0.36425	-1.0869435096427793e-7	37.10575395814126	-1.0869435096427793e-7	37.10575395814126
0.3645	-1.0430321517596042e-7	37.12829910002444	-1.0430321517596042e-7	37.12829910002444
0.36475	-9.98786354733383e-8	37.150922403863284	-9.98786354733383e-8	37.150922403863284
0.365	-9.543143941748156e-8	37.17362450414789	-9.543143941748156e-8	37.17362450414789
0.36525	-9.094256281372282e-8	37.19640534339346	-9.094256281372282e-8	37.19640534339346
0.3655	-8.643986038059381e-8	37.219265435531305	-8.643986038059381e-8	37.219265435531305
0.36575	-8.18983799666384e-8	37.24220533613087	-8.18983799666384e-8	37.24220533613087
0.366	-7.732417695027749e-8	37.265225003352654	-7.732417695027749e-8	37.265225003352654
0.36625	-7.272734303676032e-8	37.28832503932296	-7.272734303676032e-8	37.28832503932296
0.36650000000000005	-6.8095814431679e-8	37.31150578600027	-6.8095814431679e-8	37.31150578600027
0.36674999999999996	-6.343901998162593e-8	37.334767387979234	-6.343901998162593e-8	37.334767387979234
0.367	-5.8747672060377454e-8	37.35811049041749	-5.8747672060377454e-8	37.35811049041749
0.36725	-5.403221570166039e-8	37.38153513237007	-5.403221570166039e-8	37.38153513237007
0.3675	-4.927727959014305e-8	37.40504193190099	-4.927727959014305e-8	37.40504193190099
0.36775	-4.450165691505248e-8	37.42863118363605	-4.450165691505248e-8	37.42863118363605
0.368	-3.969261219705089e-8	37.45230307021433	-3.969261219705089e-8	37.45230307021433
0.36825	-3.484857269420161e-8	37.47605815970595	-3.484857269420161e-8	37.47605815970595
0.3685	-2.9976141457943584e-8	37.499896725438106	-2.9976141457943584e-8	37.499896725438106
0.36875	-2.507281987584875e-8	37.52381914559896	-2.507281987584875e-8	37.52381914559896
0.36900000000000005	-2.0141730505685018e-8	37.547825736640256	-2.0141730505685018e-8	37.547825736640256
0.36924999999999997	-1.5172044384725858e-8	37.571916958847886	-1.5172044384725858e-8	37.571916958847886
0.3695	-1.0179970144630346e-8	37.59609312226323	-1.0179970144630346e-8	37.59609312226323
0.36975	-5.1492749369996815e-9	37.62035455404199	-5.1492749369996815e-9	37.62035455404199
0.37	-9.316810474155335e-11	37.64470172663906	-9.316810474155335e-11	37.64470172663906
0.37025	5.004308897826881e-9	37.66913492834765	5.004308897826881e-9	37.66913492834765
0.3705	1.012341906136971e-8	37.693654603519846	1.012341906136971e-8	37.693654603519846
0.37075	1.527627495334638e-8	37.7182610260313	1.527627495334638e-8	37.7182610260313
0.371	2.0466132566454576e-8	37.74295471025196	2.0466132566454576e-8	37.74295471025196
0.37125	2.5685523735718974e-8	37.76773597800338	2.5685523735718974e-8	37.76773597800338
0.37150000000000005	3.0935997430425743e-8	37.79260508788772	3.0935997430425743e-8	37.79260508788772
0.37174999999999997	3.621852123769642e-8	37.81756268108254	3.621852123769642e-8	37.81756268108254
0.372	4.1535597961050996e-8	37.84260885936319	4.1535597961050996e-8	37.84260885936319
0.37225	4.688495353066813e-8	37.86774425988478	4.688495353066813e-8	37.86774425988478
0.3725	5.226876742536746e-8	37.89296915586377	5.226876742536746e-8	37.89296915586377
0.37275	5.7680606901922005e-8	37.91828389025424	5.7680606901922005e-8	37.91828389025424
0.373	6.313394856904964e-8	37.943689003714475	6.313394856904964e-8	37.943689003714475
0.37325	6.860984835821426e-8	37.96918465286291	6.860984835821426e-8	37.96918465286291
0.3735	7.412964131425781e-8	37.99477152898287	7.412964131425781e-8	37.99477152898287
0.37375	7.967529613850388e-8	38.02044987648347	7.967529613850388e-8	38.02044987648347
0.374	8.525288897054395e-8	38.04622004155472	8.525288897054395e-8	38.04622004155472
0.37424999999999997	9.087717167677312e-8	38.07208252282217	9.087717167677312e-8	38.07208252282217
0.3745	9.651868460025526e-8	38.09803771394952	9.651868460025526e-8	38.09803771394952
0.37475	1.0220845425568115e-7	38.12408599423958	1.0220845425568115e-7	38.12408599423958
0.37500000000000006	1.0791862392611762e-7	38.15022773024591	1.0791862392611762e-7	38.15022773024591
0.37525	1.1367704944031942e-7	38.176463548345545	1.1367704944031942e-7	38.176463548345545
0.3755	1.194633046930349e-7	38.202793561638515	1.194633046930349e-7	38.202793561638515
0.37575000000000003	1.2527799042594268e-7	38.229218352780556	1.2527799042594268e-7	38.229218352780556
0.376	1.3113755814586625e-7	38.25573831073303	1.3113755814586625e-7	38.25573831073303
0.37625000000000003	1.3702718903996214e-7	38.28235392021126	1.3702718903996214e-7	38.28235392021126
0.3765	1.4295342420922452e-7	38.30906546968596	1.4295342420922452e-7	38.30906546968596
0.37675	1.4890875377204793e-7	38.33587344206704	1.4890875377204793e-7	38.33587344206704
0.377	1.5490916105420638e-7	38.36277835137347	1.5490916105420638e-7	38.36277835137347
0.37725000000000003	1.6093516985726808e-7	38.38978048314387	1.6093516985726808e-7	38.38978048314387
0.37750000000000006	1.6700123151025537e-7	38.41688039541433	1.6700123151025537e-7	38.41688039541433
0.37775	1.7310561917227574e-7	38.44407839527846	1.7310561917227574e-7	38.44407839527846
0.378	1.7923860928803492e-7	38.471374984632064	1.7923860928803492e-7	38.471374984632064
0.37825000000000003	1.8541778068481563e-7	38.49877063965983	1.8541778068481563e-7	38.49877063965983
0.3785	1.9162082698365168e-7	38.526265704806725	1.9162082698365168e-7	38.526265704806725
0.37875000000000003	1.9786725125037208e-7	38.553860686201816	1.9786725125037208e-7	38.553860686201816
0.379	2.0414698265192044e-7	38.58155604108671	2.0414698265192044e-7	38.58155604108671
0.37925	2.1046771103705453e-7	38.60935208987076	2.1046771103705453e-7	38.60935208987076
0.3795	2.1681986184240998e-7	38.63724949755265	2.1681986184240998e-7	38.63724949755265
0.37975000000000003	2.2321001424963072e-7	38.665248511521895	2.2321001424963072e-7	38.665248511521895
0.38000000000000006	2.29631642367778e-7	38.69334962536996	2.29631642367778e-7	38.69334962536996
0.38025	2.3610083710323693e-7	38.72155345558862	2.3610083710323693e-7	38.72155345558862
0.3805	2.4260302544654166e-7	38.74986018140671	2.4260302544654166e-7	38.74986018140671
0.38075000000000003	2.4914007457077503e-7	38.77827046970501	2.4914007457077503e-7	38.77827046970501
0.381	2.557113616408202e-7	38.806784766249145	2.557113616408202e-7	38.806784766249145
0.38125000000000003	2.623239390153742e-7	38.83540341050172	2.623239390153742e-7	38.83540341050172
0.3815	2.689811542389009e-7	38.86412695979627	2.689811542389009e-7	38.86412695979627
0.38175	2.7566155003100334e-7	38.89295592284381	2.7566155003100334e-7	38.89295592284381
0.382	2.8238692895143913e-7	38.92189062521029	2.8238692895143913e-7	38.92189062521029
0.38225000000000003	2.891537862481641e-7	38.950931711591075	2.891537862481641e-7	38.950931711591075
0.38250000000000006	2.959509974864716e-7	38.98007952266671	2.959509974864716e-7	38.98007952266671
0.38275	3.0279164819901894e-7	39.0093345039714	3.0279164819901894e-7	39.0093345039714
0.383	3.0966797615050723e-7	39.0386973585699	3.0966797615050723e-7	39.0386973585699
0.38325000000000004	3.165858362130791e-7	39.068168332143586	3.165858362130791e-7	39.068168332143586
0.3835	3.235377432631026e-7	39.09774798382561	3.235377432631026e-7	39.09774798382561
0.38375	3.305315825485877e-7	39.127436841988484	3.305315825485877e-7	39.127436841988484
0.384	3.375675383665566e-7	39.15723537154588	3.375675383665566e-7	39.15723537154588
0.38425	3.4463178133492534e-7	39.187144047105996	3.4463178133492534e-7	39.187144047105996
0.3845	3.517456614865466e-7	39.217163307733884	3.517456614865466e-7	39.217163307733884
0.38475000000000004	3.5888987204302225e-7	39.24729379789994	3.5888987204302225e-7	39.24729379789994
0.385	3.660807776917352e-7	39.27753593137675	3.660807776917352e-7	39.27753593137675
0.38525	3.7330914137712057e-7	39.30789005282248	3.7330914137712057e-7	39.30789005282248
0.3855	3.805762167630178e-7	39.33835696057322	3.805762167630178e-7	39.33835696057322
0.38575000000000004	3.878810104218644e-7	39.36893705406042	3.878810104218644e-7	39.36893705406042
0.386	3.952246703242679e-7	39.39963061276694	3.952246703242679e-7	39.39963061276694
0.38625	4.026152908842562e-7	39.430438518364966	4.026152908842562e-7	39.430438518364966
0.3865	4.100381980620682e-7	39.46136098837028	4.100381980620682e-7	39.46136098837028
0.38675	4.1751007362478276e-7	39.492398650584036	4.1751007362478276e-7	39.492398650584036
0.387	4.250069078892693e-7	39.52355218393444	4.250069078892693e-7	39.52355218393444
0.38725000000000004	4.3256653636802866e-7	39.554821647957695	4.3256653636802866e-7	39.554821647957695
0.3875	4.401471502823995e-7	39.58620814032302	4.401471502823995e-7	39.58620814032302
0.38775	4.4777753682723187e-7	39.61771179939161	4.4777753682723187e-7	39.61771179939161
0.388	4.554472381457231e-7	39.64933314928246	4.554472381457231e-7	39.64933314928246
0.38825000000000004	4.631553474077066e-7	39.681073092155266	4.631553474077066e-7	39.681073092155266
0.3885	4.7090382837566835e-7	39.71293169486315	4.7090382837566835e-7	39.71293169486315
0.38875	4.787045400078682e-7	39.74490969195506	4.787045400078682e-7	39.74490969195506
0.389	4.865339451320949e-7	39.77700776764704	4.865339451320949e-7	39.77700776764704
0.38925000000000004	4.944068323631257e-7	39.80922623134256	4.944068323631257e-7	39.80922623134256
0.3895	5.023285010175016e-7	39.841565712740504	5.023285010175016e-7	39.841565712740504
0.38975000000000004	5.10283490573471e-7	39.874026832517025	5.10283490573471e-7	39.874026832517025
0.39	5.182850015827967e-7	39.906610017396886	5.182850015827967e-7	39.906610017396886
0.39025	5.26323384875127e-7	39.939315864708	5.26323384875127e-7	39.939315864708
0.3905	5.344115803218585e-7	39.972144983737934	5.344115803218585e-7	39.972144983737934
0.39075000000000004	5.425395492864027e-7	40.005097818922565	5.425395492864027e-7	40.005097818922565
0.391	5.507057561082718e-7	40.0381750555972	5.507057561082718e-7	40.0381750555972
0.39125	5.589188187826721e-7	40.071377199835815	5.589188187826721e-7	40.071377199835815
0.3915	5.671685578967356e-7	40.10470474453954	5.671685578967356e-7	40.10470474453954
0.39175000000000004	5.754676504210465e-7	40.13815842512646	5.754676504210465e-7	40.13815842512646
0.392	5.838052103968039e-7	40.17173862368662	5.838052103968039e-7	40.17173862368662
0.39225	5.921942705100491e-7	40.205446026578315	5.921942705100491e-7	40.205446026578315
0.3925	6.006115826906466e-7	40.23928124163802	6.006115826906466e-7	40.23928124163802
0.39275	6.090874915543054e-7	40.27324471259697	6.090874915543054e-7	40.27324471259697
0.393	6.175899618376945e-7	40.30733721801843	6.175899618376945e-7	40.30733721801843
0.39325000000000004	6.261524565509546e-7	40.341559082683354	6.261524565509546e-7	40.341559082683354
0.39349999999999996	6.347472694123724e-7	40.37591111005988	6.347472694123724e-7	40.37591111005988
0.39375	6.433963930518871e-7	40.41039391306499	6.433963930518871e-7	40.41039391306499
0.394	6.520726625325324e-7	40.44500781137987	6.520726625325324e-7	40.44500781137987
0.39425000000000004	6.608143001685107e-7	40.47975379116002	6.608143001685107e-7	40.47975379116002
0.3945	6.695809444678957e-7	40.514632024987606	6.695809444678957e-7	40.514632024987606
0.39475	6.784033468321127e-7	40.549643476274454	6.784033468321127e-7	40.549643476274454
0.395	6.872647855260539e-7	40.584788679300964	6.872647855260539e-7	40.584788679300964
0.39525	6.961695921958722e-7	40.62006793312733	6.961695921958722e-7	40.62006793312733
0.3955	7.051283956727161e-7	40.65548231109041	7.051283956727161e-7	40.65548231109041
0.39575000000000005	7.141178723912844e-7	40.69103215914071	7.141178723912844e-7	40.69103215914071
0.39599999999999996	7.231641241389752e-7	40.72671804085816	7.231641241389752e-7	40.72671804085816
0.39625	7.322516664132195e-7	40.762540793157974	7.322516664132195e-7	40.762540793157974
0.3965	7.413783471577062e-7	40.79850092389801	7.413783471577062e-7	40.79850092389801
0.39675000000000005	7.505598702550742e-7	40.83459898650262	7.505598702550742e-7	40.83459898650262
0.397	7.597781888080135e-7	40.870835755773264	7.597781888080135e-7	40.870835755773264
0.39725	7.690416925498766e-7	40.907211735134105	7.690416925498766e-7	40.907211735134105
0.3975	7.78360614184237e-7	40.94372763469359	7.78360614184237e-7	40.94372763469359
0.39775	7.877169334591372e-7	40.980384187859876	7.877169334591372e-7	40.980384187859876
0.398	7.971207347523546e-7	41.01718181939302	7.971207347523546e-7	41.01718181939302
0.39825000000000005	8.065749215191431e-7	41.0541213494303	8.065749215191431e-7	41.0541213494303
0.39849999999999997	8.16061889175046e-7	41.091203306771135	8.16061889175046e-7	41.091203306771135
0.39875	8.256181045496191e-7	41.12842840783833	8.256181045496191e-7	41.12842840783833
0.399	8.351939468909109e-7	41.165797356239736	8.351939468909109e-7	41.165797356239736
0.39925000000000005	8.448324129162188e-7	41.2033107442144	8.448324129162188e-7	41.2033107442144
0.3995	8.545136527260411e-7	41.240969233498234	8.545136527260411e-7	41.240969233498234
0.39975	8.642430477934226e-7	41.27877354302909	8.642430477934226e-7	41.27877354302909
0.4	8.740179957555938e-7	41.3167242004168	8.740179957555938e-7	41.3167242004168
0.40025	8.838415634926378e-7	41.354822094758404	8.838415634926378e-7	41.354822094758404
0.4005	8.936984992047314e-7	41.39306779125994	8.936984992047314e-7	41.39306779125994
0.40075000000000005	9.036269075224368e-7	41.43146184707719	9.036269075224368e-7	41.43146184707719
0.40099999999999997	9.135804290849592e-7	41.4700052340578	9.135804290849592e-7	41.4700052340578
0.40125	9.235998215118002e-7	41.508698280433755	9.235998215118002e-7	41.508698280433755
0.4015	9.336515978120019e-7	41.54754199671288	9.336515978120019e-7	41.54754199671288
0.40175000000000005	9.437587342731035e-7	41.586536935741606	9.437587342731035e-7	41.586536935741606
0.40199999999999997	9.539014858006567e-7	41.62568372395612	9.539014858006567e-7	41.62568372395612
0.40225	9.641198506216142e-7	41.664983269299285	9.641198506216142e-7	41.664983269299285
0.4025	9.743512894289097e-7	41.70443601219281	9.743512894289097e-7	41.70443601219281
0.40275	9.846583077788296e-7	41.74404282147771	9.846583077788296e-7	41.74404282147771
0.403	9.949988921675867e-7	41.78380446946543	9.949988921675867e-7	41.78380446946543
0.40325	1.005390145358831e-6	41.82372140909752	1.005390145358831e-6	41.82372140909752
0.4035	1.015836819995286e-6	41.863794706116444	1.015836819995286e-6	41.863794706116444
0.40375	1.0263178698011188e-6	41.90402486987707	1.0263178698011188e-6	41.90402486987707
0.404	1.0368600289467622e-6	41.94441249038044	1.0368600289467622e-6	41.94441249038044
0.40425000000000005	1.0474454921194365e-6	41.98495870738135	1.0474454921194365e-6	41.98495870738135
0.40449999999999997	1.0580774434387763e-6	42.02566386718007	1.0580774434387763e-6	42.02566386718007
0.40475	1.0687665650266354e-6	42.06652882404158	1.0687665650266354e-6	42.06652882404158
0.405	1.07950250072264e-6	42.10755448184887	1.07950250072264e-6	42.10755448184887
0.40525	1.0902741669482907e-6	42.14874131421697	1.0902741669482907e-6	42.14874131421697
0.4055	1.1011144680495022e-6	42.19009026787406	1.1011144680495022e-6	42.19009026787406
0.40575	1.1119910627854779e-6	42.231601995875536	1.1119910627854779e-6	42.231601995875536
0.406	1.1229252825373237e-6	42.27327732246502	1.1229252825373237e-6	42.27327732246502
0.40625	1.1339006507071758e-6	42.31511694014531	1.1339006507071758e-6	42.31511694014531
0.40650000000000003	1.144932627816786e-6	42.35712160809944	1.144932627816786e-6	42.35712160809944
0.40675000000000006	1.156009174607675e-6	42.39929219105465	1.156009174607675e-6	42.39929219105465
0.407	1.1671394277712466e-6	42.44162935269205	1.1671394277712466e-6	42.44162935269205
0.40725	1.1783233260231896e-6	42.48413387255533	1.1783233260231896e-6	42.48413387255533
0.40750000000000003	1.1895538003514616e-6	42.52680666541229	1.1895538003514616e-6	42.52680666541229
0.40775	1.2008183363221292e-6	42.56964831067112	1.2008183363221292e-6	42.56964831067112
0.40800000000000003	1.2121686019384015e-6	42.61265970669808	1.2121686019384015e-6	42.61265970669808
0.40825	1.2235289403861316e-6	42.65584172673593	1.2235289403861316e-6	42.65584172673593
0.40850000000000003	1.2349718030435497e-6	42.69919490267561	1.2349718030435497e-6	42.69919490267561
0.40875	1.2464471632611662e-6	42.74272033218613	1.2464471632611662e-6	42.74272033218613
0.40900000000000003	1.2579847910032527e-6	42.786418694122176	1.2579847910032527e-6	42.786418694122176
0.40925000000000006	1.2695617108704482e-6	42.83029069731272	1.2695617108704482e-6	42.83029069731272
0.4095	1.281201326364112e-6	42.87433729884736	1.281201326364112e-6	42.87433729884736
0.40975	1.2928714854254508e-6	42.91855922832136	1.2928714854254508e-6	42.91855922832136
0.41000000000000003	1.3046262852256518e-6	42.962957350449436	1.3046262852256518e-6	42.962957350449436
0.41025	1.3163967480522842e-6	43.00753250345756	1.3163967480522842e-6	43.00753250345756
0.4105	1.3282481292620218e-6	43.052285378748905	1.3282481292620218e-6	43.052285378748905
0.41075	1.340133588989545e-6	43.09721694858165	1.340133588989545e-6	43.09721694858165
0.41100000000000003	1.3520758663787547e-6	43.14232811469279	1.3520758663787547e-6	43.14232811469279
0.41125	1.3640588374386198e-6	43.18761947594463	1.3640588374386198e-6	43.18761947594463
0.41150000000000003	1.3761224373354253e-6	43.23309213797984	1.3761224373354253e-6	43.23309213797984
0.41175	1.3881952902750072e-6	43.27874672169848	1.3881952902750072e-6	43.27874672169848
0.412	1.400363068171373e-6	43.324584164105296	1.400363068171373e-6	43.324584164105296
0.41225	1.4125539449239e-6	43.37060547882424	1.4125539449239e-6	43.37060547882424
0.41250000000000003	1.4248097208735544e-6	43.41681125347556	1.4248097208735544e-6	43.41681125347556
0.41275	1.4371108854049908e-6	43.46320255906217	1.4371108854049908e-6	43.46320255906217
0.413	1.4494692166522327e-6	43.50978021289373	1.4494692166522327e-6	43.50978021289373
0.41325	1.4618786199349643e-6	43.556545021714456	1.4618786199349643e-6	43.556545021714456
0.41350000000000003	1.4743478438106195e-6	43.6034979745806	1.4743478438106195e-6	43.6034979745806
0.41375	1.4868469868645207e-6	43.65063987537902	1.4868469868645207e-6	43.65063987537902
0.41400000000000003	1.499429405527053e-6	43.69797163274063	1.499429405527053e-6	43.69797163274063
0.41425	1.5120423597636545e-6	43.745494151148186	1.5120423597636545e-6	43.745494151148186
0.4145	1.5247091749159836e-6	43.793208309468184	1.5247091749159836e-6	43.793208309468184
0.41475	1.537441388421712e-6	43.84111511041528	1.537441388421712e-6	43.84111511041528
0.41500000000000004	1.5502215955365273e-6	43.8892153287201	1.5502215955365273e-6	43.8892153287201
0.41525	1.5630462364413233e-6	43.93750980192918	1.5630462364413233e-6	43.93750980192918
0.4155	1.5759423703798348e-6	43.98599975955438	1.5759423703798348e-6	43.98599975955438
0.41575	1.5888739195446533e-6	44.03468582712172	1.5888739195446533e-6	44.03468582712172
0.41600000000000004	1.6018667956529953e-6	44.08356907199095	1.6018667956529953e-6	44.08356907199095
0.41625	1.6149118184927147e-6	44.13265039109959	1.6149118184927147e-6	44.13265039109959
0.41650000000000004	1.6280104269128515e-6	44.18193065313276	1.6280104269128515e-6	44.18193065313276
0.41675	1.6411711580843757e-6	44.23141100348087	1.6411711580843757e-6	44.23141100348087
0.417	1.654362307590418e-6	44.28109218135537	1.654362307590418e-6	44.28109218135537
0.41725	1.667628504620211e-6	44.33097511055725	1.667628504620211e-6	44.33097511055725
0.41750000000000004	1.68094827124321e-6	44.38106103556804	1.68094827124321e-6	44.38106103556804
0.41775	1.6943070342279043e-6	44.43135060720802	1.6943070342279043e-6	44.43135060720802
0.418	1.7077364091733216e-6	44.48184484841096	1.7077364091733216e-6	44.48184484841096
0.41825	1.721209418548142e-6	44.53254500600653	1.721209418548142e-6	44.53254500600653
0.41850000000000004	1.7347416019219963e-6	44.5834516194493	1.7347416019219963e-6	44.5834516194493
0.41875	1.748328200434912e-6	44.63456599118406	1.748328200434912e-6	44.63456599118406
0.419	1.7619627374898528e-6	44.6858890725295	1.7619627374898528e-6	44.6858890725295
0.41925	1.775653766245e-6	44.73742163354234	1.775653766245e-6	44.73742163354234
0.4195	1.7894178458988108e-6	44.78916499829081	1.7894178458988108e-6	44.78916499829081
0.41975	1.803196123972839e-6	44.84111990036126	1.803196123972839e-6	44.84111990036126
0.42000000000000004	1.8170817295271036e-6	44.89328740333775	1.8170817295271036e-6	44.89328740333775
0.42025	1.8309688911699595e-6	44.94566874502065	1.8309688911699595e-6	44.94566874502065
0.4205	1.8449527914299324e-6	44.99826453293506	1.8449527914299324e-6	44.99826453293506
0.42075	1.8589664669832473e-6	45.05107618819403	1.8589664669832473e-6	45.05107618819403
0.42100000000000004	1.8730505484398918e-6	45.10410452317478	1.8730505484398918e-6	45.10410452317478
0.42125	1.887177969450704e-6	45.157350529342466	1.887177969450704e-6	45.157350529342466
0.4215	1.9013688579150312e-6	45.210815547218004	1.9013688579150312e-6	45.210815547218004
0.42175	1.915600432056408e-6	45.26450018385985	1.915600432056408e-6	45.26450018385985
0.422	1.929924680510453e-6	45.31840578856144	1.929924680510453e-6	45.31840578856144
0.42225	1.944255403785178e-6	45.37253346024646	1.944255403785178e-6	45.37253346024646
0.42250000000000004	1.9586720032549465e-6	45.42688398004282	1.9586720032549465e-6	45.42688398004282
0.42275	1.973137493394006e-6	45.48145863928264	1.973137493394006e-6	45.48145863928264
0.423	1.9876582548761235e-6	45.536258553084046	1.9876582548761235e-6	45.536258553084046
0.42325	2.0022291167265394e-6	45.591284555852916	2.0022291167265394e-6	45.591284555852916
0.42350000000000004	2.0168729228942084e-6	45.64653795543369	2.0168729228942084e-6	45.64653795543369
0.42375	2.0315372317725178e-6	45.70201973280721	2.0315372317725178e-6	45.70201973280721
0.424	2.046300711100457e-6	45.75773099224387	2.046300711100457e-6	45.75773099224387
0.42425	2.0610937809806273e-6	45.81367297373757	2.0610937809806273e-6	45.81367297373757
0.4245	2.0759467922459862e-6	45.86984650876916	2.0759467922459862e-6	45.86984650876916
0.42475	2.09086714342277e-6	45.92625298966587	2.09086714342277e-6	45.92625298966587
0.42500000000000004	2.105824313147764e-6	45.98289335219802	2.105824313147764e-6	45.98289335219802
0.42525	2.120848421327537e-6	46.03976880586578	2.120848421327537e-6	46.03976880586578
0.4255	2.1359425179667824e-6	46.096880531613074	2.1359425179667824e-6	46.096880531613074
0.42575	2.1510532519641856e-6	46.15422946102117	2.1510532519641856e-6	46.15422946102117
0.42600000000000005	2.166272556891613e-6	46.211816957763936	2.166272556891613e-6	46.211816957763936
0.42625	2.181504020981606e-6	46.26964417336817	2.181504020981606e-6	46.26964417336817
0.4265	2.196813289501165e-6	46.3277119915394	2.196813289501165e-6	46.3277119915394
0.42675	2.2121775469230442e-6	46.386021892126664	2.2121775469230442e-6	46.386021892126664
0.427	2.227595619075373e-6	46.44457494543811	2.227595619075373e-6	46.44457494543811
0.42725	2.2430687334207278e-6	46.503372167502434	2.2430687334207278e-6	46.503372167502434
0.42750000000000005	2.2586044821082396e-6	46.56241501804361	2.2586044821082396e-6	46.56241501804361
0.42775	2.2741945944204645e-6	46.6217043901823	2.2741945944204645e-6	46.6217043901823
0.428	2.2898355958034244e-6	46.68124171500695	2.2898355958034244e-6	46.68124171500695
0.42825	2.305531440427444e-6	46.74102812256808	2.305531440427444e-6	46.74102812256808
0.42850000000000005	2.3213033060187627e-6	46.801064664878176	2.3213033060187627e-6	46.801064664878176
0.42874999999999996	2.337113214068154e-6	46.86135286024419	2.337113214068154e-6	46.86135286024419
0.429	2.3529971908686775e-6	46.92189366113138	2.3529971908686775e-6	46.92189366113138
0.42925	2.3689028463280692e-6	46.982688336578846	2.3689028463280692e-6	46.982688336578846
0.4295	2.3849122374741683e-6	47.043738314230694	2.3849122374741683e-6	47.043738314230694
0.42975	2.4009433374772016e-6	47.105044618038306	2.4009433374772016e-6	47.105044618038306
0.43	2.4170529275835406e-6	47.166608509213354	2.4170529275835406e-6	47.166608509213354
0.43025	2.4332171459917618e-6	47.22843144601778	2.4332171459917618e-6	47.22843144601778
0.4305	2.4494225261406655e-6	47.290514396016064	2.4494225261406655e-6	47.290514396016064
0.43075	2.465695589037864e-6	47.35285884934521	2.465695589037864e-6	47.35285884934521
0.43100000000000005	2.4820406387959792e-6	47.41546606461348	2.4820406387959792e-6	47.41546606461348
0.43124999999999997	2.498403311790298e-6	47.47833710686567	2.498403311790298e-6	47.47833710686567
0.4315	2.514885222737462e-6	47.54147355027607	2.514885222737462e-6	47.54147355027607
0.43175	2.5313455118691763e-6	47.60487656293563	2.5313455118691763e-6	47.60487656293563
0.432	2.5479418379603658e-6	47.668547334594926	2.5479418379603658e-6	47.668547334594926
0.43225	2.5645347978553446e-6	47.73248734586803	2.5645347978553446e-6	47.73248734586803
0.4325	2.5812287933746347e-6	47.79669789276108	2.5812287933746347e-6	47.79669789276108
0.43275	2.5979547917387436e-6	47.86118027682384	2.5979547917387436e-6	47.86118027682384
0.433	2.6147500040707428e-6	47.925935670453875	2.6147500040707428e-6	47.925935670453875
0.43325	2.6315869767756794e-6	47.990965597648184	2.6315869767756794e-6	47.990965597648184
0.43350000000000005	2.648511285840982e-6	48.05627152399294	2.648511285840982e-6	48.05627152399294
0.43374999999999997	2.66545491456327e-6	48.12185440942641	2.66545491456327e-6	48.12185440942641
0.434	2.682496752726138e-6	48.18771594810584	2.682496752726138e-6	48.18771594810584
0.43425	2.6995620281411448e-6	48.2538574483868	2.6995620281411448e-6	48.2538574483868
0.43450000000000005	2.7167046621201507e-6	48.320280089237606	2.7167046621201507e-6	48.320280089237606
0.43475	2.733891566464308e-6	48.38698552419873	2.733891566464308e-6	48.38698552419873
0.435	2.7511572469052226e-6	48.45397504190779	2.7511572469052226e-6	48.45397504190779
0.43525	2.7684681676021228e-6	48.52124990548734	2.7684681676021228e-6	48.52124990548734
0.4355	2.7858308992989578e-6	48.58881172518271	2.7858308992989578e-6	48.58881172518271
0.43575	2.803259880224118e-6	48.65666178740776	2.803259880224118e-6	48.65666178740776
0.43600000000000005	2.8207403719449076e-6	48.724801513760056	2.8207403719449076e-6	48.724801513760056
0.43624999999999997	2.8382808405780224e-6	48.793232485049124	2.8382808405780224e-6	48.793232485049124
0.4365	2.855891683140044e-6	48.86195592354986	2.855891683140044e-6	48.86195592354986
0.43675	2.87354803063522e-6	48.93097341873788	2.87354803063522e-6	48.93097341873788
0.43700000000000006	2.8912645717582564e-6	49.000286363836246	2.8912645717582564e-6	49.000286363836246
0.43724999999999997	2.9090357660521704e-6	49.069896259002526	2.9090357660521704e-6	49.069896259002526
0.4375	2.9268706054352833e-6	49.13980454332799	2.9268706054352833e-6	49.13980454332799
0.43775000000000003	2.9447648959290973e-6	49.210012674521714	2.9447648959290973e-6	49.210012674521714
0.438	2.962705323739101e-6	49.28052222140445	2.962705323739101e-6	49.28052222140445
0.43825000000000003	2.980728824653056e-6	49.35133459844911	2.980728824653056e-6	49.35133459844911
0.4385	2.99875700804364e-6	49.42245133463828	2.99875700804364e-6	49.42245133463828
0.43875	3.0169298774751496e-6	49.49387391818738	3.0169298774751496e-6	49.49387391818738
0.439	3.035067953405246e-6	49.56560394336776	3.035067953405246e-6	49.56560394336776
0.43925000000000003	3.0533439687729924e-6	49.63764287581834	3.0533439687729924e-6	49.63764287581834
0.43950000000000006	3.0716123973206777e-6	49.70999221996889	3.0716123973206777e-6	49.70999221996889
0.43975	3.0899878105117295e-6	49.78265359982425	3.0899878105117295e-6	49.78265359982425
0.44	3.108394874828946e-6	49.85562858033255	3.108394874828946e-6	49.85562858033255
0.44025000000000003	3.1268567521891555e-6	49.92891858514746	3.1268567521891555e-6	49.92891858514746
0.4405	3.145391222147964e-6	50.00252529748821	3.145391222147964e-6	50.00252529748821
0.44075000000000003	3.163994023225314e-6	50.07645038962226	3.163994023225314e-6	50.07645038962226
0.441	3.182616442387598e-6	50.15069517867042	3.182616442387598e-6	50.15069517867042
0.44125	3.2013495889771093e-6	50.225261528549396	3.2013495889771093e-6	50.225261528549396
0.4415	3.220082776422828e-6	50.30015095764254	3.220082776422828e-6	50.30015095764254
0.44175000000000003	3.238924319859393e-6	50.37536495669445	3.238924319859393e-6	50.37536495669445
0.44200000000000006	3.2577896433849673e-6	50.45090538357076	3.2577896433849673e-6	50.45090538357076
0.44225	3.2767263853372697e-6	50.52677375624481	3.2767263853372697e-6	50.52677375624481
0.4425	3.2957196616223428e-6	50.6029715702424	3.2957196616223428e-6	50.6029715702424
0.44275000000000003	3.3147925666554556e-6	50.67950075770526	3.3147925666554556e-6	50.67950075770526
0.443	3.3338718665731903e-6	50.75636282556892	3.3338718665731903e-6	50.75636282556892
0.44325000000000003	3.3530778544843542e-6	50.83355941022577	3.3530778544843542e-6	50.83355941022577
0.4435	3.372272420421041e-6	50.91109237449116	3.372272420421041e-6	50.91109237449116
0.44375	3.391563208055004e-6	50.98896309050264	3.391563208055004e-6	50.98896309050264
0.444	3.4109096418433182e-6	51.067173603817906	3.4109096418433182e-6	51.067173603817906
0.44425000000000003	3.430314926333722e-6	51.145725545257626	3.430314926333722e-6	51.145725545257626
0.44450000000000006	3.4497508387687503e-6	51.224620302935	3.4497508387687503e-6	51.224620302935
0.44475	3.469307266357191e-6	51.30386012749438	3.469307266357191e-6	51.30386012749438
0.445	3.48884694645335e-6	51.38344640360004	3.48884694645335e-6	51.38344640360004
0.44525000000000003	3.508498782167635e-6	51.463380935642995	3.508498782167635e-6	51.463380935642995
0.4455	3.5281752879257056e-6	51.5436656739422	3.5281752879257056e-6	51.5436656739422
0.44575000000000004	3.547927583724686e-6	51.62430201901725	3.547927583724686e-6	51.62430201901725
0.446	3.5677370746611814e-6	51.7052921889441	3.5677370746611814e-6	51.7052921889441
0.44625	3.5875940440632803e-6	51.78663767085535	3.5875940440632803e-6	51.78663767085535
0.4465	3.6074994760326717e-6	51.86834030365898	3.6074994760326717e-6	51.86834030365898
0.44675000000000004	3.6275161860999106e-6	51.950402154927936	3.6275161860999106e-6	51.950402154927936
0.447	3.6475017566317547e-6	52.03282457872146	3.6475017566317547e-6	52.03282457872146
0.44725	3.667647284544273e-6	52.11560980180218	3.667647284544273e-6	52.11560980180218
0.4475	3.6877647211497333e-6	52.1987596242599	3.6877647211497333e-6	52.1987596242599
0.44775000000000004	3.7079850976340367e-6	52.282275599739876	3.7079850976340367e-6	52.282275599739876
0.448	3.7282563916107847e-6	52.36615996679289	3.7282563916107847e-6	52.36615996679289
0.44825	3.7485628290312434e-6	52.450414468396794	3.7485628290312434e-6	52.450414468396794
0.4485	3.768952943516979e-6	52.5350408442647	3.768952943516979e-6	52.5350408442647
0.44875000000000004	3.7893940678657145e-6	52.620041168506695	3.7893940678657145e-6	52.620041168506695
0.449	3.8098637347161457e-6	52.705417314875355	3.8098637347161457e-6	52.705417314875355
0.44925000000000004	3.830458481957066e-6	52.79117109488864	3.830458481957066e-6	52.79117109488864
0.4495	3.851037657653933e-6	52.87730461870221	3.851037657653933e-6	52.87730461870221
0.44975	3.871718593728701e-6	52.96381967754023	3.871718593728701e-6	52.96381967754023
0.45	3.8924332557144226e-6	53.050718262405304	3.8924332557144226e-6	53.050718262405304
0.45025000000000004	3.9132295377442006e-6	53.138002422428386	3.9132295377442006e-6	53.138002422428386
0.4505	3.934039146002988e-6	53.22567402331585	3.934039146002988e-6	53.22567402331585
0.45075	3.954971528941087e-6	53.31373509602317	3.954971528941087e-6	53.31373509602317
0.451	3.975875749517854e-6	53.40218762926399	3.975875749517854e-6	53.40218762926399
0.45125000000000004	3.996927180338616e-6	53.49103363283432	3.996927180338616e-6	53.49103363283432
0.4515	4.017970759662148e-6	53.58027518192106	4.017970759662148e-6	53.58027518192106
0.45175000000000004	4.03908676815945e-6	53.66991423943815	4.03908676815945e-6	53.66991423943815
0.452	4.0602784565635375e-6	53.75995290288561	4.0602784565635375e-6	53.75995290288561
0.45225	4.081512511078245e-6	53.850393158789736	4.081512511078245e-6	53.850393158789736
0.4525	4.102786906656775e-6	53.94123714628007	4.102786906656775e-6	53.94123714628007
0.45275000000000004	4.124168917485349e-6	54.03248700435355	4.124168917485349e-6	54.03248700435355
0.453	4.145522023435433e-6	54.12414462197552	4.145522023435433e-6	54.12414462197552
0.45325	4.167037658930894e-6	54.21621234884384	4.167037658930894e-6	54.21621234884384
0.4535	4.188507979563383e-6	54.30869215345368	4.188507979563383e-6	54.30869215345368
0.45375000000000004	4.210115424285732e-6	54.40158617508034	4.210115424285732e-6	54.40158617508034
0.454	4.2317115713785824e-6	54.49489660340889	4.2317115713785824e-6	54.49489660340889
0.45425000000000004	4.253428226519418e-6	54.58862572390981	4.253428226519418e-6	54.58862572390981
0.4545	4.275133047570989e-6	54.68277534401855	4.275133047570989e-6	54.68277534401855
0.45475	4.296959517091636e-6	54.7773480024296	4.296959517091636e-6	54.7773480024296
0.455	4.318777353518044e-6	54.87234577378652	4.318777353518044e-6	54.87234577378652
0.45525000000000004	4.340727262075461e-6	54.967770738644575	4.340727262075461e-6	54.967770738644575
0.45549999999999996	4.362650152245351e-6	55.06362544732102	4.362650152245351e-6	55.06362544732102
0.45575	4.384685890812534e-6	55.15991171220392	4.384685890812534e-6	55.15991171220392
0.456	4.40675772139798e-6	55.25663217303668	4.40675772139798e-6	55.25663217303668
0.45625000000000004	4.428889653240731e-6	55.3537888760508	4.428889653240731e-6	55.3537888760508
0.4565	4.451057158405547e-6	55.45138398809331	4.451057158405547e-6	55.45138398809331
0.45675	4.4733265305296754e-6	55.54942019296934	4.4733265305296754e-6	55.54942019296934
0.457	4.495573051599422e-6	55.64789943404486	4.495573051599422e-6	55.64789943404486
0.45725	4.517966196715406e-6	55.7468240577014	4.517966196715406e-6	55.7468240577014
0.4575	4.5403420294576335e-6	55.846196688939806	4.5403420294576335e-6	55.846196688939806
0.45775000000000005	4.562808253893991e-6	55.9460193014534	4.562808253893991e-6	55.9460193014534
0.45799999999999996	4.585330298567669e-6	56.04629449820777	4.585330298567669e-6	56.04629449820777
0.45825	4.6078790560954985e-6	56.147024683249484	4.6078790560954985e-6	56.147024683249484
0.4585	4.630502637326117e-6	56.248211867819116	4.630502637326117e-6	56.248211867819116
0.45875000000000005	4.653201695958842e-6	56.34985902099265	4.653201695958842e-6	56.34985902099265
0.459	4.675885698190996e-6	56.45196811280377	4.675885698190996e-6	56.45196811280377
0.45925	4.698713624406992e-6	56.5545416548843	4.698713624406992e-6	56.5545416548843
0.4595	4.72151473474014e-6	56.65758245194255	4.72151473474014e-6	56.65758245194255
0.45975	4.744427759106884e-6	56.76109238248654	4.744427759106884e-6	56.76109238248654
0.46	4.767357648205461e-6	56.86507439432323	4.767357648205461e-6	56.86507439432323
0.46025000000000005	4.790370457641302e-6	56.96953079945384	4.790370457641302e-6	56.96953079945384
0.46049999999999996	4.813396014213822e-6	57.07446398433741	4.813396014213822e-6	57.07446398433741
0.46075	4.836534866825559e-6	57.17987678519599	4.836534866825559e-6	57.17987678519599
0.461	4.859651593136505e-6	57.28577142454717	4.859651593136505e-6	57.28577142454717
0.46125000000000005	4.882893307467384e-6	57.39215061762931	4.882893307467384e-6	57.39215061762931
0.4615	4.906141406024744e-6	57.49901692415499	4.906141406024744e-6	57.49901692415499
0.46175	4.929465031722202e-6	57.60637284214777	4.929465031722202e-6	57.60637284214777
0.462	4.952817441505886e-6	57.71422115960853	4.952817441505886e-6	57.71422115960853
0.46225	4.976268527911998e-6	57.82256426143683	4.976268527911998e-6	57.82256426143683
0.4625	4.999693256735327e-6	57.931404864503364	4.999693256735327e-6	57.931404864503364
0.46275000000000005	5.023275356563772e-6	58.04074577344738	5.023275356563772e-6	58.04074577344738
0.463	5.046795315877262e-6	58.15058935749496	5.046795315877262e-6	58.15058935749496
0.46325	5.070470276535843e-6	58.260938525638565	5.070470276535843e-6	58.260938525638565
0.4635	5.094123679327822e-6	58.37179601212854	5.094123679327822e-6	58.37179601212854
0.46375000000000005	5.117865221393458e-6	58.4831642144119	5.117865221393458e-6	58.4831642144119
0.46399999999999997	5.14164397813488e-6	58.59504618839766	5.14164397813488e-6	58.59504618839766
0.46425	5.165484505909035e-6	58.707444580990696	5.165484505909035e-6	58.707444580990696
0.4645	5.189359740143118e-6	58.820362142460404	5.189359740143118e-6	58.820362142460404
0.46475	5.213323550634641e-6	58.933801672441184	5.213323550634641e-6	58.933801672441184
0.465	5.2372620586993435e-6	59.04776587847118	5.2372620586993435e-6	59.04776587847118
0.46525	5.261351940788472e-6	59.162257671096036	5.261351940788472e-6	59.162257671096036
0.4655	5.285404924393333e-6	59.27727988573392	5.285404924393333e-6	59.27727988573392
0.46575	5.309553561261282e-6	59.39283538281312	5.309553561261282e-6	59.39283538281312
0.466	5.333756362801978e-6	59.50892692624422	5.333756362801978e-6	59.50892692624422
0.46625000000000005	5.3579788001911766e-6	59.62555757654575	5.3579788001911766e-6	59.62555757654575
0.46649999999999997	5.3822601095987466e-6	59.74273006749402	5.3822601095987466e-6	59.74273006749402
0.46675	5.4066356689475015e-6	59.8604473898437	5.4066356689475015e-6	59.8604473898437
0.467	5.4309627479653955e-6	59.97871253159319	5.4309627479653955e-6	59.97871253159319
0.46725	5.455464567205581e-6	60.09752836306346	5.455464567205581e-6	60.09752836306346
0.4675	5.47990118349162e-6	60.21689800246735	5.47990118349162e-6	60.21689800246735
0.46775	5.5044637967682775e-6	60.33682420977469	5.5044637967682775e-6	60.33682420977469
0.468	5.529037739648857e-6	60.45731028497309	5.529037739648857e-6	60.45731028497309
0.46825	5.553664692570237e-6	60.57835908668529	5.553664692570237e-6	60.57835908668529
0.4685	5.578360319447029e-6	60.69997363387597	5.578360319447029e-6	60.69997363387597
0.46875000000000006	5.603061762116113e-6	60.82215717966252	5.603061762116113e-6	60.82215717966252
0.469	5.627863938428845e-6	60.94491265276485	5.627863938428845e-6	60.94491265276485
0.46925	5.652679384127168e-6	61.06824320464943	5.652679384127168e-6	61.06824320464943
0.46950000000000003	5.677550735327941e-6	61.192152068544104	5.677550735327941e-6	61.192152068544104
0.46975	5.702473533375496e-6	61.31664218914972	5.702473533375496e-6	61.31664218914972
0.47000000000000003	5.727446996672825e-6	61.44171695066113	5.727446996672825e-6	61.44171695066113
0.47025	5.752426371685715e-6	61.56737943262249	5.752426371685715e-6	61.56737943262249
0.47050000000000003	5.7775249224789604e-6	61.69363286176477	5.7775249224789604e-6	61.69363286176477
0.47075	5.802621931394469e-6	61.82048052561622	5.802621931394469e-6	61.82048052561622
0.47100000000000003	5.827760460874742e-6	61.94792556551554	5.827760460874742e-6	61.94792556551554
0.47125000000000006	5.852971764142012e-6	62.075971298254494	5.852971764142012e-6	62.075971298254494
0.4715	5.878216828847371e-6	62.204621147660006	5.878216828847371e-6	62.204621147660006
0.47175	5.903491310021991e-6	62.33387822968699	5.903491310021991e-6	62.33387822968699
0.47200000000000003	5.928863789250727e-6	62.463746011441124	5.928863789250727e-6	62.463746011441124
0.47225	5.95418629956157e-6	62.59422785788029	5.95418629956157e-6	62.59422785788029
0.47250000000000003	5.979675059109013e-6	62.72532693111211	5.979675059109013e-6	62.72532693111211
0.47275	6.00510048087699e-6	62.8570469684475	6.00510048087699e-6	62.8570469684475
0.47300000000000003	6.030637244691661e-6	62.98939121785253	6.030637244691661e-6	62.98939121785253
0.47325	6.056190009928741e-6	63.1223631122826	6.056190009928741e-6	63.1223631122826
0.47350000000000003	6.081808329838623e-6	63.255966030292676	6.081808329838623e-6	63.255966030292676
0.47375	6.10742479167925e-6	63.39020371144018	6.10742479167925e-6	63.39020371144018
0.474	6.133167296695774e-6	63.525079568568444	6.133167296695774e-6	63.525079568568444
0.47425	6.158848687931595e-6	63.660596870497166	6.158848687931595e-6	63.660596870497166
0.47450000000000003	6.1846709797919175e-6	63.79675962834446	6.1846709797919175e-6	63.79675962834446
0.47475	6.210455623545386e-6	63.93357110824051	6.210455623545386e-6	63.93357110824051
0.475	6.236337771525768e-6	64.07103492186215	6.236337771525768e-6	64.07103492186215
0.47525	6.262237150167493e-6	64.20915490858148	6.262237150167493e-6	64.20915490858148
0.47550000000000003	6.288201312543151e-6	64.34793453516303	6.288201312543151e-6	64.34793453516303
0.47575	6.314147583452723e-6	64.48737744883604	6.314147583452723e-6	64.48737744883604
0.47600000000000003	6.3402412919799644e-6	64.62748756526094	6.3402412919799644e-6	64.62748756526094
0.47625	6.366257409240461e-6	64.76826836372967	6.366257409240461e-6	64.76826836372967
0.4765	6.392409165556501e-6	64.90972368847373	6.392409165556501e-6	64.90972368847373
0.47675	6.4185482884226985e-6	65.05185736071387	6.4185482884226985e-6	65.05185736071387
0.47700000000000004	6.444735522137535e-6	65.19467300752963	6.444735522137535e-6	65.19467300752963
0.47725	6.470993767493383e-6	65.33817479293576	6.470993767493383e-6	65.33817479293576
0.4775	6.497260688576034e-6	65.4823662221772	6.497260688576034e-6	65.4823662221772
0.47775	6.523552542603284e-6	65.62725117858993	6.523552542603284e-6	65.62725117858993
0.47800000000000004	6.549957650037186e-6	65.77283378407893	6.549957650037186e-6	65.77283378407893
0.47825	6.576299593774593e-6	65.91911778932715	6.576299593774593e-6	65.91911778932715
0.47850000000000004	6.602762226748382e-6	66.06610722069249	6.602762226748382e-6	66.06610722069249
0.47875	6.629230927757135e-6	66.21380605010097	6.629230927757135e-6	66.21380605010097
0.479	6.655727499804698e-6	66.36221804021238	6.655727499804698e-6	66.36221804021238
0.47925	6.682291321169487e-6	66.51134769765032	6.682291321169487e-6	66.51134769765032
0.47950000000000004	6.708862624549283e-6	66.66119874435643	6.708862624549283e-6	66.66119874435643
0.47975000000000007	6.735483569997314e-6	66.81177505674752	6.735483569997314e-6	66.81177505674752
0.48	6.7621710968523985e-6	66.96308132576293	6.7621710968523985e-6	66.96308132576293
0.48025	6.788835133164639e-6	67.11512119502513	6.788835133164639e-6	67.11512119502513
0.48050000000000004	6.815594058906527e-6	67.26789894053147	6.815594058906527e-6	67.26789894053147
0.48075	6.842346120805587e-6	67.42141896527127	6.842346120805587e-6	67.42141896527127
0.48100000000000004	6.869152318955685e-6	67.57568511874294	6.869152318955685e-6	67.57568511874294
0.48125	6.896010166457245e-6	67.7307019127665	6.896010166457245e-6	67.7307019127665
0.4815	6.922871001791009e-6	67.88647363662471	6.922871001791009e-6	67.88647363662471
0.48175	6.949773471376375e-6	68.04300437251963	6.949773471376375e-6	68.04300437251963
0.48200000000000004	6.976762524146807e-6	68.20029878722191	6.976762524146807e-6	68.20029878722191
0.48225	7.003676493866351e-6	68.35836067723662	7.003676493866351e-6	68.35836067723662
0.4825	7.0307518029721905e-6	68.51719497067761	7.0307518029721905e-6	68.51719497067761
0.48275	7.057774976004794e-6	68.67680612968161	7.057774976004794e-6	68.67680612968161
0.48300000000000004	7.084845208282786e-6	68.83719793726885	7.084845208282786e-6	68.83719793726885
0.48325	7.111988111319079e-6	68.99837560979772	7.111988111319079e-6	68.99837560979772
0.4835	7.139104930331541e-6	69.1603432754582	7.139104930331541e-6	69.1603432754582
0.48375	7.166298278349359e-6	69.32310538747709	7.166298278349359e-6	69.32310538747709
0.484	7.193526791127169e-6	69.48666688026859	7.193526791127169e-6	69.48666688026859
0.48425	7.220723681200525e-6	69.651032045998	7.220723681200525e-6	69.651032045998
0.48450000000000004	7.2480375266081865e-6	69.81620553198101	7.2480375266081865e-6	69.81620553198101
0.48475	7.275324371391889e-6	69.98219221110686	7.275324371391889e-6	69.98219221110686
0.485	7.3026673419462895e-6	70.1489964646442	7.3026673419462895e-6	70.1489964646442
0.48525	7.3300309111346e-6	70.31662333127952	7.3300309111346e-6	70.31662333127952
0.48550000000000004	7.357429055332432e-6	70.48507740639577	7.357429055332432e-6	70.48507740639577
0.48575	7.384836656854077e-6	70.65436337832641	7.384836656854077e-6	70.65436337832641
0.486	7.412331932243887e-6	70.82448633838587	7.412331932243887e-6	70.82448633838587
0.48625	7.439753822779949e-6	70.99545085899548	7.439753822779949e-6	70.99545085899548
0.4865	7.467319221632351e-6	71.16726194638755	7.467319221632351e-6	71.16726194638755
0.48675	7.494826803622345e-6	71.33992458764459	7.494826803622345e-6	71.33992458764459
0.48700000000000004	7.5224094615578e-6	71.51344372368263	7.5224094615578e-6	71.51344372368263
0.48725	7.549990243660432e-6	71.6878241235794	7.549990243660432e-6	71.6878241235794
0.4875	7.5776379659941995e-6	71.86307113025127	7.5776379659941995e-6	71.86307113025127
0.48775	7.605205780691904e-6	72.03918956533695	7.605205780691904e-6	72.03918956533695
0.48800000000000004	7.633008465290914e-6	72.21618461875515	7.633008465290914e-6	72.21618461875515
0.48825	7.660573409395965e-6	72.39406142349623	7.660573409395965e-6	72.39406142349623
0.4885	7.688396770788586e-6	72.57282500448115	7.688396770788586e-6	72.57282500448115
0.48875	7.716085740128165e-6	72.75248080221735	7.716085740128165e-6	72.75248080221735
0.489	7.743871933030277e-6	72.93303373916187	7.743871933030277e-6	72.93303373916187
0.48925	7.771702833281324e-6	73.1144894398485	7.771702833281324e-6	73.1144894398485
0.48950000000000005	7.799459673663023e-6	73.29685295399602	7.799459673663023e-6	73.29685295399602
0.48975	7.827357265455248e-6	73.4801296124691	7.827357265455248e-6	73.4801296124691
0.49	7.855206341389476e-6	73.66432506970288	7.855206341389476e-6	73.66432506970288
0.49025	7.883062572489052e-6	73.84944421716418	7.883062572489052e-6	73.84944421716418
0.49050000000000005	7.911037847918578e-6	74.03549306614651	7.911037847918578e-6	74.03549306614651
0.49075	7.938912929716935e-6	74.22247696329512	7.938912929716935e-6	74.22247696329512
0.491	7.966890308352959e-6	74.41040103558831	7.966890308352959e-6	74.41040103558831
0.49125	7.994852282422471e-6	74.59927146949522	7.994852282422471e-6	74.59927146949522
0.4915	8.022862864720537e-6	74.78909342280524	8.022862864720537e-6	74.78909342280524
0.49175	8.050841110218698e-6	74.97987258368818	8.050841110218698e-6	74.97987258368818
0.492	8.07892188703363e-6	75.17161495533173	8.07892188703363e-6	75.17161495533173
0.49225	8.10692503705468e-6	75.36432583911241	8.10692503705468e-6	75.36432583911241
0.4925	8.135026000388734e-6	75.5580112769411	8.135026000388734e-6	75.5580112769411
0.49275	8.163107018788196e-6	75.7526771644358	8.163107018788196e-6	75.7526771644358
0.49300000000000005	8.191181024130856e-6	75.94832885271454	8.191181024130856e-6	75.94832885271454
0.49324999999999997	8.219353709648658e-6	76.14497277479035	8.219353709648658e-6	76.14497277479035
0.4935	8.2474635263452e-6	76.34261469800977	8.2474635263452e-6	76.34261469800977
0.49375	8.275579602923244e-6	76.54126027212666	8.275579602923244e-6	76.54126027212666
0.49400000000000005	8.303837262246816e-6	76.74091600290737	8.303837262246816e-6	76.74091600290737
0.49425	8.331909540970628e-6	76.94158767004963	8.331909540970628e-6	76.94158767004963
0.4945	8.360224384773574e-6	77.14328132422222	8.360224384773574e-6	77.14328132422222
0.49475	8.388336915743366e-6	77.34600327278122	8.388336915743366e-6	77.34600327278122
0.495	8.416622854667821e-6	77.54975952878041	8.416622854667821e-6	77.54975952878041
0.49525	8.444845974509008e-6	77.75455664328938	8.444845974509008e-6	77.75455664328938
0.49550000000000005	8.473087412141922e-6	77.96040041854026	8.473087412141922e-6	77.96040041854026
0.49574999999999997	8.501355175383196e-6	78.16729734868666	8.501355175383196e-6	78.16729734868666
0.496	8.529653349853561e-6	78.37525422238646	8.529653349853561e-6	78.37525422238646
0.49625	8.557868440561833e-6	78.58427672737879	8.557868440561833e-6	78.58427672737879
0.49650000000000005	8.586288863909886e-6	78.79437181507869	8.586288863909886e-6	78.79437181507869
0.49675	8.614453626876184e-6	79.00554588234829	8.614453626876184e-6	79.00554588234829
0.497	8.642857274310245e-6	79.21780524792557	8.642857274310245e-6	79.21780524792557
0.49725	8.671177809560504e-6	79.43115689865412	8.671177809560504e-6	79.43115689865412
0.4975	8.699462689776283e-6	79.64560716497785	8.699462689776283e-6	79.64560716497785
0.49775	8.727837133903904e-6	79.86116275527257	8.727837133903904e-6	79.86116275527257
0.49800000000000005	8.756207201088273e-6	80.07783065161797	8.756207201088273e-6	80.07783065161797
0.49824999999999997	8.784485032720113e-6	80.29561736415319	8.784485032720113e-6	80.29561736415319
0.4985	8.812940251345935e-6	80.51452973758214	8.812940251345935e-6	80.51452973758214
0.49875	8.841216285304654e-6	80.73457491182575	8.841216285304654e-6	80.73457491182575
0.49900000000000005	8.869662714516835e-6	80.95575955407887	8.869662714516835e-6	80.95575955407887
0.49925	8.89798718617385e-6	81.17809075634067	8.89798718617385e-6	81.17809075634067
0.4995	8.92639871352685e-6	81.40157553433431	8.92639871352685e-6	81.40157553433431
0.49975	8.954745801759145e-6	81.62622098877134	8.954745801759145e-6	81.62622098877134
0.5	8.98316159236856e-6	81.85203417973027	8.98316159236856e-6	81.85203417973027
0.50025	9.011548407045211e-6	82.07902240886467	9.011548407045211e-6	82.07902240886467
0.5005	9.039914054653764e-6	82.30719289899554	9.039914054653764e-6	82.30719289899554
0.50075	9.06833742675417e-6	82.53655274304707	9.06833742675417e-6	82.53655274304707
0.501	9.096669060681961e-6	82.7671095204892	9.096669060681961e-6	82.7671095204892
0.50125	9.125139712296004e-6	82.99887062012643	9.125139712296004e-6	82.99887062012643
0.5015000000000001	9.153467132705373e-6	83.23184332428244	9.153467132705373e-6	83.23184332428244
0.50175	9.181914428779692e-6	83.46603529093417	9.181914428779692e-6	83.46603529093417
0.502	9.210212631671766e-6	83.7014539713845	9.210212631671766e-6	83.7014539713845
0.5022500000000001	9.238673314371226e-6	83.93810708972366	9.238673314371226e-6	83.93810708972366
0.5025	9.267012430314026e-6	84.17600225808029	9.267012430314026e-6	84.17600225808029
0.50275	9.295424703736899e-6	84.41514724069071	9.295424703736899e-6	84.41514724069071
0.503	9.323717904408113e-6	84.65554972542904	9.323717904408113e-6	84.65554972542904
0.50325	9.352197487544345e-6	84.89721769763344	9.352197487544345e-6	84.89721769763344
0.5035000000000001	9.380464973673952e-6	85.14015892923392	9.380464973673952e-6	85.14015892923392
0.50375	9.40889237455167e-6	85.38438150989845	9.40889237455167e-6	85.38438150989845
0.504	9.437143908996859e-6	85.62989335201019	9.437143908996859e-6	85.62989335201019
0.5042500000000001	9.465575111278213e-6	85.87670254030658	9.465575111278213e-6	85.87670254030658
0.5045000000000001	9.493858669884503e-6	86.12481732970603	9.493858669884503e-6	86.12481732970603
0.5047499999999999	9.522185678179085e-6	86.37424577868703	9.522185678179085e-6	86.37424577868703
0.505	9.550501310684467e-6	86.6249962221957	9.550501310684467e-6	86.6249962221957
0.50525	9.57878351925956e-6	86.87707687713444	9.57878351925956e-6	86.87707687713444
0.5055	9.607113746312734e-6	87.13049632379516	9.607113746312734e-6	87.13049632379516
0.50575	9.63537593889896e-6	87.38526288329028	9.63537593889896e-6	87.38526288329028
0.506	9.663620446076493e-6	87.64138493770393	9.663620446076493e-6	87.64138493770393
0.50625	9.69187518506942e-6	87.89887136703118	9.69187518506942e-6	87.89887136703118
0.5065000000000001	9.720141584068642e-6	88.15773062234857	9.720141584068642e-6	88.15773062234857
0.50675	9.748326107228422e-6	88.41797125631122	9.748326107228422e-6	88.41797125631122
0.507	9.776564404262444e-6	88.67960229870792	9.776564404262444e-6	88.67960229870792
0.50725	9.80473982536978e-6	88.94263258754033	9.80473982536978e-6	88.94263258754033
0.5075	9.832932811093542e-6	89.207070821117	9.832932811093542e-6	89.207070821117
0.50775	9.861069536043487e-6	89.47292597725853	9.861069536043487e-6	89.47292597725853
0.508	9.889220550007849e-6	89.74020727643014	9.889220550007849e-6	89.74020727643014
0.50825	9.917346034171715e-6	90.0089237714203	9.917346034171715e-6	90.0089237714203
0.5085000000000001	9.94540079801709e-6	90.27908442495895	9.94540079801709e-6	90.27908442495895
0.50875	9.973578421806906e-6	90.5506987313108	9.973578421806906e-6	90.5506987313108
0.509	1.0001511313362244e-5	90.82377595328681	1.0001511313362244e-5	90.82377595328681
0.5092500000000001	1.0029662576016563e-5	91.09832523089233	1.0029662576016563e-5	91.09832523089233
0.5095000000000001	1.0057587367384713e-5	91.37435635372135	1.0057587367384713e-5	91.37435635372135
0.5097499999999999	1.0085648781910095e-5	91.65187875726744	1.0085648781910095e-5	91.65187875726744
0.51	1.0113542870726633e-5	91.93090184020019	1.0113542870726633e-5	91.93090184020019
0.51025	1.0141535177865535e-5	92.2114354279163	1.0141535177865535e-5	92.2114354279163
0.5105	1.0169450526120727e-5	92.49348934647948	1.0169450526120727e-5	92.49348934647948
0.51075	1.0197282236390492e-5	92.77707325280119	1.0197282236390492e-5	92.77707325280119
0.511	1.0225207660141677e-5	93.06219707375811	1.0225207660141677e-5	93.06219707375811
0.51125	1.0252998464466145e-5	93.34887086052507	1.0252998464466145e-5	93.34887086052507
0.5115000000000001	1.0280807927642854e-5	93.63710459873158	1.0280807927642854e-5	93.63710459873158
0.51175	1.0308623998867006e-5	93.92690840911783	1.0308623998867006e-5	93.92690840911783
0.5120000000000001	1.0336259187226915e-5	94.21829256476822	1.0336259187226915e-5	94.21829256476822
0.51225	1.0364089163772405e-5	94.51126716247445	1.0364089163772405e-5	94.51126716247445
0.5125	1.0391684327260009e-5	94.80584280018651	1.0391684327260009e-5	94.80584280018651
0.51275	1.041935495038615e-5	95.10202980339375	1.041935495038615e-5	95.10202980339375
0.513	1.0446941807629173e-5	95.39983853468544	1.0446941807629173e-5	95.39983853468544
0.51325	1.0474571290330914e-5	95.69928001147638	1.0474571290330914e-5	95.69928001147638
0.5135000000000001	1.0502030342252056e-5	96.00036448000166	1.0502030342252056e-5	96.00036448000166
0.51375	1.0529635780187618e-5	96.30310292478417	1.0529635780187618e-5	96.30310292478417
0.514	1.0556959310292768e-5	96.60750622088037	1.0556959310292768e-5	96.60750622088037
0.5142500000000001	1.0584486105358337e-5	96.91358511189675	1.0584486105358337e-5	96.91358511189675
0.5145	1.0611840046692578e-5	97.22135094157396	1.0611840046692578e-5	97.22135094157396
0.5147499999999999	1.063920301902499e-5	97.53081446566054	1.063920301902499e-5	97.53081446566054
0.515	1.0666438406303769e-5	97.841986983295	1.0666438406303769e-5	97.841986983295
0.51525	1.0693793640825788e-5	98.15488011482314	1.0693793640825788e-5	98.15488011482314
0.5155	1.0720923434348606e-5	98.46950471675126	1.0720923434348606e-5	98.46950471675126
0.51575	1.0748204637422987e-5	98.78587242701035	1.0748204637422987e-5	98.78587242701035
0.516	1.077516401437606e-5	99.10399506531769	1.077516401437606e-5	99.10399506531769
0.51625	1.0802428541012432e-5	99.42388387195987	1.0802428541012432e-5	99.42388387195987
0.5165000000000001	1.0829290204128483e-5	99.7455508071962	1.0829290204128483e-5	99.7455508071962
0.51675	1.0856445591400643e-5	100.06900763113622	1.0856445591400643e-5	100.06900763113622
0.517	1.0883208574341552e-5	100.39426630769648	1.0883208574341552e-5	100.39426630769648
0.51725	1.0910273985587082e-5	100.72133877434895	1.0910273985587082e-5	100.72133877434895
0.5175	1.0936947603568115e-5	101.05023724766276	1.0936947603568115e-5	101.05023724766276
0.51775	1.0963862969504135e-5	101.38097380510374	1.0963862969504135e-5	101.38097380510374
0.518	1.099046494346112e-5	101.71356074936469	1.099046494346112e-5	101.71356074936469
0.51825	1.101725604968351e-5	102.04801061667936	1.101725604968351e-5	102.04801061667936
0.5185000000000001	1.104381133387733e-5	102.3843358058841	1.104381133387733e-5	102.3843358058841
0.51875	1.1070407332169907e-5	102.72254899301853	1.1070407332169907e-5	102.72254899301853
0.519	1.1096876001204237e-5	103.06266258214437	1.1096876001204237e-5	103.06266258214437
0.5192500000000001	1.1123356365771997e-5	103.40468978015224	1.1123356365771997e-5	103.40468978015224
0.5195	1.1149762656259554e-5	103.74864333906513	1.1149762656259554e-5	103.74864333906513
0.5197499999999999	1.1176056098349818e-5	104.09453601031414	1.1176056098349818e-5	104.09453601031414
0.52	1.12023434155617e-5	104.4423813317201	1.12023434155617e-5	104.4423813317201
0.52025	1.1228563636223043e-5	104.79219225877536	1.1228563636223043e-5	104.79219225877536
0.5205	1.1254671512972436e-5	105.14398202360758	1.1254671512972436e-5	105.14398202360758
0.52075	1.1280782146627644e-5	105.49776426526441	1.1280782146627644e-5	105.49776426526441
0.521	1.1306764100993405e-5	105.85355246523513	1.1306764100993405e-5	105.85355246523513
0.52125	1.1332736164604285e-5	106.2113602548646	1.1332736164604285e-5	106.2113602548646
0.5215000000000001	1.135860212997386e-5	106.57120133483537	1.135860212997386e-5	106.57120133483537
0.52175	1.1384453038942866e-5	106.93308958765309	1.1384453038942866e-5	106.93308958765309
0.522	1.1410097840780509e-5	107.29703902366566	1.1410097840780509e-5	107.29703902366566
0.52225	1.1435840505669148e-5	107.66306371298602	1.1435840505669148e-5	107.66306371298602
0.5225	1.1461426801417929e-5	108.03117792266525	1.1461426801417929e-5	108.03117792266525
0.52275	1.1486945346916855e-5	108.40139595514016	1.1486945346916855e-5	108.40139595514016
0.523	1.1512334296526205e-5	108.77373208070934	1.1512334296526205e-5	108.77373208070934
0.52325	1.1537777048431508e-5	109.14820103257817	1.1537777048431508e-5	109.14820103257817
0.5235000000000001	1.1563056112606773e-5	109.52481763747538	1.1563056112606773e-5	109.52481763747538
0.52375	1.1588272514018172e-5	109.90359635914385	1.1588272514018172e-5	109.90359635914385
0.524	1.1613342451255448e-5	110.2845521779889	1.1613342451255448e-5	110.2845521779889
0.52425	1.1638491635324044e-5	110.66770038804641	1.1638491635324044e-5	110.66770038804641
0.5245	1.1663396271899273e-5	111.05305576280513	1.1663396271899273e-5	111.05305576280513
0.5247499999999999	1.1688336016391077e-5	111.4406340119077	1.1688336016391077e-5	111.4406340119077
0.525	1.1713048522210556e-5	111.83045033325664	1.1713048522210556e-5	111.83045033325664
0.52525	1.1737896990382524e-5	112.22252013803057	1.1737896990382524e-5	112.22252013803057
0.5255	1.1762413762994584e-5	112.61685931104631	1.1762413762994584e-5	112.61685931104631
0.52575	1.1787045423261588e-5	113.01348365678153	1.1787045423261588e-5	113.01348365678153
0.526	1.1811370292491574e-5	113.41240891314747	1.1811370292491574e-5	113.41240891314747
0.5262500000000001	1.1835902490986427e-5	113.81365119302748	1.1835902490986427e-5	113.81365119302748
0.5265000000000001	1.1860000263652637e-5	114.2172270439973	1.1860000263652637e-5	114.2172270439973
0.5267499999999999	1.1884346470480978e-5	114.62315224095126	1.1884346470480978e-5	114.62315224095126
0.527	1.1908229488710731e-5	115.03144347451217	1.1908229488710731e-5	115.03144347451217
0.52725	1.1932394500036025e-5	115.4421175919469	1.1932394500036025e-5	115.4421175919469
0.5275	1.1956163994852886e-5	115.85519113300433	1.1956163994852886e-5	115.85519113300433
0.52775	1.1980046622284135e-5	116.27068079078296	1.1980046622284135e-5	116.27068079078296
0.528	1.2003598200749366e-5	116.68860391652588	1.2003598200749366e-5	116.68860391652588
0.52825	1.2027317758622758e-5	117.10897747650958	1.2027317758622758e-5	117.10897747650958
0.5285000000000001	1.2050739329083626e-5	117.53181885432926	1.2050739329083626e-5	117.53181885432926
0.52875	1.2074089120517328e-5	117.95714558703176	1.2074089120517328e-5	117.95714558703176
0.529	1.2097426981938497e-5	118.38497509344059	1.2097426981938497e-5	118.38497509344059
0.52925	1.2120519699010401e-5	118.81532513743072	1.2120519699010401e-5	118.81532513743072
0.5295	1.2143620949700562e-5	119.24821386661151	1.2143620949700562e-5	119.24821386661151
0.5297499999999999	1.216655777369624e-5	119.68365911697597	1.216655777369624e-5	119.68365911697597
0.53	1.2189304861465189e-5	120.12167904349337	1.2189304861465189e-5	120.12167904349337
0.53025	1.2212161095703777e-5	120.56229229216987	1.2212161095703777e-5	120.56229229216987
0.5305	1.2234682117195916e-5	121.00551701818529	1.2234682117195916e-5	121.00551701818529
0.53075	1.225716400199417e-5	121.45137214592023	1.225716400199417e-5	121.45137214592023
0.531	1.2279576694140815e-5	121.89987645005104	1.2279576694140815e-5	121.89987645005104
0.5312500000000001	1.2301733278263782e-5	122.35104880327441	1.2301733278263782e-5	122.35104880327441
0.5315	1.2323959651894256e-5	122.80490873078355	1.2323959651894256e-5	122.80490873078355
0.53175	1.2345910405997529e-5	123.26147495085486	1.2345910405997529e-5	123.26147495085486
0.532	1.236783978697531e-5	123.72076741270726	1.236783978697531e-5	123.72076741270726
0.53225	1.2389470086304755e-5	124.18280570069531	1.2389470086304755e-5	124.18280570069531
0.5325	1.2411251887556318e-5	124.64760944828137	1.2411251887556318e-5	124.64760944828137
0.5327500000000001	1.2432631010028672e-5	125.11519891197838	1.2432631010028672e-5	125.11519891197838
0.533	1.2454112933824035e-5	125.58559408643174	1.2454112933824035e-5	125.58559408643174
0.53325	1.2475216095708674e-5	126.05881515242703	1.2475216095708674e-5	126.05881515242703
0.5335000000000001	1.2496399151018522e-5	126.53488294223902	1.2496399151018522e-5	126.53488294223902
0.5337500000000001	1.2517334994299745e-5	127.01381798051244	1.2517334994299745e-5	127.01381798051244
0.5339999999999999	1.253820782665116e-5	127.49564122120233	1.253820782665116e-5	127.49564122120233
0.53425	1.2558730176692734e-5	127.98037352018454	1.2558730176692734e-5	127.98037352018454
0.5345	1.2579536743828612e-5	128.468036316256	1.2579536743828612e-5	128.468036316256
0.53475	1.2599715603300865e-5	128.9586509359881	1.2599715603300865e-5	128.9586509359881
0.535	1.2620094551607508e-5	129.45223903220494	1.2620094551607508e-5	129.45223903220494
0.53525	1.2640149847698012e-5	129.94882231005815	1.2640149847698012e-5	129.94882231005815
0.5355	1.2660126259333992e-5	130.4484226627682	1.2660126259333992e-5	130.4484226627682
0.5357500000000001	1.2680019608524162e-5	130.95106273271531	1.2680019608524162e-5	130.95106273271531
0.536	1.2699532717874717e-5	131.45676433233132	1.2699532717874717e-5	131.45676433233132
0.5362500000000001	1.2719129230731596e-5	131.96555016589207	1.2719129230731596e-5	131.96555016589207
0.5365	1.2738523011535108e-5	132.4774433519359	1.2738523011535108e-5	132.4774433519359
0.53675	1.275763834485133e-5	132.99246633941587	1.275763834485133e-5	132.99246633941587
0.537	1.2776716133089394e-5	133.51064265345616	1.2776716133089394e-5	133.51064265345616
0.53725	1.2795553516298241e-5	134.0319954397643	1.2795553516298241e-5	134.0319954397643
0.5375	1.281433493716122e-5	134.5565483749418	1.281433493716122e-5	134.5565483749418
0.5377500000000001	1.2832861997935652e-5	135.08432551819567	1.2832861997935652e-5	135.08432551819567
0.538	1.285124125161019e-5	135.61535029134566	1.285124125161019e-5	135.61535029134566
0.53825	1.2869419947492133e-5	136.14964716478335	1.2869419947492133e-5	136.14964716478335
0.5385000000000001	1.2887508219705524e-5	136.6872407566692	1.2887508219705524e-5	136.6872407566692
0.5387500000000001	1.290536269493714e-5	137.22815565275778	1.290536269493714e-5	137.22815565275778
0.5389999999999999	1.2923053674285256e-5	137.77241640689567	1.2923053674285256e-5	137.77241640689567
0.53925	1.2940518047344085e-5	138.32004814176298	1.2940518047344085e-5	138.32004814176298
0.5395	1.2958013499542176e-5	138.87107666003513	1.2958013499542176e-5	138.87107666003513
0.53975	1.2975017128269428e-5	139.42552708164746	1.2975017128269428e-5	139.42552708164746
0.54	1.2992088471719399e-5	139.9834250539795	1.2992088471719399e-5	139.9834250539795
0.54025	1.3008798589453363e-5	140.54479691548113	1.3008798589453363e-5	140.54479691548113
0.5405000000000001	1.3025469215222074e-5	141.10966848711215	1.3025469215222074e-5	141.10966848711215
0.5407500000000001	1.3041824715287476e-5	141.6780668443823	1.3041824715287476e-5	141.6780668443823
0.541	1.3058196657311782e-5	142.25001804781232	1.3058196657311782e-5	142.25001804781232
0.54125	1.3073957347842224e-5	142.8255491769853	1.3073957347842224e-5	142.8255491769853
0.5415	1.3090088216927143e-5	143.40468797884645	1.3090088216927143e-5	143.40468797884645
0.54175	1.3105468269714038e-5	143.98746096661358	1.3105468269714038e-5	143.98746096661358
0.542	1.3121147006245337e-5	144.57389652484903	1.3121147006245337e-5	144.57389652484903
0.54225	1.3136141831182613e-5	145.16402237419925	1.3136141831182613e-5	145.16402237419925
0.5425	1.315129877355048e-5	145.75786646109685	1.315129877355048e-5	145.75786646109685
0.5427500000000001	1.3166146317189487e-5	146.35545778833358	1.3166146317189487e-5	146.35545778833358
0.543	1.3180675352941762e-5	146.95682436465887	1.3180675352941762e-5	146.95682436465887
0.54325	1.31950954767035e-5	147.56199560444753	1.31950954767035e-5	147.56199560444753
0.5435000000000001	1.3209272182734821e-5	148.17100072380026	1.3209272182734821e-5	148.17100072380026
0.54375	1.3223314397237118e-5	148.78386896841337	1.3223314397237118e-5	148.78386896841337
0.5439999999999999	1.3236949797601483e-5	149.40063033296474	1.3236949797601483e-5	149.40063033296474
0.54425	1.325054442702367e-5	150.02131468813883	1.325054442702367e-5	150.02131468813883
0.5445	1.3263838795296579e-5	150.64595254162248	1.3263838795296579e-5	150.64595254162248
0.54475	1.3276909442083706e-5	151.27457426619435	1.3276909442083706e-5	151.27457426619435
0.545	1.3289779531078239e-5	151.907210969793	1.3289779531078239e-5	151.907210969793
0.54525	1.3302340448717587e-5	152.5438935551559	1.3302340448717587e-5	152.5438935551559
0.5455000000000001	1.331475867516474e-5	153.1846535935418	1.331475867516474e-5	153.1846535935418
0.5457500000000001	1.3326879525266122e-5	153.8295229707298	1.3326879525266122e-5	153.8295229707298
0.546	1.3338884556901576e-5	154.47853361260346	1.3338884556901576e-5	154.47853361260346
0.54625	1.335031922167218e-5	155.13171762897827	1.335031922167218e-5	155.13171762897827
0.5465	1.3362011955564412e-5	155.78910795808792	1.3362011955564412e-5	155.78910795808792
0.54675	1.3372989243976008e-5	156.4507375628042	1.3372989243976008e-5	156.4507375628042
0.547	1.3384003580085846e-5	157.11663933160793	1.3384003580085846e-5	157.11663933160793
0.54725	1.3394571212188566e-5	157.7868471969631	1.3394571212188566e-5	157.7868471969631
0.5475	1.3405131852550767e-5	158.46139491277611	1.3405131852550767e-5	158.46139491277611
0.5477500000000001	1.3415147861906007e-5	159.1403165878052	1.3415147861906007e-5	159.1403165878052
0.548	1.342516800661997e-5	159.82364685940138	1.342516800661997e-5	159.82364685940138
0.54825	1.343461521230438e-5	160.51142029833105	1.343461521230438e-5	160.51142029833105
0.5485000000000001	1.3444170946286249e-5	161.20367230069715	1.3444170946286249e-5	161.20367230069715
0.54875	1.3453132339691365e-5	161.90043869141073	1.3453132339691365e-5	161.90043869141073
0.5489999999999999	1.3462051583701395e-5	162.60175458992146	1.3462051583701395e-5	162.60175458992146
0.54925	1.3470472751464513e-5	163.30765646754398	1.3470472751464513e-5	163.30765646754398
0.5495	1.347886176006341e-5	164.01818108488132	1.347886176006341e-5	164.01818108488132
0.54975	1.348672167011955e-5	164.73336502899718	1.348672167011955e-5	164.73336502899718
0.55	1.3494597666863228e-5	165.45324560290766	1.3494597666863228e-5	165.45324560290766
0.55025	1.3501762822443197e-5	166.17786017670576	1.3501762822443197e-5	166.17786017670576
0.5505000000000001	1.350911743713823e-5	166.9072471571705	1.350911743713823e-5	166.9072471571705
0.5507500000000001	1.351579173558548e-5	167.6414443224615	1.351579173558548e-5	167.6414443224615
0.5509999999999999	1.3522422904088671e-5	168.3804905386575	1.3522422904088671e-5	168.3804905386575
0.55125	1.3528507665228062e-5	169.12442489381442	1.3528507665228062e-5	169.12442489381442
0.5515	1.3534631548850484e-5	169.8732867636243	1.3534631548850484e-5	169.8732867636243
0.55175	1.3540046779780823e-5	170.62711573607942	1.3540046779780823e-5	170.62711573607942
0.552	1.3545524112146268e-5	171.3859520198235	1.3545524112146268e-5	171.3859520198235
0.55225	1.3550358715974653e-5	172.14983644700993	1.3550358715974653e-5	172.14983644700993
0.5525	1.3555155220501547e-5	172.91880968370455	1.3555155220501547e-5	172.91880968370455
0.5527500000000001	1.3559508332150472e-5	173.6929132438303	1.3559508332150472e-5	173.6929132438303
0.553	1.3563509156711007e-5	174.4721886649646	1.3563509156711007e-5	174.4721886649646
0.55325	1.3567161531113925e-5	175.25667813972962	1.3567161531113925e-5	175.25667813972962
0.5535	1.3570599904255687e-5	176.0464242763641	1.3570599904255687e-5	176.0464242763641
0.55375	1.3573671481026395e-5	176.8414701415779	1.3573671481026395e-5	176.8414701415779
0.5539999999999999	1.3576330488263011e-5	177.64185906025855	1.3576330488263011e-5	177.64185906025855
0.55425	1.3578594845853331e-5	178.44763441228753	1.3578594845853331e-5	178.44763441228753
0.5545	1.358088975678129e-5	179.2588411276424	1.358088975678129e-5	179.2588411276424
0.5547500000000001	1.358224845660061e-5	180.0755236803515	1.358224845660061e-5	180.0755236803515
0.555	1.3583809945316716e-5	180.89772667765604	1.3583809945316716e-5	180.89772667765604
0.55525	1.3584547517098144e-5	181.72549621169958	1.3584547517098144e-5	181.72549621169958
0.5555000000000001	1.3585387890202583e-5	182.55887828529302	1.3585387890202583e-5	182.55887828529302
0.5557500000000001	1.3585367824475725e-5	183.39791890852462	1.3585367824475725e-5	183.39791890852462
0.5559999999999999	1.3585529728743495e-5	184.24266549122368	-0.6478617549180257	183.89433288187428
0.55625	1.3584725678583709e-5	185.0931650662983	-1.978778109941132	184.01894445910546
0.5565	1.3584067261263044e-5	185.94946554880346	-3.2915124983232573	184.14238833932149
0.55675	1.3582749829765817e-5	186.81161566631857	-4.586452191765417	184.2646617245815
0.557	1.3581048392552475e-5	187.67966344191805	-5.863971813968405	184.38576197950778
0.55725	1.357909962962367e-5	188.55365875131506	-7.124436900010352	184.50568743846912
0.5575	1.3576677133642079e-5	189.43365122617968	-8.368201827897494	184.62443660456307
0.5577500000000001	1.3573784926279586e-5	190.3196912389789	-9.595610896881055	184.74200872106445
0.558	1.3570731553613768e-5	191.2118293079009	-10.806999101830698	184.85840291043883
0.55825	1.3566900349815114e-5	192.1101168186091	-12.002691976145726	184.973619138395
0.5585	1.3563039502173524e-5	193.01460578851484	-13.18300623402682	185.08765777034102
0.55875	1.3558522695689135e-5	193.92534831176033	-14.348249820703003	185.20051913634418
0.5589999999999999	1.3553787553632901e-5	194.84239740615453	-15.498722464186784	185.3122042044647
0.55925	1.3548292940868123e-5	195.76580625567084	-16.634715452297044	185.42271409086288
0.5595	1.3542728396487291e-5	196.6956286752037	-17.75651240454694	185.5320502160322
0.5597500000000001	1.353666060310843e-5	197.63191986351538	-18.86439034314428	185.64021455318232
0.56	1.3529933028166852e-5	198.57473379275544	-19.958617119296875	185.74720864981236
0.56025	1.3523054121833411e-5	199.5241269149779	-21.039455326295595	185.85303516145353
0.5605000000000001	1.351555376061242e-5	200.480154885415	-22.107159780638938	185.95769616833488
0.56075	1.350758954288267e-5	201.44287441288122	-23.16197860059519	186.06119450459937
0.5609999999999999	1.3499488645152269e-5	202.4123434846074	-24.204154788183132	186.16353313661352
0.56125	1.3490195797771776e-5	203.38861886414924	-25.233922970406297	186.26471473327058
0.5615	1.3481503188472743e-5	204.37175981950298	-26.25151398119459	186.3647427220613
0.56175	1.3471241558704605e-5	205.3618252295344	-27.25715168770742	186.46362041397998
0.562	1.346146326852704e-5	206.3588747963492	-28.25105447505497	186.561351409515
0.56225	1.3450335487164011e-5	207.3629686223674	-29.23343548244057	186.65793912624954
0.5625	1.343950971488539e-5	208.37416770279077	-30.20450234916578	186.75338752454377
0.5627500000000001	1.3427703606794239e-5	209.39253420489098	-31.164458575761415	186.84770062235725
0.5630000000000001	1.3415481163292498e-5	210.4181290116428	-32.11350050205996	186.94088203608445
0.5632499999999999	1.3403033818804033e-5	211.45101606676178	-33.051822328774605	187.03293621642894
0.5635	1.338952985463493e-5	212.4912584643685	-33.9796117827177	187.12386736812874
0.56375	1.337629988995559e-5	213.53892025418207	-34.8970528736817	187.2136795824646
0.564	1.3361637968500872e-5	214.59406637638315	-35.804324869446106	187.30237748562752
0.56425	1.3347394457241535e-5	215.65676224229497	-36.70160296038678	187.38996547348788
0.5645	1.3331798598414935e-5	216.72707403866124	-37.589058450745284	187.4764479517916
0.5647500000000001	1.33161937441173e-5	217.80506856963615	-38.46685788511574	187.5618298094417
0.5650000000000001	1.3299898725449566e-5	218.89081360863264	-39.33516498715623	187.64611557048153
0.56525	1.32830287213892e-5	219.984376970094	-40.1941386966147	187.72930982078452
0.5655000000000001	1.326560538927879e-5	221.08582813691123	-41.04393505311981	187.81141762584866
0.56575	1.3247738010591092e-5	222.1952364767057	-41.88470609440928	187.89244356739516
0.566	1.322913391277325e-5	223.31267266471727	-42.716600501502086	187.97239276130702
0.56625	1.3210233461791177e-5	224.438207818907	-43.539763789881604	188.05126993699548
0.5665	1.319030724289405e-5	225.5719134487469	-44.354337625511405	188.1290799023754
0.56675	1.3170414291607813e-5	226.71386302992232	-45.16046147805713	188.2058280006122
0.5670000000000001	1.3149311442361977e-5	227.86412967772543	-45.95827091043577	188.2815190573998
0.56725	1.3128195320177838e-5	229.02278763583664	-46.74789874286991	188.3561580847498
0.5675	1.3105933561519123e-5	230.1899116842601	-47.52947482049518	188.42974991016015
0.5677500000000001	1.3083529069035649e-5	231.3655781303569	-48.30312626335398	188.5022999987646
0.568	1.3060207891157916e-5	232.54986354586015	-49.06897748369792	188.5738132645853
0.5682499999999999	1.3036535889909828e-5	233.7428453725725	-49.82715008266037	188.6442947665742
0.5685	1.3011855330091748e-5	234.94460148261382	-50.577762730552266	188.71374941366153
0.56875	1.2987048393142686e-5	236.15521187918893	-51.320932413850514	188.7821827490638
0.5690000000000001	1.2961120077648047e-5	237.37475623494095	-52.05677290747583	188.84959970151874
0.56925	1.2934929415564511e-5	238.60331478374832	-52.78539535705229	188.9160050805276
0.5695	1.2907749038504335e-5	239.84097020879994	-53.50690958162012	188.98140446390542
0.5697500000000001	1.2880370945822506e-5	241.08780484954403	-54.22142246629625	189.0458027159186
0.5700000000000001	1.2851739441543941e-5	242.34390192908768	-54.92903832768553	189.10920493763118
0.57025	1.282288570791934e-5	243.609346106977	-55.62985968871238	189.17161645944407
0.5705	1.2793284781764669e-5	244.8842230748993	-56.323987668522385	189.23304218566042
0.57075	1.2762757748419062e-5	246.16861825493172	-57.01151975169892	189.29348703567223
0.571	1.2731933679788199e-5	247.4626199832427	-57.69255294790978	189.3529566511673
0.57125	1.2699973751750804e-5	248.7663157645271	-58.36718134028663	189.41145569589625
0.5715	1.266751678485889e-5	250.07979417850464	-59.0354969328732	189.468989063993
0.57175	1.263468713830207e-5	251.40314719425416	-59.69759183315128	189.5255624147083
0.5720000000000001	1.260019735127571e-5	252.73646426414973	-60.35355326924064	189.58118041140014
0.57225	1.2566272545200263e-5	254.07983770216964	-61.00346886625699	189.63584782268026
0.5725	1.2530275924405032e-5	255.43336154529322	-61.64742439223707	189.6895701423614
0.5727500000000001	1.2494518045969016e-5	256.79712920436214	-62.2855026382845	189.74235229669443
0.573	1.2457616364258683e-5	258.1712362678327	-62.91778643739692	189.79419896140604
0.5732499999999999	1.2419962857279643e-5	259.5557787646651	-63.54435566106057	189.84511526483047
0.5735	1.23813548640328e-5	260.95085429637254	-64.1652891161254	189.89510640042727
0.57375	1.2342574748913648e-5	262.3565608368982	-64.78066434340198	189.94417668382067
0.5740000000000001	1.2302297662358797e-5	263.77299876236344	-65.39055732115922	189.99233166112495
0.57425	1.2261661936463497e-5	265.20026783450317	-65.9950418050911	190.0395758797543
0.5745	1.2220060398249188e-5	266.63847000492217	-66.59419120847288	190.0859139973859
0.5747500000000001	1.2177693065495987e-5	268.08770898805017	-67.18807722913013	190.13135146572554
0.5750000000000001	1.213443678693693e-5	269.5480878825029	-67.7767695837	190.17589260365375
0.57525	1.2090593656921556e-5	271.01971226659083	-68.36033756336407	190.21954218482423
0.5755	1.2045362637991275e-5	272.502688707846	-68.9388485398512	190.2623052812031
0.57575	1.2000010514157111e-5	273.9971247629037	-69.5123689611357	190.30418647629074
0.576	1.1953076921145112e-5	275.50312899576585	-70.08096377265677	190.34519036222406
0.57625	1.1906048570153871e-5	277.0208120103057	-70.64469721733742	190.3853218203612
0.5765	1.1857225587164066e-5	278.5502851154107	-71.20363188302787	190.4245856056149
0.57675	1.1808362671672512e-5	280.09166021177725	-71.75782893008838	190.46298608083407
0.5770000000000001	1.1758173627640645e-5	281.64505198813356	-72.30734958497462	190.5005279420483
0.57725	1.1707098622082412e-5	283.21057537169804	-72.85225267466603	190.53721598808016
0.5775	1.1654996825427588e-5	284.788346498657	-73.39259632372995	190.5730545967346
0.57775	1.1602470266325327e-5	286.378483977231	-73.92843844092576	190.6080484217422
0.578	1.1548404216910058e-5	287.98110636658686	-74.45983482085032	190.64220176270229
0.5782499999999999	1.1493802901441086e-5	289.5963346806568	-74.98684069022869	190.67551948844553
0.5785	1.1437904163358326e-5	291.22429044041445	-75.50951027347443	190.70800567944576
0.57875	1.1381407290400603e-5	292.86509731890385	-76.02789694281489	190.73966495398415
0.5790000000000001	1.132360702627011e-5	294.51888026939434	-76.5420530548987	190.77050183519174
0.57925	1.1265099914226084e-5	296.18576501323935	-77.05202986369024	190.80052039099166
0.5795	1.1205309533579566e-5	297.86588010504875	-77.55787826898498	190.82972537821573
0.5797500000000001	1.1144676477670146e-5	299.55935396920574	-78.0596474507058	190.85812085552504
0.5800000000000001	1.1083077851026246e-5	301.2663175473164	-78.55738647664157	190.88571108166792
0.5802499999999999	1.1020193483091134e-5	302.9869032579281	-79.0511431934535	190.9125005774258
0.5805	1.0956471868439621e-5	304.72124457287055	-79.54096465948767	190.9384933797461
0.58075	1.0891851331962243e-5	306.4694778206322	-80.02689785800689	190.96369394948428
0.581	1.082550014075423e-5	308.23173845957854	-80.50898719906728	190.98810620900122
0.58125	1.0759065759202713e-5	310.008166150632	-80.98727826151033	191.01173453851126
0.5815	1.0690382936218157e-5	311.7989005879534	-81.46181477053548	191.03458290205174
0.58175	1.0621800043963958e-5	313.6040838962683	-81.9326400824364	191.05665556678375
0.5820000000000001	1.0551083192922306e-5	315.42386003210333	-82.39979701648457	191.07795672083608
0.58225	1.0479756980430466e-5	317.2583728886003	-82.8633265048638	191.09849012311375
0.5825	1.0407240608856227e-5	319.10777082639845	-83.32327073614289	191.11826002322715
0.58275	1.0333393703376714e-5	320.9722020710079	-83.77966970909421	191.13727044132008
0.583	1.025860578351967e-5	322.8518170697081	-84.2325631867362	191.15552535359393
0.58325	1.0182419572402068e-5	324.746767747533	-84.68199027786989	191.17302844770916
0.5835	1.010514441190935e-5	326.6572091710299	-85.12798977405586	191.1897841764882
0.58375	1.0026640296700862e-5	328.5832966741783	-85.57059936142764	191.20579609640652
0.5840000000000001	9.947043707825287e-6	330.5251882976854	-86.00985640835667	191.22106815220036
0.58425	9.86584700513049e-6	332.483043383753	-86.44579730679634	191.2356041257743
0.5845	9.7837702810466e-6	334.4570239929402	-86.87845831584193	191.2494079908128
0.5847500000000001	9.700360010356235e-6	336.4472944481147	-87.30787539030487	191.26248367112424
0.5850000000000001	9.615448362865209e-6	338.45401906105735	-87.73408271715896	191.27483459301607
0.5852499999999999	9.529461777901815e-6	340.4773658631326	-88.15711487252139	191.28646465521174
0.5855	9.442069512033413e-6	342.5175051756969	-88.57700606367783	191.2973777505456
0.58575	9.353495585173732e-6	344.5746085665178	-88.99378952309604	191.30757750318315
0.586	9.263230509759524e-6	346.64884930740914	-89.40749760867689	191.31706754907745
0.58625	-161.57185219549714	186.42970748491769	-89.81816280460477	191.3258514515677
0.5865	-346.0790668096754	-5.7623703611398014e-5	-153.96262228516937	127.00204252625934
0.58675	-343.27250099179776	-5.722213160197498e-5	-174.34288254267662	105.83767969148916
0.5870000000000001	-340.49747408991436	-5.682484646740704e-5	-174.26654182213116	105.12244488747508
0.58725	-337.75354062552987	-5.642985189524552e-5	-174.1896425609479	104.40366650991072
0.5874999999999999	-335.0402609719115	-5.603965001910183e-5	-174.1121863152165	103.6813096128775
0.58775	-332.3572032994497	-5.565163647247573e-5	-174.03417468836048	102.95533902801819
0.588	-329.7039437329187	-5.526858373627874e-5	-173.95560988823217	102.22571905692325
0.58825	-327.08006430954345	-5.488713986778748e-5	-173.87649322990546	101.49241338888706
0.5885	-324.4851557255141	-5.4510397802687294e-5	-173.79682681627173	100.75538582883898
0.58875	-321.9188142107944	-5.4136210991373446e-5	-173.71661274534142	100.01459854315459
0.5890000000000001	-319.38064274265196	-5.37659439885374e-5	-173.6358526007968	99.27001372540755
0.58925	-316.8702522934413	-5.3397909596242243e-5	-173.5545486911821	98.5215935260824
0.5895	-314.3872588442585	-5.3034186947797934e-5	-173.47270295813496	97.76929866938886
0.5897500000000001	-311.9312854886999	-5.267257216701182e-5	-173.39031763288003	97.01308971465716
0.59	-309.5019608960333	-5.2315234881916695e-5	-173.3073946748906	96.25292638288377
0.5902499999999999	-307.0989208833972	-5.1959662641820614e-5	-173.22393653514368	95.48876826349093
0.5905	-304.72180653354974	-5.160830110639836e-5	-173.13994536065567	94.72057406127936
0.59075	-302.3702646544842	-5.125904343117327e-5	-173.05542344995902	93.94830160330847
0.591	-300.0439487322773	-5.091374313792585e-5	-172.97037351203792	93.171908544983
0.59125	-297.7425166398252	-5.0570214028766713e-5	-172.88479752741142	92.39135156385022
0.5915	-295.465632776108	-5.023090156441867e-5	-172.79869833231152	91.60658672025596
0.59175	-293.2129672215367	-4.9892968689846384e-5	-172.7120785475674	90.81756994229579
0.5920000000000001	-290.98419374421917	-4.955988183041882e-5	-172.6249405586543	90.02425521140607
0.59225	-288.7789935587076	-4.9227192960188404e-5	-172.5372873527459	89.22659733816545
0.5924999999999999	-286.5970514581107	-4.889974493949012e-5	-172.44912154506972	88.42454940008088
0.59275	-284.4380576519484	-4.8572893206255685e-5	-172.36044605404652	87.61806383727068
0.593	-282.301708063665	-4.825065806812745e-5	-172.27126386797661	86.80709310766478
0.59325	-280.1877019398655	-4.792964517719156e-5	-172.1815778837734	85.99158756888795
0.5935	-278.09574506527866	-4.7612192759061145e-5	-172.091391226696	85.17149840164896
0.59375	-276.02554624432526	-4.7297079248664886e-5	-172.00070701185493	84.34677442598314
0.5940000000000001	-273.97682102453683	-4.698434821648334e-5	-171.90952876496203	83.51736546902546
0.5942500000000001	-271.94928623480143	-4.6675133518192524e-5	-171.81785926208983	82.6832181854625
0.5945	-269.942666514452	-4.6367107614742054e-5	-171.7257024454228	81.84428062207303
0.59475	-267.9566887295339	-4.6062991685857924e-5	-171.6330615042233	81.00049876196502
0.595	-265.9910848974787	-4.5760063244415505e-5	-171.53994013453095	80.15181815101394
0.59525	-264.04559099919186	-4.546103667735224e-5	-171.44634207130557	79.29818327483883
0.5955	-262.1199466696935	-4.516318509217854e-5	-171.35227099959695	78.43953738758955
0.59575	-260.2138964083695	-4.486866026809366e-5	-171.25773073522618	77.57582366241692
0.596	-258.327188454591	-4.457594823747968e-5	-171.16272555465906	76.70698366324335
0.5962500000000001	-256.45957431218744	-4.4286137693916316e-5	-171.0672591779026	75.83295809064657
0.5965	-254.61081006249526	-4.399822205414239e-5	-170.9713360126848	74.95368678049329
0.59675	-252.78065514735857	-4.3712977770837824e-5	-170.87496025491757	74.06910852007508
0.5970000000000001	-250.96887294637762	-4.3429753645796154e-5	-170.7781363866028	73.17916113204134
0.59725	-249.17523020583963	-4.314930242799164e-5	-170.68086897032512	72.28378114910245
0.5975	-247.39949741561367	-4.287033914351923e-5	-170.58316252958008	71.38290442982188
0.59775	-245.6414484423916	-4.2594587569055875e-5	-170.4850220247493	70.47646521914072
0.598	-243.90086033987498	-4.2319999721485146e-5	-170.38645203520545	69.56439698003337
0.5982500000000001	-242.17751460721837	-4.2048665932270524e-5	-170.2874580126072	68.64663235112569
0.5985	-240.47119447493074	-4.177857513809613e-5	-170.18804480792298	67.72310188600974
0.59875	-238.7816875275424	-4.15113778160503e-5	-170.08821780453013	66.79373571891483
0.5990000000000001	-237.1087843970023	-4.1245708928272506e-5	-169.98798261461923	65.8584624813315
0.5992500000000001	-235.45227859711423	-4.098254697737502e-5	-169.88734453839874	64.91720982884208
0.5995	-233.8119666098848	-4.0721428121059944e-5	-169.7863095402979	63.9699033378384
0.59975	-232.18764847484692	-4.046214363029321e-5	-169.68488352637135	63.016468173755044
0.6	-230.57912667518596	-4.0205163742257355e-5	-169.5830723913467	62.05682773774687
0.60025	-228.98620728925155	-3.994997999257066e-5	-169.48088258135837	61.09090437624569
0.6005	-227.40869832297187	-3.96970503970806e-5	-169.37832026898815	60.11861844335397
0.60075	-225.8464109233198	-3.9446079171057136e-5	-169.2753921548934	59.13988877001401
0.601	-224.2991603901062	-3.9196568650368135e-5	-169.17210517293125	58.15463436045172
0.6012500000000001	-222.7667624301099	-3.8949954188183256e-5	-169.0684659319583	57.16277049623774
0.6015	-221.24903682340144	-3.870428815844207e-5	-168.96448171901523	56.164211998450455
0.60175	-219.7458061615249	-3.846124167239395e-5	-168.86015993758278	55.15887244548043
0.6020000000000001	-218.25689470108318	-3.821966618033912e-5	-168.75550801200396	54.14666286305163
0.60225	-216.78213022703886	-3.7980206201382316e-5	-168.65053379734525	53.1274935755073
0.6025	-215.32134231454597	-3.774247304022538e-5	-168.54524526275148	52.101272430983116
0.60275	-213.87436299973794	-3.7506568247636096e-5	-168.439650366963	51.06790584478158
0.603	-212.44102777351554	-3.7272511690389365e-5	-168.33375799286978	50.02729886221566
0.6032500000000001	-211.02117296892715	-3.704042316599043e-5	-168.22757646631584	48.979353769510695
0.6035	-209.6146381303288	-3.680969646779886e-5	-168.12111460259467	47.92397178526579
0.60375	-208.22126562348046	-3.6581237026211966e-5	-168.01438207197566	46.861052084262255
0.6040000000000001	-206.8408984543778	-3.635412511471259e-5	-167.90738775004587	45.790491156422846
0.6042500000000001	-205.47338373553254	-3.612896466620441e-5	-167.8001416762798	44.71218476256064
0.6044999999999999	-204.11856950408313	-3.5905475030517664e-5	-167.6926537929525	43.62602541708205
0.60475	-202.7763058996914	-3.568378463114641e-5	-167.58493424085148	42.531903553717626
0.605	-201.44644678298476	-3.546317178404479e-5	-167.47699383124825	41.42970911218181
0.60525	-200.12884579934422	-3.524551054567837e-5	-167.36884328935338	40.319327193390336
0.6055	-198.82336000450655	-3.502798155352593e-5	-167.26049381937452	39.200642244882744
0.60575	-197.5298485116403	-3.481332873889187e-5	-167.1519569704496	38.07353640558995
0.606	-196.2481719710822	-3.459936510807893e-5	-167.04324474416111	36.93788861655942
0.6062500000000001	-194.9781933016646	-3.438780456122004e-5	-166.93436931504934	35.79357603891073
0.6065	-193.719776812277	-3.417716966680473e-5	-166.82534323086395	34.64047252119042
0.60675	-192.4727891853828	-3.3968591665711756e-5	-166.71617944703138	33.4784499349545
0.607	-191.23709920069922	-3.376110164765578e-5	-166.60689152266306	32.3073775014836
0.60725	-190.01257665799	-3.355584313169402e-5	-166.49749312585539	31.1271209403818
0.6075	-188.79909365263575	-3.335121782299666e-5	-166.3879983518686	29.93754383097513
0.60775	-187.59652417626432	-3.3149092899975585e-5	-166.27842207906218	28.73850649862814
0.608	-186.40474341244246	-3.2947523706639004e-5	-166.16877914595918	27.52986617917415
0.6082500000000001	-185.22362919637771	-3.27482044184535e-5	-166.0590852768754	26.311477775355954
0.6085	-184.05305994738103	-3.254987468892523e-5	-165.94935648078584	25.083191670032946
0.60875	-182.89291615068964	-3.2353364545656405e-5	-165.8396091652735	23.844855715211835
0.6090000000000001	-181.74308056474803	-3.215777891796279e-5	-165.72986051937653	22.59631496296828
0.6092500000000001	-180.60343650313217	-3.1964462152700435e-5	-165.62012806678675	21.337409714778488
0.6094999999999999	-179.473869629903	-3.1771586137097074e-5	-165.510430020837	20.067977654981448
0.60975	-178.35426683410546	-3.158098932942721e-5	-165.4007850143004	18.787852525781958
0.61	-177.2445163368223	-3.139110020811131e-5	-165.2912123407299	17.49686387187468
0.61025	-176.1445086794517	-3.120317826699193e-5	-165.1817321358539	16.19483823918158
0.6105	-175.05413469682875	-3.1016161301522516e-5	-165.07236473659347	14.881596992955863
0.61075	-173.97328742445947	-3.083079829480084e-5	-164.96313139866703	13.556958097408682
0.611	-172.9018616823634	-3.064654238471576e-5	-164.8540543373976	12.220735368486118
0.6112500000000001	-171.83975292528459	-3.0463982824358027e-5	-164.74515607034874	10.872737638143988
0.6115	-170.7868579038868	-3.0282230753186923e-5	-164.63645970553756	9.5127692718183
0.61175	-169.74307560228064	-3.0102419316335727e-5	-164.5279898361275	8.140630173025897
0.612	-168.70830615792664	-2.9923103426199305e-5	-164.41977141337844	6.756115806630618
0.61225	-167.6824500140417	-2.9746064683422446e-5	-164.31182994234982	5.359015438759371
0.6125	-166.66540996748626	-2.9569416227559486e-5	-164.20419241106202	3.9491138533332446
0.61275	-165.6570901455434	-2.9394438030294623e-5	-164.09688627907116	2.5261912703719958
0.613	-164.65739509440175	-2.9220806368357444e-5	-163.98994015320022	1.0900206740508054
0.6132500000000001	-163.66623150276294	-2.904808661696734e-5	-163.66623150276294	-2.904808661696734e-5
0.6135	-162.68350657659744	-2.887694957109943e-5	-162.68350657659744	-2.887694957109943e-5
0.61375	-161.7091289939506	-2.870683098876725e-5	-161.7091289939506	-2.870683098876725e-5
0.6140000000000001	-160.74300927959558	-2.8537769338754515e-5	-160.74300927959558	-2.8537769338754515e-5
0.61425	-159.7850578596246	-2.8370402603172806e-5	-159.7850578596246	-2.8370402603172806e-5
0.6144999999999999	-158.835187088692	-2.820371953760059e-5	-158.835187088692	-2.820371953760059e-5
0.61475	-157.893310714785	-2.8038460541779386e-5	-157.893310714785	-2.8038460541779386e-5
0.615	-156.95934272050732	-2.7874318149656574e-5	-156.95934272050732	-2.7874318149656574e-5
0.61525	-156.03319924873549	-2.771140437118902e-5	-156.03319924873549	-2.771140437118902e-5
0.6155	-155.1147965874609	-2.7549423506911808e-5	-155.1147965874609	-2.7549423506911808e-5
0.61575	-154.2040524840823	-2.738894605158748e-5	-154.2040524840823	-2.738894605158748e-5
0.616	-153.30088611879	-2.722911938235484e-5	-153.30088611879	-2.722911938235484e-5
0.6162500000000001	-152.4052169979059	-2.7070886829960727e-5	-152.4052169979059	-2.7070886829960727e-5
0.6165	-151.5169661457773	-2.6913450014376394e-5	-151.5169661457773	-2.6913450014376394e-5
0.61675	-150.63605523675506	-2.6757245379371852e-5	-150.63605523675506	-2.6757245379371852e-5
0.617	-149.7624074291542	-2.6602043561751998e-5	-149.7624074291542	-2.6602043561751998e-5
0.61725	-148.89594654835764	-2.644793039507931e-5	-148.89594654835764	-2.644793039507931e-5
0.6175	-148.03659703706495	-2.6295208996884867e-5	-148.03659703706495	-2.6295208996884867e-5
0.61775	-147.18428501593544	-2.6142857464606095e-5	-147.18428501593544	-2.6142857464606095e-5
0.618	-146.3389372530686	-2.5992191154955435e-5	-146.3389372530686	-2.5992191154955435e-5
0.6182500000000001	-145.50048093540244	-2.5842472965109664e-5	-145.50048093540244	-2.5842472965109664e-5
0.6185	-144.66884493829508	-2.5693348874256117e-5	-144.66884493829508	-2.5693348874256117e-5
0.61875	-143.84395861883678	-2.5545894459355623e-5	-143.84395861883678	-2.5545894459355623e-5
0.6190000000000001	-143.02575216869616	-2.539885761621008e-5	-143.02575216869616	-2.539885761621008e-5
0.61925	-142.21415675066643	-2.5253292548654827e-5	-142.21415675066643	-2.5253292548654827e-5
0.6194999999999999	-141.40910469708234	-2.5108395675488282e-5	-141.40910469708234	-2.5108395675488282e-5
0.61975	-140.61052834259564	-2.4964874981492358e-5	-140.61052834259564	-2.4964874981492358e-5
0.62	-139.8183618089564	-2.4821643862082965e-5	-139.8183618089564	-2.4821643862082965e-5
0.62025	-139.03253953121802	-2.468043248882168e-5	-139.03253953121802	-2.468043248882168e-5
0.6205	-138.25299667561495	-2.453902378363182e-5	-138.25299667561495	-2.453902378363182e-5
0.62075	-137.47966953331465	-2.4399635520921947e-5	-137.47966953331465	-2.4399635520921947e-5
0.621	-136.71249478473754	-2.426024821033934e-5	-136.71249478473754	-2.426024821033934e-5
0.6212500000000001	-135.95141052302213	-2.412274972130035e-5	-135.95141052302213	-2.412274972130035e-5
0.6214999999999999	-135.19635466944	-2.398528272351541e-5	-135.19635466944	-2.398528272351541e-5
0.62175	-134.44726677756768	-2.384940221134002e-5	-134.44726677756768	-2.384940221134002e-5
0.622	-133.704086557034	-2.3714130421126356e-5	-133.704086557034	-2.3714130421126356e-5
0.62225	-132.96675502969654	-2.3579833296594188e-5	-132.96675502969654	-2.3579833296594188e-5
0.6225	-132.23521303022918	-2.344653194086277e-5	-132.23521303022918	-2.344653194086277e-5
0.62275	-131.50940292301362	-2.3313950990200283e-5	-131.50940292301362	-2.3313950990200283e-5
0.623	-130.78926785279862	-2.318236926157624e-5	-130.78926785279862	-2.318236926157624e-5
0.6232500000000001	-130.0747505596716	-2.305172131400468e-5	-130.0747505596716	-2.305172131400468e-5
0.6235	-129.36579575115888	-2.2921876990267265e-5	-129.36579575115888	-2.2921876990267265e-5
0.62375	-128.66234817455785	-2.279282006156791e-5	-128.66234817455785	-2.279282006156791e-5
0.624	-127.96435299347618	-2.2664840798825026e-5	-127.96435299347618	-2.2664840798825026e-5
0.62425	-127.27175675715864	-2.2537542420764112e-5	-127.27175675715864	-2.2537542420764112e-5
0.6244999999999999	-126.58450606444495	-2.2411126494148448e-5	-126.58450606444495	-2.2411126494148448e-5
0.62475	-125.90254838640172	-2.2285535635546694e-5	-125.90254838640172	-2.2285535635546694e-5
0.625	-125.22583150245698	-2.2160905217560867e-5	-125.22583150245698	-2.2160905217560867e-5
0.62525	-124.55430449769791	-2.2036856449858533e-5	-124.55430449769791	-2.2036856449858533e-5
0.6255000000000001	-123.88791637212537	-2.1913952082286414e-5	-123.88791637212537	-2.1913952082286414e-5
0.62575	-123.22661684806762	-2.1791629350786934e-5	-123.22661684806762	-2.1791629350786934e-5
0.626	-122.57035689627871	-2.1670058245604196e-5	-122.57035689627871	-2.1670058245604196e-5
0.6262500000000001	-121.91908686557258	-2.1549551405541933e-5	-121.91908686557258	-2.1549551405541933e-5
0.6265	-121.27275896421136	-2.142963340645565e-5	-121.27275896421136	-2.142963340645565e-5
0.62675	-120.63132512023017	-2.1310570133437068e-5	-120.63132512023017	-2.1310570133437068e-5
0.627	-119.99473779536703	-2.1192266672187543e-5	-119.99473779536703	-2.1192266672187543e-5
0.62725	-119.36295090539032	-2.1074713103530485e-5	-119.36295090539032	-2.1074713103530485e-5
0.6275000000000001	-118.73591775891013	-2.095806421209545e-5	-118.73591775891013	-2.095806421209545e-5
0.62775	-118.11359291773151	-2.0841997923071176e-5	-118.11359291773151	-2.0841997923071176e-5
0.628	-117.49593110279562	-2.072685904863647e-5	-117.49593110279562	-2.072685904863647e-5
0.6282500000000001	-116.88288825904743	-2.0612219927329534e-5	-116.88288825904743	-2.0612219927329534e-5
0.6285000000000001	-116.2744196548069	-2.0498767653975847e-5	-116.2744196548069	-2.0498767653975847e-5
0.62875	-115.67048194345674	-2.0385476702244887e-5	-115.67048194345674	-2.0385476702244887e-5
0.629	-115.0710324312107	-2.0273492566502682e-5	-115.0710324312107	-2.0273492566502682e-5
0.62925	-114.47602810199135	-2.0161724222589328e-5	-114.47602810199135	-2.0161724222589328e-5
0.6295	-113.88542714335551	-2.005113888969845e-5	-113.88542714335551	-2.005113888969845e-5
0.62975	-113.2991877024875	-1.9940931224482483e-5	-113.2991877024875	-1.9940931224482483e-5
0.63	-112.71726895932966	-1.98315836570373e-5	-112.71726895932966	-1.98315836570373e-5
0.63025	-112.13963018794212	-1.9722886236195336e-5	-112.13963018794212	-1.9722886236195336e-5
0.6305000000000001	-111.56623101018225	-1.9614999999362226e-5	-111.56623101018225	-1.9614999999362226e-5
0.63075	-110.99703190580342	-1.950765596347992e-5	-110.99703190580342	-1.950765596347992e-5
0.6310000000000001	-110.4319935003991	-1.9401113164008166e-5	-110.4319935003991	-1.9401113164008166e-5
0.63125	-109.87107697182589	-1.9295117084539015e-5	-109.87107697182589	-1.9295117084539015e-5
0.6315	-109.31424403169038	-1.919011896234224e-5	-109.31424403169038	-1.919011896234224e-5
0.63175	-108.76145643260632	-1.9085277884300922e-5	-108.76145643260632	-1.9085277884300922e-5
0.632	-108.2126768248923	-1.8981686650931806e-5	-108.2126768248923	-1.8981686650931806e-5
0.63225	-107.66786816999416	-1.887820467061374e-5	-107.66786816999416	-1.887820467061374e-5
0.6325000000000001	-107.12699367708048	-1.8775889429889503e-5	-107.12699367708048	-1.8775889429889503e-5
0.63275	-106.5900170614915	-1.867384864340238e-5	-106.5900170614915	-1.867384864340238e-5
0.633	-106.05690215409312	-1.857261175075564e-5	-106.05690215409312	-1.857261175075564e-5
0.6332500000000001	-105.52761407928841	-1.847198448956533e-5	-105.52761407928841	-1.847198448956533e-5
0.6335000000000001	-105.00211728352078	-1.8372108485209537e-5	-105.00211728352078	-1.8372108485209537e-5
0.6337499999999999	-104.48037709650798	-1.8272584384249058e-5	-104.48037709650798	-1.8272584384249058e-5
0.634	-103.96235934200037	-1.817414523941352e-5	-103.96235934200037	-1.817414523941352e-5
0.63425	-103.44802994351298	-1.8075754383062304e-5	-103.44802994351298	-1.8075754383062304e-5
0.6345	-102.93735553006911	-1.7978560435949476e-5	-102.93735553006911	-1.7978560435949476e-5
0.63475	-102.430302770927	-1.788145618775161e-5	-102.430302770927	-1.788145618775161e-5
0.635	-101.92683866059434	-1.77854706890912e-5	-101.92683866059434	-1.77854706890912e-5
0.63525	-101.42693103909092	-1.7689582108459945e-5	-101.42693103909092	-1.7689582108459945e-5
0.6355000000000001	-100.93054776727227	-1.7594748925375825e-5	-100.93054776727227	-1.7594748925375825e-5
0.63575	-100.4376567740625	-1.7500170372386492e-5	-100.4376567740625	-1.7500170372386492e-5
0.6360000000000001	-99.94822691631589	-1.740640335867738e-5	-99.94822691631589	-1.740640335867738e-5
0.63625	-99.46222708779808	-1.731304020324842e-5	-99.46222708779808	-1.731304020324842e-5
0.6365	-98.97962650752542	-1.7220536605577763e-5	-98.97962650752542	-1.7220536605577763e-5
0.63675	-98.50039469096005	-1.7128270584976235e-5	-98.50039469096005	-1.7128270584976235e-5
0.637	-98.02450151117627	-1.7036847012263934e-5	-98.02450151117627	-1.7036847012263934e-5
0.63725	-97.55191761996144	-1.6945780984656267e-5	-97.55191761996144	-1.6945780984656267e-5
0.6375000000000001	-97.08261324507316	-1.6855541332461144e-5	-97.08261324507316	-1.6855541332461144e-5
0.63775	-96.61655912729243	-1.6765608734203852e-5	-96.61655912729243	-1.6765608734203852e-5
0.638	-96.1537268195451	-1.66763323647956e-5	-96.1537268195451	-1.66763323647956e-5
0.6382500000000001	-95.6940876085952	-1.6587668895340357e-5	-95.6940876085952	-1.6587668895340357e-5
0.6385000000000001	-95.2376134729582	-1.6499481120035853e-5	-95.2376134729582	-1.6499481120035853e-5
0.6387499999999999	-94.78427646853325	-1.6411824859119406e-5	-94.78427646853325	-1.6411824859119406e-5
0.639	-94.33404879222569	-1.632481793478746e-5	-94.33404879222569	-1.632481793478746e-5
0.63925	-93.8869033839507	-1.6238184272765466e-5	-93.8869033839507	-1.6238184272765466e-5
0.6395	-93.44281332124126	-1.6152248633716226e-5	-93.44281332124126	-1.6152248633716226e-5
0.63975	-93.0017515761989	-1.6066718856677653e-5	-93.0017515761989	-1.6066718856677653e-5
0.64	-92.56369187606775	-1.598181403039689e-5	-92.56369187606775	-1.598181403039689e-5
0.64025	-92.12860825950527	-1.5897263253350502e-5	-92.12860825950527	-1.5897263253350502e-5
0.6405000000000001	-91.69647454973858	-1.5813520619190058e-5	-91.69647454973858	-1.5813520619190058e-5
0.64075	-91.26726515750491	-1.5729959912391678e-5	-91.26726515750491	-1.5729959912391678e-5
0.641	-90.84095489801098	-1.564718003521648e-5	-90.84095489801098	-1.564718003521648e-5
0.64125	-90.41751877822152	-1.556468686203516e-5	-90.41751877822152	-1.556468686203516e-5
0.6415	-89.99693167788493	-1.5482930891153046e-5	-89.99693167788493	-1.5482930891153046e-5
0.64175	-89.57916923704764	-1.5401414913185363e-5	-89.57916923704764	-1.5401414913185363e-5
0.642	-89.16420720416119	-1.5320688888209588e-5	-89.16420720416119	-1.5320688888209588e-5
0.64225	-88.75202145987609	-1.524004962050185e-5	-88.75202145987609	-1.524004962050185e-5
0.6425000000000001	-88.34258819301365	-1.5160435523853266e-5	-88.34258819301365	-1.5160435523853266e-5
0.64275	-87.93588389154469	-1.5080799379063592e-5	-87.93588389154469	-1.5080799379063592e-5
0.643	-87.53188536131984	-1.5001977494932817e-5	-87.53188536131984	-1.5001977494932817e-5
0.6432500000000001	-87.13056935500913	-1.492339671216314e-5	-87.13056935500913	-1.492339671216314e-5
0.6435	-86.7319131820205	-1.484551061281536e-5	-86.7319131820205	-1.484551061281536e-5
0.6437499999999999	-86.33589413825591	-1.476801388378135e-5	-86.33589413825591	-1.476801388378135e-5
0.644	-85.94249002789353	-1.4690873605616162e-5	-85.94249002789353	-1.4690873605616162e-5
0.64425	-85.55167861469292	-1.4614304916449328e-5	-85.55167861469292	-1.4614304916449328e-5
0.6445	-85.16343812957183	-1.4538285917353733e-5	-85.16343812957183	-1.4538285917353733e-5
0.64475	-84.77774665017526	-1.4462502072376537e-5	-84.77774665017526	-1.4462502072376537e-5
0.645	-84.39458299747233	-1.4387354916323147e-5	-84.39458299747233	-1.4387354916323147e-5
0.6452500000000001	-84.01392583787265	-1.431255955708366e-5	-84.01392583787265	-1.431255955708366e-5
0.6455000000000001	-83.63575400608508	-1.4238325739768243e-5	-83.63575400608508	-1.4238325739768243e-5
0.64575	-83.26004703908133	-1.4164345131462142e-5	-83.26004703908133	-1.4164345131462142e-5
0.646	-82.88678400111212	-1.4091051099285323e-5	-82.88678400111212	-1.4091051099285323e-5
0.64625	-82.51594463626627	-1.401795778832593e-5	-82.51594463626627	-1.401795778832593e-5
0.6465	-82.14750888933887	-1.3945518873015317e-5	-82.14750888933887	-1.3945518873015317e-5
0.64675	-81.78145672739423	-1.3873229669059128e-5	-81.78145672739423	-1.3873229669059128e-5
0.647	-81.41776817469133	-1.380182278154507e-5	-81.41776817469133	-1.380182278154507e-5
0.64725	-81.05642391369618	-1.3730255226107602e-5	-81.05642391369618	-1.3730255226107602e-5
0.6475000000000001	-80.6974044316972	-1.3659673207655487e-5	-80.6974044316972	-1.3659673207655487e-5
0.64775	-80.34069063034329	-1.358911741533575e-5	-80.34069063034329	-1.358911741533575e-5
0.648	-79.98626360166361	-1.3519147017859723e-5	-79.98626360166361	-1.3519147017859723e-5
0.6482500000000001	-79.63410418528812	-1.3449599961745662e-5	-79.63410418528812	-1.3449599961745662e-5
0.6485	-79.28419413799227	-1.3380413776076239e-5	-79.28419413799227	-1.3380413776076239e-5
0.6487499999999999	-78.9365149546073	-1.3311667913740166e-5	-78.9365149546073	-1.3311667913740166e-5
0.649	-78.59104822406142	-1.3243267183327134e-5	-78.59104822406142	-1.3243267183327134e-5
0.64925	-78.2477760809585	-1.3175356194494725e-5	-78.2477760809585	-1.3175356194494725e-5
0.6495	-77.9066806110574	-1.3107814382351535e-5	-77.9066806110574	-1.3107814382351535e-5
0.64975	-77.56774394301098	-1.304067133389708e-5	-77.56774394301098	-1.304067133389708e-5
0.65	-77.23094864870349	-1.2973878945388151e-5	-77.23094864870349	-1.2973878945388151e-5
0.6502500000000001	-76.89627755019477	-1.2907523853300518e-5	-76.89627755019477	-1.2907523853300518e-5
0.6505000000000001	-76.5637131943032	-1.284158513925604e-5	-76.5637131943032	-1.284158513925604e-5
0.6507499999999999	-76.23323857484588	-1.2775955333665934e-5	-76.23323857484588	-1.2775955333665934e-5
0.651	-75.90483702130072	-1.2710780374902697e-5	-75.90483702130072	-1.2710780374902697e-5
0.65125	-75.57849167412368	-1.2645956132928404e-5	-75.57849167412368	-1.2645956132928404e-5
0.6515	-75.25418620073478	-1.2581485748341947e-5	-75.25418620073478	-1.2581485748341947e-5
0.65175	-74.93190407144002	-1.2517510853626845e-5	-74.93190407144002	-1.2517510853626845e-5
0.652	-74.61162896226999	-1.2453707896042943e-5	-74.61162896226999	-1.2453707896042943e-5
0.65225	-74.29334525896502	-1.2390434527276284e-5	-74.29334525896502	-1.2390434527276284e-5
0.6525000000000001	-73.9770366640601	-1.2327521190513835e-5	-73.9770366640601	-1.2327521190513835e-5
0.65275	-73.66268749253882	-1.2264889754476371e-5	-73.66268749253882	-1.2264889754476371e-5
0.653	-73.35028238299022	-1.2202681844541985e-5	-73.35028238299022	-1.2202681844541985e-5
0.65325	-73.03980582290978	-1.214081742517692e-5	-73.03980582290978	-1.214081742517692e-5
0.6535	-72.73124230291671	-1.2079354128502473e-5	-72.73124230291671	-1.2079354128502473e-5
0.6537499999999999	-72.4245769187265	-1.2018171702266045e-5	-72.4245769187265	-1.2018171702266045e-5
0.654	-72.11979466090696	-1.1957409867591196e-5	-72.11979466090696	-1.1957409867591196e-5
0.65425	-71.81688055831705	-1.189693674064074e-5	-71.81688055831705	-1.189693674064074e-5
0.6545	-71.51582006209124	-1.1836877369830745e-5	-71.51582006209124	-1.1836877369830745e-5
0.65475	-71.21659849549644	-1.1777160061399172e-5	-71.21659849549644	-1.1777160061399172e-5
0.655	-70.91920135143937	-1.171770630037372e-5	-70.91920135143937	-1.171770630037372e-5
0.6552500000000001	-70.62361450397678	-1.165868845021123e-5	-70.62361450397678	-1.165868845021123e-5
0.6555000000000001	-70.3298239673581	-1.1599975756837466e-5	-70.3298239673581	-1.1599975756837466e-5
0.6557499999999999	-70.03781512899543	-1.1541596201425364e-5	-70.03781512899543	-1.1541596201425364e-5
0.656	-69.74757468740115	-1.1483525995004129e-5	-69.74757468740115	-1.1483525995004129e-5
0.65625	-69.45908866738625	-1.142587915836657e-5	-69.45908866738625	-1.142587915836657e-5
0.6565	-69.17234349586924	-1.1368387959009851e-5	-69.17234349586924	-1.1368387959009851e-5
0.6567500000000001	-68.88732551038119	-1.1311528808732874e-5	-68.88732551038119	-1.1311528808732874e-5
0.657	-68.6040214437714	-1.1254643872860015e-5	-68.6040214437714	-1.1254643872860015e-5
0.65725	-68.32241822099272	-1.1198306076209974e-5	-68.32241822099272	-1.1198306076209974e-5
0.6575000000000001	-68.04250248266791	-1.1142238278694094e-5	-68.04250248266791	-1.1142238278694094e-5
0.6577500000000001	-67.76426138419346	-1.1086480355970707e-5	-67.76426138419346	-1.1086480355970707e-5
0.6579999999999999	-67.48768193999769	-1.1030999580441403e-5	-67.48768193999769	-1.1030999580441403e-5
0.65825	-67.21275144183036	-1.0975999089168909e-5	-67.21275144183036	-1.0975999089168909e-5
0.6585	-66.93945738977843	-1.092102004207618e-5	-66.93945738977843	-1.092102004207618e-5
0.65875	-66.66778706026703	-1.0866677556009563e-5	-66.66778706026703	-1.0866677556009563e-5
0.659	-66.39772804150674	-1.0812433146156764e-5	-66.39772804150674	-1.0812433146156764e-5
0.65925	-66.1292682776649	-1.0758541016286927e-5	-66.1292682776649	-1.0758541016286927e-5
0.6595000000000001	-65.8623954796617	-1.0704975558439855e-5	-65.8623954796617	-1.0704975558439855e-5
0.6597500000000001	-65.59709743621009	-1.0651734342559394e-5	-65.59709743621009	-1.0651734342559394e-5
0.66	-65.33336251736222	-1.0598720329824118e-5	-65.33336251736222	-1.0598720329824118e-5
0.6602500000000001	-65.07117853142715	-1.0546132230615513e-5	-65.07117853142715	-1.0546132230615513e-5
0.6605	-64.81053402791017	-1.0493634107433536e-5	-64.81053402791017	-1.0493634107433536e-5
0.66075	-64.55141731156594	-1.04417353341546e-5	-64.55141731156594	-1.04417353341546e-5
0.661	-64.29381672729399	-1.038979040401955e-5	-64.29381672729399	-1.038979040401955e-5
0.66125	-64.0377211162607	-1.0338391064124153e-5	-64.0377211162607	-1.0338391064124153e-5
0.6615	-63.78311897580704	-1.0287167128808505e-5	-63.78311897580704	-1.0287167128808505e-5
0.6617500000000001	-63.52999917617525	-1.0236274334829432e-5	-63.52999917617525	-1.0236274334829432e-5
0.662	-63.278350589168	-1.0185614755187089e-5	-63.278350589168	-1.0185614755187089e-5
0.66225	-63.02816228602556	-1.0135347181972065e-5	-63.02816228602556	-1.0135347181972065e-5
0.6625000000000001	-62.77942342408422	-1.0085156752381863e-5	-62.77942342408422	-1.0085156752381863e-5
0.6627500000000001	-62.532122920963545	-1.0035551660791953e-5	-62.532122920963545	-1.0035551660791953e-5
0.6629999999999999	-62.286250393131866	-9.985903311360289e-6	-62.286250393131866	-9.985903311360289e-6
0.66325	-62.0417950327376	-9.936825783540826e-6	-62.0417950327376	-9.936825783540826e-6
0.6635	-61.798746575817205	-9.887657682838835e-6	-61.798746575817205	-9.887657682838835e-6
0.66375	-61.55709433599863	-9.83926787512246e-6	-61.55709433599863	-9.83926787512246e-6
0.664	-61.31682800320593	-9.790642522489179e-6	-61.31682800320593	-9.790642522489179e-6
0.66425	-61.07793770850148	-9.742613002572398e-6	-61.07793770850148	-9.742613002572398e-6
0.6645000000000001	-60.8404128172526	-9.694719352637549e-6	-60.8404128172526	-9.694719352637549e-6
0.6647500000000001	-60.60424377597273	-9.647135250645533e-6	-60.60424377597273	-9.647135250645533e-6
0.665	-60.36942021476845	-9.599824032591187e-6	-60.36942021476845	-9.599824032591187e-6
0.6652500000000001	-60.13593248615096	-9.552711311755502e-6	-60.13593248615096	-9.552711311755502e-6
0.6655	-59.903770874582854	-9.505919912555783e-6	-59.903770874582854	-9.505919912555783e-6
0.66575	-59.67292542299806	-9.4594009993898e-6	-59.67292542299806	-9.4594009993898e-6
0.666	-59.44338693571325	-9.413030745974993e-6	-59.44338693571325	-9.413030745974993e-6
0.66625	-59.21514547771348	-9.36712611121493e-6	-59.21514547771348	-9.36712611121493e-6
0.6665	-58.988191789138874	-9.321194518463471e-6	-58.988191789138874	-9.321194518463471e-6
0.6667500000000001	-58.76251673457638	-9.275802064223626e-6	-58.76251673457638	-9.275802064223626e-6
0.667	-58.538110692828994	-9.230433647644531e-6	-58.538110692828994	-9.230433647644531e-6
0.66725	-58.31496456744461	-9.185483939688766e-6	-58.31496456744461	-9.185483939688766e-6
0.6675000000000001	-58.09306949374074	-9.140618310254922e-6	-58.09306949374074	-9.140618310254922e-6
0.66775	-57.87241620887999	-9.096202887803884e-6	-57.87241620887999	-9.096202887803884e-6
0.6679999999999999	-57.65299582772082	-9.051798066650463e-6	-57.65299582772082	-9.051798066650463e-6
0.66825	-57.4347995059372	-9.007850906073145e-6	-57.4347995059372	-9.007850906073145e-6
0.6685	-57.21781837856922	-8.963981365184281e-6	-57.21781837856922	-8.963981365184281e-6
0.66875	-57.00204400056664	-8.920476915363906e-6	-57.00204400056664	-8.920476915363906e-6
0.669	-56.7874673145563	-8.877108712113113e-6	-56.7874673145563	-8.877108712113113e-6
0.66925	-56.57408008313745	-8.834070214902567e-6	-56.57408008313745	-8.834070214902567e-6
0.6695000000000001	-56.361873801844276	-8.791174245459388e-6	-56.361873801844276	-8.791174245459388e-6
0.6697500000000001	-56.150839866265066	-8.748607768893635e-6	-56.150839866265066	-8.748607768893635e-6
0.67	-55.94097011564584	-8.706229451149738e-6	-55.94097011564584	-8.706229451149738e-6
0.67025	-55.73225621214184	-8.664015183512674e-6	-55.73225621214184	-8.664015183512674e-6
0.6705	-55.52468997077771	-8.622171037586668e-6	-55.52468997077771	-8.622171037586668e-6
0.67075	-55.3182633066712	-8.580459542884e-6	-55.3182633066712	-8.580459542884e-6
0.671	-55.11296811647913	-8.538952094738761e-6	-55.11296811647913	-8.538952094738761e-6
0.67125	-54.90879641844568	-8.497808863694445e-6	-54.90879641844568	-8.497808863694445e-6
0.6715	-54.70574035801115	-8.456687318414424e-6	-54.70574035801115	-8.456687318414424e-6
0.6717500000000001	-54.50379201919327	-8.415991153754021e-6	-54.50379201919327	-8.415991153754021e-6
0.672	-54.302943648443005	-8.375347398725808e-6	-54.302943648443005	-8.375347398725808e-6
0.67225	-54.103187529927425	-8.33506683051155e-6	-54.103187529927425	-8.33506683051155e-6
0.6725000000000001	-53.90451609481268	-8.294857885005058e-6	-53.90451609481268	-8.294857885005058e-6
0.67275	-53.7069215840158	-8.255053565164872e-6	-53.7069215840158	-8.255053565164872e-6
0.6729999999999999	-53.51039665026418	-8.215232689678942e-6	-53.51039665026418	-8.215232689678942e-6
0.67325	-53.314933804215585	-8.175864188331161e-6	-53.314933804215585	-8.175864188331161e-6
0.6735	-53.12052552021669	-8.136519859647251e-6	-53.12052552021669	-8.136519859647251e-6
0.6737500000000001	-52.92716477709585	-8.097497932624265e-6	-52.92716477709585	-8.097497932624265e-6
0.674	-52.734843909492355	-8.058655247111801e-6	-52.734843909492355	-8.058655247111801e-6
0.67425	-52.54355600845196	-8.019992840502255e-6	-52.54355600845196	-8.019992840502255e-6
0.6745000000000001	-52.35329391230173	-7.981568828085983e-6	-52.35329391230173	-7.981568828085983e-6
0.6747500000000001	-52.164050376602304	-7.94339737097971e-6	-52.164050376602304	-7.94339737097971e-6
0.675	-51.97581856165895	-7.905313687217586e-6	-51.97581856165895	-7.905313687217586e-6
0.67525	-51.788591358946746	-7.867530747773799e-6	-51.788591358946746	-7.867530747773799e-6
0.6755	-51.60236194026773	-7.82992109549241e-6	-51.60236194026773	-7.82992109549241e-6
0.67575	-51.41712345882961	-7.79253998217655e-6	-51.41712345882961	-7.79253998217655e-6
0.676	-51.23286909590456	-7.75528089747013e-6	-51.23286909590456	-7.75528089747013e-6
0.67625	-51.049592165583796	-7.718322272864953e-6	-51.049592165583796	-7.718322272864953e-6
0.6765	-50.8672859642357	-7.681470648890354e-6	-50.8672859642357	-7.681470648890354e-6
0.6767500000000001	-50.68594386773987	-7.644908720294552e-6	-50.68594386773987	-7.644908720294552e-6
0.677	-50.50555929479582	-7.6084272109255835e-6	-50.50555929479582	-7.6084272109255835e-6
0.67725	-50.3261257531891	-7.572284765444692e-6	-50.3261257531891	-7.572284765444692e-6
0.6775	-50.14763685114888	-7.536147876407995e-6	-50.14763685114888	-7.536147876407995e-6
0.67775	-49.970086056179824	-7.50044033281938e-6	-49.970086056179824	-7.50044033281938e-6
0.6779999999999999	-49.7934671870239	-7.464678077440112e-6	-49.7934671870239	-7.464678077440112e-6
0.67825	-49.61777368164755	-7.429298733541145e-6	-49.61777368164755	-7.429298733541145e-6
0.6785	-49.442999649747385	-7.393957844215038e-6	-49.442999649747385	-7.393957844215038e-6
0.6787500000000001	-49.26913865226948	-7.358979743798955e-6	-49.26913865226948	-7.358979743798955e-6
0.679	-49.096184493313665	-7.323981186857509e-6	-49.096184493313665	-7.323981186857509e-6
0.67925	-48.92413135206311	-7.289345852257156e-6	-48.92413135206311	-7.289345852257156e-6
0.6795000000000001	-48.752972939213564	-7.2547554168522765e-6	-48.752972939213564	-7.2547554168522765e-6
0.6797500000000001	-48.58270345660844	-7.220479169234295e-6	-48.58270345660844	-7.220479169234295e-6
0.6799999999999999	-48.41331673226259	-7.1862446446857575e-6	-48.41331673226259	-7.1862446446857575e-6
0.68025	-48.244806995973924	-7.152339946969732e-6	-48.244806995973924	-7.152339946969732e-6
0.6805	-48.0771685355793	-7.118473206446652e-6	-48.0771685355793	-7.118473206446652e-6
0.68075	-47.91039536996024	-7.084915885968712e-6	-47.91039536996024	-7.084915885968712e-6
0.681	-47.744481731239986	-7.0513965084728625e-6	-47.744481731239986	-7.0513965084728625e-6
0.68125	-47.57942201795744	-7.018196143349087e-6	-47.57942201795744	-7.018196143349087e-6
0.6815	-47.41521060861741	-6.985011395954643e-6	-47.41521060861741	-6.985011395954643e-6
0.6817500000000001	-47.251841758572624	-6.952241712099294e-6	-47.251841758572624	-6.952241712099294e-6
0.682	-47.08930993193088	-6.91930524254758e-6	-47.08930993193088	-6.91930524254758e-6
0.68225	-46.927609709161494	-6.886895711488705e-6	-46.927609709161494	-6.886895711488705e-6
0.6825	-46.76673542806942	-6.8543805085141685e-6	-46.76673542806942	-6.8543805085141685e-6
0.68275	-46.60668193118626	-6.822225444125252e-6	-46.60668193118626	-6.822225444125252e-6
0.6829999999999999	-46.447443618864426	-6.790077165419461e-6	-46.447443618864426	-6.790077165419461e-6
0.68325	-46.28901511059332	-6.758292705910662e-6	-46.28901511059332	-6.758292705910662e-6
0.6835	-46.13139121940768	-6.726420558322843e-6	-46.13139121940768	-6.726420558322843e-6
0.6837500000000001	-45.97456672324388	-6.6949924502068825e-6	-45.97456672324388	-6.6949924502068825e-6
0.684	-45.818536288359134	-6.663483311797336e-6	-45.818536288359134	-6.663483311797336e-6
0.68425	-45.663294757167186	-6.632336678080719e-6	-45.663294757167186	-6.632336678080719e-6
0.6845000000000001	-45.5088370613485	-6.601178213827552e-6	-45.5088370613485	-6.601178213827552e-6
0.68475	-45.35515807292001	-6.570353896506731e-6	-45.35515807292001	-6.570353896506731e-6
0.6849999999999999	-45.20225274292824	-6.539540393646348e-6	-45.20225274292824	-6.539540393646348e-6
0.68525	-45.05011594681533	-6.508976596819593e-6	-45.05011594681533	-6.508976596819593e-6
0.6855	-44.898742874842405	-6.478521207498034e-6	-44.898742874842405	-6.478521207498034e-6
0.68575	-44.748128636697565	-6.4482972135238015e-6	-44.748128636697565	-6.4482972135238015e-6
0.686	-44.598268101125406	-6.418134695707067e-6	-44.598268101125406	-6.418134695707067e-6
0.68625	-44.44915650196152	-6.388196922557654e-6	-44.44915650196152	-6.388196922557654e-6
0.6865	-44.30078924502601	-6.358371663850448e-6	-44.30078924502601	-6.358371663850448e-6
0.6867500000000001	-44.153161214353545	-6.328759575069398e-6	-44.153161214353545	-6.328759575069398e-6
0.687	-44.006267847360625	-6.299225582040435e-6	-44.006267847360625	-6.299225582040435e-6
0.6872499999999999	-43.86010440511966	-6.269911075662549e-6	-43.86010440511966	-6.269911075662549e-6
0.6875	-43.714666293455366	-6.240679681468464e-6	-43.714666293455366	-6.240679681468464e-6
0.68775	-43.56994879663201	-6.211677060719012e-6	-43.56994879663201	-6.211677060719012e-6
0.6880000000000001	-43.42594723835964	-6.182767229745423e-6	-43.42594723835964	-6.182767229745423e-6
0.68825	-43.28265729977085	-6.154040040229347e-6	-43.28265729977085	-6.154040040229347e-6
0.6885	-43.140074135697716	-6.12541704114733e-6	-43.140074135697716	-6.12541704114733e-6
0.6887500000000001	-42.998193609439966	-6.096992930082479e-6	-42.998193609439966	-6.096992930082479e-6
0.6890000000000001	-42.85701107074419	-6.0686776279794685e-6	-42.85701107074419	-6.0686776279794685e-6
0.68925	-42.71652204331747	-6.040545404317754e-6	-42.71652204331747	-6.040545404317754e-6
0.6895000000000001	-42.57672225031712	-6.012501252428137e-6	-42.57672225031712	-6.012501252428137e-6
0.68975	-42.437607365023844	-5.984636626266138e-6	-42.437607365023844	-5.984636626266138e-6
0.69	-42.299173006309545	-5.9569556363214815e-6	-42.299173006309545	-5.9569556363214815e-6
0.69025	-42.16141489121345	-5.9293086636103e-6	-42.16141489121345	-5.9293086636103e-6
0.6905	-42.02432875789058	-5.901934176932855e-6	-42.02432875789058	-5.901934176932855e-6
0.69075	-41.88791042873021	-5.874548708817429e-6	-41.88791042873021	-5.874548708817429e-6
0.6910000000000001	-41.752155819859496	-5.847476487019776e-6	-41.752155819859496	-5.847476487019776e-6
0.69125	-41.61706051334452	-5.82038941843166e-6	-41.61706051334452	-5.82038941843166e-6
0.6915	-41.482620579313405	-5.793532203313134e-6	-41.482620579313405	-5.793532203313134e-6
0.6917500000000001	-41.3488319662507	-5.7667608466260845e-6	-41.3488319662507	-5.7667608466260845e-6
0.6920000000000001	-41.215690448332495	-5.74019659538294e-6	-41.215690448332495	-5.74019659538294e-6
0.6922499999999999	-41.083192177669176	-5.7136574831417875e-6	-41.083192177669176	-5.7136574831417875e-6
0.6925	-40.95133303351757	-5.687374088125807e-6	-40.95133303351757	-5.687374088125807e-6
0.69275	-40.82010904020447	-5.661100747289538e-6	-40.82010904020447	-5.661100747289538e-6
0.6930000000000001	-40.6895163300538	-5.635098386136406e-6	-40.6895163300538	-5.635098386136406e-6
0.69325	-40.55955110868704	-5.609093129521625e-6	-40.55955110868704	-5.609093129521625e-6
0.6935	-40.43020920162595	-5.583324654168109e-6	-40.43020920162595	-5.583324654168109e-6
0.6937500000000001	-40.3014869875778	-5.557602236194725e-6	-40.3014869875778	-5.557602236194725e-6
0.6940000000000001	-40.17338071485844	-5.5321107801376e-6	-40.17338071485844	-5.5321107801376e-6
0.69425	-40.04588630173035	-5.5066305790774095e-6	-40.04588630173035	-5.5066305790774095e-6
0.6945	-39.91900020755489	-5.481381531780016e-6	-39.91900020755489	-5.481381531780016e-6
0.69475	-39.79271873129177	-5.456167524897637e-6	-39.79271873129177	-5.456167524897637e-6
0.695	-39.66703806893559	-5.431176131054372e-6	-39.66703806893559	-5.431176131054372e-6
0.69525	-39.541954528428775	-5.406243214878259e-6	-39.541954528428775	-5.406243214878259e-6
0.6955	-39.417464572318636	-5.381458461073407e-6	-39.417464572318636	-5.381458461073407e-6
0.69575	-39.293564461326596	-5.356786680010828e-6	-39.293564461326596	-5.356786680010828e-6
0.6960000000000001	-39.17025067659248	-5.332271989288984e-6	-39.17025067659248	-5.332271989288984e-6
0.69625	-39.04751968136386	-5.3078386947902345e-6	-39.04751968136386	-5.3078386947902345e-6
0.6965	-38.925367821916545	-5.283550429169281e-6	-38.925367821916545	-5.283550429169281e-6
0.6967500000000001	-38.80379165121207	-5.25936529527371e-6	-38.80379165121207	-5.25936529527371e-6
0.697	-38.68278778625411	-5.235364820777022e-6	-38.68278778625411	-5.235364820777022e-6
0.6972499999999999	-38.56235256822525	-5.211374546121306e-6	-38.56235256822525	-5.211374546121306e-6
0.6975	-38.442482620287855	-5.187624644520383e-6	-38.442482620287855	-5.187624644520383e-6
0.69775	-38.32317472483299	-5.163866589441568e-6	-38.32317472483299	-5.163866589441568e-6
0.6980000000000001	-38.20442524280986	-5.1403631893265356e-6	-38.20442524280986	-5.1403631893265356e-6
0.69825	-38.086230934202106	-5.116867264121083e-6	-38.086230934202106	-5.116867264121083e-6
0.6985	-37.968588496520894	-5.093538664624475e-6	-37.968588496520894	-5.093538664624475e-6
0.6987500000000001	-37.851494477924724	-5.0703221390335784e-6	-37.851494477924724	-5.0703221390335784e-6
0.6990000000000001	-37.73494580782967	-5.0472186572392275e-6	-37.73494580782967	-5.0472186572392275e-6
0.69925	-37.61893908690471	-5.024218360460964e-6	-37.61893908690471	-5.024218360460964e-6
0.6995	-37.5034709898446	-5.001376216284825e-6	-37.5034709898446	-5.001376216284825e-6
0.69975	-37.38853852109948	-4.978542541778097e-6	-37.38853852109948	-4.978542541778097e-6
0.7	-37.274138401756964	-4.955985463794832e-6	-37.274138401756964	-4.955985463794832e-6
0.70025	-37.16026743236171	-4.933362099279748e-6	-37.16026743236171	-4.933362099279748e-6
0.7005	-37.04692242874049	-4.911005003549462e-6	-37.04692242874049	-4.911005003549462e-6
0.70075	-36.934100379746795	-4.88863504699566e-6	-36.934100379746795	-4.88863504699566e-6
0.7010000000000001	-36.821798168989176	-4.8664874938708635e-6	-36.821798168989176	-4.8664874938708635e-6
0.70125	-36.71001268690807	-4.8443379938589715e-6	-36.71001268690807	-4.8443379938589715e-6
0.7015	-36.59874083927346	-4.822407273508134e-6	-36.59874083927346	-4.822407273508134e-6
0.7017500000000001	-36.4879796968697	-4.80046024620151e-6	-36.4879796968697	-4.80046024620151e-6
0.702	-36.37772626583109	-4.778776599323464e-6	-36.37772626583109	-4.778776599323464e-6
0.70225	-36.2679773540862	-4.757056647264335e-6	-36.2679773540862	-4.757056647264335e-6
0.7025	-36.1587302220133	-4.735515780396327e-6	-36.1587302220133	-4.735515780396327e-6
0.70275	-36.04998188772886	-4.714075554801411e-6	-36.04998188772886	-4.714075554801411e-6
0.7030000000000001	-35.94172936368683	-4.6927063230839394e-6	-35.94172936368683	-4.6927063230839394e-6
0.70325	-35.833969765274084	-4.671512535026068e-6	-35.833969765274084	-4.671512535026068e-6
0.7035	-35.726700210282296	-4.6503230564098885e-6	-35.726700210282296	-4.6503230564098885e-6
0.7037500000000001	-35.61991794243194	-4.6293377025108384e-6	-35.61991794243194	-4.6293377025108384e-6
0.7040000000000001	-35.51361995277441	-4.608389154725501e-6	-35.51361995277441	-4.608389154725501e-6
0.7042499999999999	-35.40780355720815	-4.587580892945198e-6	-35.40780355720815	-4.587580892945198e-6
0.7045	-35.3024658767485	-4.566826110163902e-6	-35.3024658767485	-4.566826110163902e-6
0.70475	-35.19760426277773	-4.546207208022679e-6	-35.19760426277773	-4.546207208022679e-6
0.705	-35.093215773431965	-4.5257356973138485e-6	-35.093215773431965	-4.5257356973138485e-6
0.70525	-34.989297784708796	-4.5052448029991865e-6	-34.989297784708796	-4.5052448029991865e-6
0.7055	-34.88584758760876	-4.484967305984355e-6	-34.88584758760876	-4.484967305984355e-6
0.70575	-34.78286244382865	-4.46470584591907e-6	-34.78286244382865	-4.46470584591907e-6
0.7060000000000001	-34.68033973303699	-4.444645398393732e-6	-34.68033973303699	-4.444645398393732e-6
0.70625	-34.578276675509535	-4.424541238279289e-6	-34.578276675509535	-4.424541238279289e-6
0.7065	-34.47667075611922	-4.404669969204633e-6	-34.47667075611922	-4.404669969204633e-6
0.70675	-34.37551928092675	-4.384780208255279e-6	-34.37551928092675	-4.384780208255279e-6
0.707	-34.27481970634983	-4.365120926053123e-6	-34.27481970634983	-4.365120926053123e-6
0.70725	-34.17456936864379	-4.345390507864977e-6	-34.17456936864379	-4.345390507864977e-6
0.7075	-34.07476576377965	-4.325916169278798e-6	-34.07476576377965	-4.325916169278798e-6
0.70775	-33.97540630099807	-4.306401670817195e-6	-33.97540630099807	-4.306401670817195e-6
0.7080000000000001	-33.87648853453062	-4.287098125388411e-6	-33.87648853453062	-4.287098125388411e-6
0.70825	-33.77800977905626	-4.267794629697619e-6	-33.77800977905626	-4.267794629697619e-6
0.7085	-33.67996774767256	-4.2486474676195485e-6	-33.67996774767256	-4.2486474676195485e-6
0.7087500000000001	-33.58235984023048	-4.229533498545379e-6	-33.58235984023048	-4.229533498545379e-6
0.7090000000000001	-33.4851835782214	-4.210599833243123e-6	-33.4851835782214	-4.210599833243123e-6
0.7092499999999999	-33.3884366152731	-4.191644450202148e-6	-33.3884366152731	-4.191644450202148e-6
0.7095	-33.292116443643174	-4.172875822661126e-6	-33.292116443643174	-4.172875822661126e-6
0.70975	-33.1962207137483	-4.154137315026674e-6	-33.1962207137483	-4.154137315026674e-6
0.71	-33.100746972760284	-4.135528932636134e-6	-33.100746972760284	-4.135528932636134e-6
0.71025	-33.00569287802196	-4.116976004553408e-6	-33.00569287802196	-4.116976004553408e-6
0.7105	-32.911056095077534	-4.098536955154941e-6	-32.911056095077534	-4.098536955154941e-6
0.71075	-32.81683423224631	-4.080165624031906e-6	-32.81683423224631	-4.080165624031906e-6
0.7110000000000001	-32.72302495209604	-4.061907592500802e-6	-32.72302495209604	-4.061907592500802e-6
0.71125	-32.62962609207341	-4.043705814638088e-6	-32.62962609207341	-4.043705814638088e-6
0.7115	-32.536635171833595	-4.0256211271127995e-6	-32.536635171833595	-4.0256211271127995e-6
0.71175	-32.44404994168444	-4.007586248633288e-6	-32.44404994168444	-4.007586248633288e-6
0.712	-32.35186830675357	-3.989688742933595e-6	-32.35186830675357	-3.989688742933595e-6
0.71225	-32.26008785574722	-3.971822724935237e-6	-32.26008785574722	-3.971822724935237e-6
0.7125	-32.16870629596736	-3.954087240742865e-6	-32.16870629596736	-3.954087240742865e-6
0.71275	-32.077721709089616	-3.93637143503156e-6	-32.077721709089616	-3.93637143503156e-6
0.7130000000000001	-31.987131585314206	-3.9188293179392986e-6	-31.987131585314206	-3.9188293179392986e-6
0.71325	-31.896933856429456	-3.9012944696992236e-6	-31.896933856429456	-3.9012944696992236e-6
0.7135	-31.807126429170278	-3.8838863787304945e-6	-31.807126429170278	-3.8838863787304945e-6
0.7137500000000001	-31.717707016439366	-3.866520309259158e-6	-31.717707016439366	-3.866520309259158e-6
0.714	-31.62867358645303	-3.8492987108895704e-6	-31.62867358645303	-3.8492987108895704e-6
0.7142499999999999	-31.54002389251486	-3.8320794253365875e-6	-31.54002389251486	-3.8320794253365875e-6
0.7145	-31.45175599622044	-3.815012618701985e-6	-31.45175599622044	-3.815012618701985e-6
0.71475	-31.36386758172413	-3.7979761309259175e-6	-31.36386758172413	-3.7979761309259175e-6
0.715	-31.27635679312711	-3.7810521114067797e-6	-31.27635679312711	-3.7810521114067797e-6
0.71525	-31.18922146601733	-3.764195017907923e-6	-31.18922146601733	-3.764195017907923e-6
0.7155	-31.102459373433845	-3.7474024061623368e-6	-31.102459373433845	-3.7474024061623368e-6
0.71575	-31.016068805891873	-3.7307193849756004e-6	-31.016068805891873	-3.7307193849756004e-6
0.7160000000000001	-30.930047576290033	-3.714077312366726e-6	-30.930047576290033	-3.714077312366726e-6
0.71625	-30.844393567506522	-3.6975546713335916e-6	-30.844393567506522	-3.6975546713335916e-6
0.7165	-30.759104851877286	-3.6810843333512366e-6	-30.759104851877286	-3.6810843333512366e-6
0.71675	-30.67417958876986	-3.6646597543210646e-6	-30.67417958876986	-3.6646597543210646e-6
0.717	-30.589615671469996	-3.648404778289205e-6	-30.589615671469996	-3.648404778289205e-6
0.71725	-30.50541109505729	-3.6321164174069054e-6	-30.50541109505729	-3.6321164174069054e-6
0.7175	-30.42156402790295	-3.615985484373141e-6	-30.42156402790295	-3.615985484373141e-6
0.71775	-30.338072464170086	-3.599865340930819e-6	-30.338072464170086	-3.599865340930819e-6
0.7180000000000001	-30.25493450727526	-3.5839048209140856e-6	-30.25493450727526	-3.5839048209140856e-6
0.71825	-30.172148265411714	-3.5679090011342396e-6	-30.172148265411714	-3.5679090011342396e-6
0.7185	-30.089711882696093	-3.5520868379990134e-6	-30.089711882696093	-3.5520868379990134e-6
0.7187500000000001	-30.007623323164562	-3.536268383896868e-6	-30.007623323164562	-3.536268383896868e-6
0.719	-29.925880938411947	-3.5205577795238696e-6	-29.925880938411947	-3.5205577795238696e-6
0.71925	-29.84448265279203	-3.504933786757647e-6	-29.84448265279203	-3.504933786757647e-6
0.7195	-29.763426826068333	-3.4893228217924843e-6	-29.763426826068333	-3.4893228217924843e-6
0.71975	-29.682711454607407	-3.473847989710066e-6	-29.682711454607407	-3.473847989710066e-6
0.72	-29.60233479939056	-3.458395166688888e-6	-29.60233479939056	-3.458395166688888e-6
0.7202500000000001	-29.522295151558172	-3.4430823063758e-6	-29.522295151558172	-3.4430823063758e-6
0.7205	-29.442590517392993	-3.427716208648235e-6	-29.442590517392993	-3.427716208648235e-6
0.72075	-29.36321925839728	-3.4125796162243205e-6	-29.36321925839728	-3.4125796162243205e-6
0.7210000000000001	-29.28417945790399	-3.397356042711408e-6	-29.28417945790399	-3.397356042711408e-6
0.72125	-29.205469633925922	-3.382332831591839e-6	-29.205469633925922	-3.382332831591839e-6
0.7215	-29.12708776822141	-3.3672908159587678e-6	-29.12708776822141	-3.3672908159587678e-6
0.72175	-29.04903216453591	-3.3523648959032926e-6	-29.04903216453591	-3.3523648959032926e-6
0.722	-28.971301250114767	-3.3374593897406157e-6	-28.971301250114767	-3.3374593897406157e-6
0.7222500000000001	-28.893893157536873	-3.322693611806926e-6	-28.893893157536873	-3.322693611806926e-6
0.7225	-28.81680629928792	-3.3079250485457123e-6	-28.81680629928792	-3.3079250485457123e-6
0.72275	-28.740038843144497	-3.293265471882023e-6	-28.740038843144497	-3.293265471882023e-6
0.7230000000000001	-28.663589281853636	-3.2786359298597745e-6	-28.663589281853636	-3.2786359298597745e-6
0.7232500000000001	-28.58745581691512	-3.2641397531563143e-6	-28.58745581691512	-3.2641397531563143e-6
0.7235	-28.511636856004596	-3.2496160535799845e-6	-28.511636856004596	-3.2496160535799845e-6
0.72375	-28.43613070854716	-3.235243749344363e-6	-28.43613070854716	-3.235243749344363e-6
0.724	-28.360935763918167	-3.220870237186091e-6	-28.360935763918167	-3.220870237186091e-6
0.72425	-28.286050451335772	-3.2066273014663693e-6	-28.286050451335772	-3.2066273014663693e-6
0.7245	-28.211473004043206	-3.192367007187613e-6	-28.211473004043206	-3.192367007187613e-6
0.72475	-28.137202042317753	-3.1782605844909995e-6	-28.137202042317753	-3.1782605844909995e-6
0.725	-28.06323571375422	-3.1641261166726053e-6	-28.06323571375422	-3.1641261166726053e-6
0.7252500000000001	-27.989572656612584	-3.150138912388911e-6	-27.989572656612584	-3.150138912388911e-6
0.7255	-27.916211192859578	-3.136165808825808e-6	-27.916211192859578	-3.136165808825808e-6
0.72575	-27.84314969475563	-3.1222610914483084e-6	-27.84314969475563	-3.1222610914483084e-6
0.7260000000000001	-27.770386881001947	-3.108407273799685e-6	-27.770386881001947	-3.108407273799685e-6
0.72625	-27.69792081585046	-3.0946768347916986e-6	-27.69792081585046	-3.0946768347916986e-6
0.7265	-27.625750274093733	-3.0809201021497756e-6	-27.625750274093733	-3.0809201021497756e-6
0.72675	-27.55387366326557	-3.0672833801759225e-6	-27.55387366326557	-3.0672833801759225e-6
0.727	-27.48228932495699	-3.0536947619452803e-6	-27.48228932495699	-3.0536947619452803e-6
0.7272500000000001	-27.4109960359756	-3.040157487532724e-6	-27.4109960359756	-3.040157487532724e-6
0.7275	-27.339991966842575	-3.0266880237661553e-6	-27.339991966842575	-3.0266880237661553e-6
0.72775	-27.26927586671315	-3.013263174977965e-6	-27.26927586671315	-3.013263174977965e-6
0.7280000000000001	-27.198846290043324	-2.99991949148648e-6	-27.198846290043324	-2.99991949148648e-6
0.7282500000000001	-27.128701573824635	-2.986631503887338e-6	-27.128701573824635	-2.986631503887338e-6
0.7285	-27.05884046119819	-2.973376545867268e-6	-27.05884046119819	-2.973376545867268e-6
0.72875	-26.989261274742425	-2.960227799775339e-6	-26.989261274742425	-2.960227799775339e-6
0.729	-26.919962825650494	-2.9470531117681276e-6	-26.919962825650494	-2.9470531117681276e-6
0.72925	-26.850943663694824	-2.93405928886159e-6	-26.850943663694824	-2.93405928886159e-6
0.7295	-26.782202127541762	-2.92100154197783e-6	-26.782202127541762	-2.92100154197783e-6
0.72975	-26.71373703078487	-2.9080729255781534e-6	-26.71373703078487	-2.9080729255781534e-6
0.73	-26.645546976146523	-2.8951773387575486e-6	-26.645546976146523	-2.8951773387575486e-6
0.7302500000000001	-26.577630431480724	-2.882343345333993e-6	-26.577630431480724	-2.882343345333993e-6
0.7305	-26.509986095500967	-2.8695755176499915e-6	-26.509986095500967	-2.8695755176499915e-6
0.73075	-26.442612651352665	-2.8568226149161546e-6	-26.442612651352665	-2.8568226149161546e-6
0.731	-26.37550865759323	-2.844184020744933e-6	-26.37550865759323	-2.844184020744933e-6
0.73125	-26.308672729441827	-2.831550798276794e-6	-26.308672729441827	-2.831550798276794e-6
0.7315	-26.242103630071433	-2.8189891523311417e-6	-26.242103630071433	-2.8189891523311417e-6
0.73175	-26.175799910772454	-2.806512757302926e-6	-26.175799910772454	-2.806512757302926e-6
0.732	-26.109760301714353	-2.79400616420844e-6	-26.109760301714353	-2.79400616420844e-6
0.7322500000000001	-26.043983476432935	-2.7816698207061563e-6	-26.043983476432935	-2.7816698207061563e-6
0.7325	-25.978468122100885	-2.7692838813209164e-6	-25.978468122100885	-2.7692838813209164e-6
0.73275	-25.913212894361813	-2.757011387188868e-6	-25.913212894361813	-2.757011387188868e-6
0.7330000000000001	-25.848216515974194	-2.7447611792297266e-6	-25.848216515974194	-2.7447611792297266e-6
0.7332500000000001	-25.7834778122921	-2.732579318376338e-6	-25.7834778122921	-2.732579318376338e-6
0.7334999999999999	-25.71899523524025	-2.720450641646721e-6	-25.71899523524025	-2.720450641646721e-6
0.73375	-25.654767810405506	-2.708357669689576e-6	-25.654767810405506	-2.708357669689576e-6
0.734	-25.59079403141854	-2.6963333041862825e-6	-25.59079403141854	-2.6963333041862825e-6
0.73425	-25.52707283648862	-2.6843554330469033e-6	-25.52707283648862	-2.6843554330469033e-6
0.7345	-25.46360288134807	-2.672423576655092e-6	-25.46360288134807	-2.672423576655092e-6
0.73475	-25.400382832132852	-2.660535127319008e-6	-25.400382832132852	-2.660535127319008e-6
0.735	-25.337411664098504	-2.648729847010145e-6	-25.337411664098504	-2.648729847010145e-6
0.7352500000000001	-25.274687961473767	-2.6369292385197696e-6	-25.274687961473767	-2.6369292385197696e-6
0.7355	-25.21221072376376	-2.6252188938258314e-6	-25.21221072376376	-2.6252188938258314e-6
0.7357500000000001	-25.149978441008525	-2.6135165072105337e-6	-25.149978441008525	-2.6135165072105337e-6
0.736	-25.087990095436897	-2.6019008743105587e-6	-25.087990095436897	-2.6019008743105587e-6
0.73625	-25.026244601816146	-2.590324513107589e-6	-25.026244601816146	-2.590324513107589e-6
0.7365	-24.964740507816924	-2.5787674218236134e-6	-24.964740507816924	-2.5787674218236134e-6
0.73675	-24.90347679930167	-2.5673146382132472e-6	-24.90347679930167	-2.5673146382132472e-6
0.737	-24.84245231984807	-2.555851601471204e-6	-24.84245231984807	-2.555851601471204e-6
0.7372500000000001	-24.781665765032194	-2.54447816416814e-6	-24.781665765032194	-2.54447816416814e-6
0.7375	-24.72111614293489	-2.5331269988271288e-6	-24.72111614293489	-2.5331269988271288e-6
0.73775	-24.66080217623625	-2.5218440651286755e-6	-24.66080217623625	-2.5218440651286755e-6
0.7380000000000001	-24.600722720361848	-2.5105766816579944e-6	-24.600722720361848	-2.5105766816579944e-6
0.7382500000000001	-24.540876823552647	-2.4993913356752273e-6	-24.540876823552647	-2.4993913356752273e-6
0.7384999999999999	-24.481263107596735	-2.4882276559168304e-6	-24.481263107596735	-2.4882276559168304e-6
0.73875	-24.42188052192535	-2.4771235729303953e-6	-24.42188052192535	-2.4771235729303953e-6
0.739	-24.36272811571848	-2.4660385786745564e-6	-24.36272811571848	-2.4660385786745564e-6
0.73925	-24.303804563122092	-2.4550597235162286e-6	-24.303804563122092	-2.4550597235162286e-6
0.7395	-24.245108825464886	-2.4440470554054627e-6	-24.245108825464886	-2.4440470554054627e-6
0.73975	-24.186639914425815	-2.4331415495737474e-6	-24.186639914425815	-2.4331415495737474e-6
0.74	-24.128396582829016	-2.422236972776659e-6	-24.128396582829016	-2.422236972776659e-6
0.7402500000000001	-24.070377791318766	-2.4114253562856902e-6	-24.070377791318766	-2.4114253562856902e-6
0.7405	-24.012582590063516	-2.400601475827102e-6	-24.012582590063516	-2.400601475827102e-6
0.74075	-23.955009775251597	-2.389868230423531e-6	-23.955009775251597	-2.389868230423531e-6
0.741	-23.897658245082564	-2.3791490839641938e-6	-23.897658245082564	-2.3791490839641938e-6
0.74125	-23.840527106664958	-2.3684867702655765e-6	-23.840527106664958	-2.3684867702655765e-6
0.7415	-23.783615209759084	-2.3578655987677166e-6	-23.783615209759084	-2.3578655987677166e-6
0.74175	-23.726921464733245	-2.3472837415994263e-6	-23.726921464733245	-2.3472837415994263e-6
0.742	-23.670444963471382	-2.3367242416583167e-6	-23.670444963471382	-2.3367242416583167e-6
0.7422500000000001	-23.614184533839474	-2.326284011644475e-6	-23.614184533839474	-2.326284011644475e-6
0.7425	-23.558139241187106	-2.315766646887596e-6	-23.558139241187106	-2.315766646887596e-6
0.74275	-23.50230810781462	-2.3054123339250054e-6	-23.50230810781462	-2.3054123339250054e-6
0.7430000000000001	-23.446689971898284	-2.2949748625933353e-6	-23.446689971898284	-2.2949748625933353e-6
0.74325	-23.391283964296477	-2.284713490396939e-6	-23.391283964296477	-2.284713490396939e-6
0.7434999999999999	-23.336089034353297	-2.2743786587398063e-6	-23.336089034353297	-2.2743786587398063e-6
0.74375	-23.281104137414204	-2.2641459178629475e-6	-23.281104137414204	-2.2641459178629475e-6
0.744	-23.226328387409964	-2.2539401118848446e-6	-23.226328387409964	-2.2539401118848446e-6
0.74425	-23.17176075167387	-2.2437584998868942e-6	-23.17176075167387	-2.2437584998868942e-6
0.7445	-23.117400218722707	-2.2336519762689022e-6	-23.117400218722707	-2.2336519762689022e-6
0.74475	-23.06324586946793	-2.2235479466559127e-6	-23.06324586946793	-2.2235479466559127e-6
0.745	-23.00929675677533	-2.213491402613954e-6	-23.00929675677533	-2.213491402613954e-6
0.7452500000000001	-22.95555181511626	-2.2035180116120046e-6	-22.95555181511626	-2.2035180116120046e-6
0.7455	-22.902010222959387	-2.1934988136962374e-6	-22.902010222959387	-2.1934988136962374e-6
0.74575	-22.848670959720643	-2.183606575556496e-6	-22.848670959720643	-2.183606575556496e-6
0.746	-22.795533086816395	-2.173666340254954e-6	-22.795533086816395	-2.173666340254954e-6
0.74625	-22.742595658754666	-2.163869197602253e-6	-22.742595658754666	-2.163869197602253e-6
0.7465	-22.68985782360783	-2.1539921348789903e-6	-22.68985782360783	-2.1539921348789903e-6
0.74675	-22.637318539713878	-2.144260937697595e-6	-22.637318539713878	-2.144260937697595e-6
0.747	-22.584976973304634	-2.134469104575487e-6	-22.584976973304634	-2.134469104575487e-6
0.7472500000000001	-22.532832235669897	-2.1248051726985295e-6	-22.532832235669897	-2.1248051726985295e-6
0.7475	-22.480883242741662	-2.1151049107714925e-6	-22.480883242741662	-2.1151049107714925e-6
0.74775	-22.42912932593603	-2.1054953478483185e-6	-22.42912932593603	-2.1054953478483185e-6
0.748	-22.37756940791955	-2.095875936802827e-6	-22.37756940791955	-2.095875936802827e-6
0.74825	-22.326202712805376	-2.0863325111974973e-6	-22.326202712805376	-2.0863325111974973e-6
0.7484999999999999	-22.275028295082045	-2.076798084615916e-6	-22.275028295082045	-2.076798084615916e-6
0.74875	-22.224045242861788	-2.067319902820941e-6	-22.224045242861788	-2.067319902820941e-6
0.749	-22.173252795426468	-2.0578527273329428e-6	-22.173252795426468	-2.0578527273329428e-6
0.74925	-22.122649938839988	-2.048453849212706e-6	-22.122649938839988	-2.048453849212706e-6
0.7495	-22.07223588827476	-2.039047988233733e-6	-22.07223588827476	-2.039047988233733e-6
0.74975	-22.02200982723103	-2.0297166454241733e-6	-22.02200982723103	-2.0297166454241733e-6
0.7500000000000001	-21.971970732604635	-2.0203858195344537e-6	-21.971970732604635	-2.0203858195344537e-6
0.7502500000000001	-21.92211797541132	-2.0111151144419637e-6	-21.92211797541132	-2.0111151144419637e-6
0.7505	-21.87245054397936	-2.0018819704148427e-6	-21.87245054397936	-2.0018819704148427e-6
0.75075	-21.822967634747513	-1.992649286464143e-6	-21.822967634747513	-1.992649286464143e-6
0.751	-21.77366845488538	-1.9834910851557197e-6	-21.77366845488538	-1.9834910851557197e-6
0.75125	-21.724552129219422	-1.974326814035976e-6	-21.724552129219422	-1.974326814035976e-6
0.7515000000000001	-21.675617872007756	-1.9652313252294107e-6	-21.675617872007756	-1.9652313252294107e-6
0.75175	-21.626864837235384	-1.9561436435111546e-6	-21.626864837235384	-1.9561436435111546e-6
0.752	-21.578292175559934	-1.947098526855484e-6	-21.578292175559934	-1.947098526855484e-6
0.7522500000000001	-21.529899096391674	-1.9380844609173664e-6	-21.529899096391674	-1.9380844609173664e-6
0.7525000000000001	-21.48168487892159	-1.9291071833293927e-6	-21.48168487892159	-1.9291071833293927e-6
0.75275	-21.433648602228214	-1.9201555048198315e-6	-21.433648602228214	-1.9201555048198315e-6
0.753	-21.385789485082462	-1.911239758456418e-6	-21.385789485082462	-1.911239758456418e-6
0.75325	-21.338106862538883	-1.902345138304895e-6	-21.338106862538883	-1.902345138304895e-6
0.7535	-21.29059975088732	-1.8935116070650793e-6	-21.29059975088732	-1.8935116070650793e-6
0.75375	-21.24326746523263	-1.8846696665519858e-6	-21.24326746523263	-1.8846696665519858e-6
0.754	-21.196109293877782	-1.8758808053576104e-6	-21.196109293877782	-1.8758808053576104e-6
0.75425	-21.14912431925878	-1.8671284482962847e-6	-21.14912431925878	-1.8671284482962847e-6
0.7545000000000001	-21.10231186594783	-1.8583861969290183e-6	-21.10231186594783	-1.8583861969290183e-6
0.75475	-21.055671200523346	-1.8496960780822747e-6	-21.055671200523346	-1.8496960780822747e-6
0.7550000000000001	-21.009201471954494	-1.8410242965671841e-6	-21.009201471954494	-1.8410242965671841e-6
0.7552500000000001	-20.962901905430737	-1.8323674080278352e-6	-20.962901905430737	-1.8323674080278352e-6
0.7555	-20.91677186419978	-1.8237820338384836e-6	-20.91677186419978	-1.8237820338384836e-6
0.75575	-20.870810562299866	-1.815179338393591e-6	-20.870810562299866	-1.815179338393591e-6
0.756	-20.825017155702305	-1.8066334366295678e-6	-20.825017155702305	-1.8066334366295678e-6
0.75625	-20.779391042023228	-1.798116132434302e-6	-20.779391042023228	-1.798116132434302e-6
0.7565000000000001	-20.733931429831635	-1.7896172188613946e-6	-20.733931429831635	-1.7896172188613946e-6
0.75675	-20.688637536712573	-1.781152883850723e-6	-20.688637536712573	-1.781152883850723e-6
0.757	-20.643508722045215	-1.7727119576704808e-6	-20.643508722045215	-1.7727119576704808e-6
0.7572500000000001	-20.598544247084	-1.7643082017571032e-6	-20.598544247084	-1.7643082017571032e-6
0.7575000000000001	-20.553743298891323	-1.7559242575515555e-6	-20.553743298891323	-1.7559242575515555e-6
0.7577499999999999	-20.509105318110407	-1.7475695575086547e-6	-20.509105318110407	-1.7475695575086547e-6
0.758	-20.46462945796578	-1.7392514148895089e-6	-20.46462945796578	-1.7392514148895089e-6
0.75825	-20.42031509546927	-1.7309395783371428e-6	-20.42031509546927	-1.7309395783371428e-6
0.7585	-20.376161532944522	-1.7226862585317804e-6	-20.376161532944522	-1.7226862585317804e-6
0.75875	-20.332167921903174	-1.7144265704871486e-6	-20.332167921903174	-1.7144265704871486e-6
0.759	-20.288333801628912	-1.7062167145809326e-6	-20.288333801628912	-1.7062167145809326e-6
0.75925	-20.24465836250189	-1.6980118466847216e-6	-20.24465836250189	-1.6980118466847216e-6
0.7595000000000001	-20.201140885374755	-1.6898679042753884e-6	-20.201140885374755	-1.6898679042753884e-6
0.75975	-20.157780790006072	-1.6817221428766516e-6	-20.157780790006072	-1.6817221428766516e-6
0.7600000000000001	-20.11457724686456	-1.6736103845005346e-6	-20.11457724686456	-1.6736103845005346e-6
0.76025	-20.071529698862392	-1.6655152403899365e-6	-20.071529698862392	-1.6655152403899365e-6
0.7605	-20.028637489482314	-1.6574676262592902e-6	-20.028637489482314	-1.6574676262592902e-6
0.76075	-19.9858998787468	-1.6494237460307204e-6	-19.9858998787468	-1.6494237460307204e-6
0.761	-19.943316258577287	-1.6414098666928112e-6	-19.943316258577287	-1.6414098666928112e-6
0.76125	-19.900885918645866	-1.633435497083724e-6	-19.900885918645866	-1.633435497083724e-6
0.7615000000000001	-19.858608246668325	-1.625462617838025e-6	-19.858608246668325	-1.625462617838025e-6
0.76175	-19.816482588956287	-1.6175403114715436e-6	-19.816482588956287	-1.6175403114715436e-6
0.762	-19.774508293773547	-1.6096078283567294e-6	-19.774508293773547	-1.6096078283567294e-6
0.7622500000000001	-19.732684658783736	-1.6017412640678685e-6	-19.732684658783736	-1.6017412640678685e-6
0.7625000000000001	-19.69101115199401	-1.5938702322415566e-6	-19.69101115199401	-1.5938702322415566e-6
0.7627499999999999	-19.649487080546653	-1.5860268440803793e-6	-19.649487080546653	-1.5860268440803793e-6
0.763	-19.608111750069288	-1.578217535325166e-6	-19.608111750069288	-1.578217535325166e-6
0.76325	-19.566884647507568	-1.5704144562533884e-6	-19.566884647507568	-1.5704144562533884e-6
0.7635	-19.525805092916478	-1.5626520468714489e-6	-19.525805092916478	-1.5626520468714489e-6
0.76375	-19.484872392731322	-1.554909351497713e-6	-19.484872392731322	-1.554909351497713e-6
0.764	-19.44408609468911	-1.5471790710819278e-6	-19.44408609468911	-1.5471790710819278e-6
0.7642500000000001	-19.40344545935876	-1.5394753702935304e-6	-19.40344545935876	-1.5394753702935304e-6
0.7645000000000001	-19.36294983911053	-1.5318054646940027e-6	-19.36294983911053	-1.5318054646940027e-6
0.76475	-19.32259872485932	-1.524153809384643e-6	-19.32259872485932	-1.524153809384643e-6
0.7650000000000001	-19.282391519003237	-1.516502885934301e-6	-19.282391519003237	-1.516502885934301e-6
0.76525	-19.242327553029224	-1.5088985882982797e-6	-19.242327553029224	-1.5088985882982797e-6
0.7655	-19.202406209060882	-1.5013160155064043e-6	-19.202406209060882	-1.5013160155064043e-6
0.76575	-19.1626269663027	-1.4937305614637353e-6	-19.1626269663027	-1.4937305614637353e-6
0.766	-19.122989207031804	-1.4861989132697317e-6	-19.122989207031804	-1.4861989132697317e-6
0.76625	-19.083492341909388	-1.478657026154906e-6	-19.083492341909388	-1.478657026154906e-6
0.7665000000000001	-19.044135813196228	-1.4711578053550056e-6	-19.044135813196228	-1.4711578053550056e-6
0.76675	-19.00491890274793	-1.463675124213637e-6	-19.00491890274793	-1.463675124213637e-6
0.767	-18.965841230160397	-1.4562115193683667e-6	-18.965841230160397	-1.4562115193683667e-6
0.7672500000000001	-18.9269021742149	-1.4487547712604965e-6	-18.9269021742149	-1.4487547712604965e-6
0.7675	-18.88810095909844	-1.4413539304314327e-6	-18.88810095909844	-1.4413539304314327e-6
0.7677499999999999	-18.84943731527074	-1.4339267000451628e-6	-18.84943731527074	-1.4339267000451628e-6
0.768	-18.810910510537095	-1.4265571142146882e-6	-18.810910510537095	-1.4265571142146882e-6
0.76825	-18.7725199579534	-1.4191854820211347e-6	-18.7725199579534	-1.4191854820211347e-6
0.7685	-18.734265168406495	-1.4118446216571101e-6	-18.734265168406495	-1.4118446216571101e-6
0.76875	-18.69614564299765	-1.4045207148427608e-6	-18.69614564299765	-1.4045207148427608e-6
0.769	-18.658160664152806	-1.3972114381033407e-6	-18.658160664152806	-1.3972114381033407e-6
0.7692500000000001	-18.62030976901352	-1.3899153543661669e-6	-18.62030976901352	-1.3899153543661669e-6
0.7695000000000001	-18.582592496258194	-1.3826684170936687e-6	-18.582592496258194	-1.3826684170936687e-6
0.76975	-18.54500816716104	-1.3753960192985915e-6	-18.54500816716104	-1.3753960192985915e-6
0.77	-18.50755627858552	-1.3681744110982663e-6	-18.50755627858552	-1.3681744110982663e-6
0.77025	-18.470236361080566	-1.3609533784375571e-6	-18.470236361080566	-1.3609533784375571e-6
0.7705	-18.433047771164038	-1.3537719585343666e-6	-18.433047771164038	-1.3537719585343666e-6
0.77075	-18.395990064630805	-1.346571094629212e-6	-18.395990064630805	-1.346571094629212e-6
0.771	-18.359062723125778	-1.3394351459083964e-6	-18.359062723125778	-1.3394351459083964e-6
0.77125	-18.322265085655935	-1.3322699974338548e-6	-18.322265085655935	-1.3322699974338548e-6
0.7715000000000001	-18.285596816308914	-1.3251680464065885e-6	-18.285596816308914	-1.3251680464065885e-6
0.77175	-18.249057233403413	-1.31803882119641e-6	-18.249057233403413	-1.31803882119641e-6
0.772	-18.21264593103023	-1.31096596867053e-6	-18.21264593103023	-1.31096596867053e-6
0.7722500000000001	-18.17636238691502	-1.3038688528865805e-6	-18.17636238691502	-1.3038688528865805e-6
0.7725	-18.14020598006497	-1.2968395246559794e-6	-18.14020598006497	-1.2968395246559794e-6
0.7727499999999999	-18.104176329217964	-1.2897618457685667e-6	-18.104176329217964	-1.2897618457685667e-6
0.773	-18.068272865861438	-1.2827734003906244e-6	-18.068272865861438	-1.2827734003906244e-6
0.77325	-18.032495099250607	-1.2757257632500796e-6	-18.032495099250607	-1.2757257632500796e-6
0.7735	-17.996842568421343	-1.268766288475831e-6	-17.996842568421343	-1.268766288475831e-6
0.77375	-17.961314685907777	-1.2617660303249068e-6	-17.961314685907777	-1.2617660303249068e-6
0.774	-17.92591104604958	-1.2548150323254958e-6	-17.92591104604958	-1.2548150323254958e-6
0.7742500000000001	-17.89063113901171	-1.2478587496644877e-6	-17.89063113901171	-1.2478587496644877e-6
0.7745000000000001	-17.855474396629273	-1.2409257941214946e-6	-17.855474396629273	-1.2409257941214946e-6
0.7747499999999999	-17.82044047278554	-1.234018062845621e-6	-17.82044047278554	-1.234018062845621e-6
0.775	-17.78552872311678	-1.2271174281153208e-6	-17.78552872311678	-1.2271174281153208e-6
0.77525	-17.75073882179076	-1.2202058208288236e-6	-17.75073882179076	-1.2202058208288236e-6
0.7755	-17.716070244929742	-1.213356761731177e-6	-17.716070244929742	-1.213356761731177e-6
0.77575	-17.681522367753967	-1.206493242200679e-6	-17.681522367753967	-1.206493242200679e-6
0.776	-17.647094958163215	-1.199641832982934e-6	-17.647094958163215	-1.199641832982934e-6
0.77625	-17.612787412372555	-1.1928132375160772e-6	-17.612787412372555	-1.1928132375160772e-6
0.7765000000000001	-17.578599222407156	-1.1859960959981208e-6	-17.578599222407156	-1.1859960959981208e-6
0.77675	-17.544530036910757	-1.1791966141316834e-6	-17.544530036910757	-1.1791966141316834e-6
0.777	-17.510579349242033	-1.172403233162811e-6	-17.510579349242033	-1.172403233162811e-6
0.77725	-17.47674662499066	-1.165610996167743e-6	-17.47674662499066	-1.165610996167743e-6
0.7775	-17.44303154438227	-1.158867355854909e-6	-17.44303154438227	-1.158867355854909e-6
0.7777499999999999	-17.409433523156306	-1.152110104207793e-6	-17.409433523156306	-1.152110104207793e-6
0.778	-17.375952192475868	-1.145369456168055e-6	-17.375952192475868	-1.145369456168055e-6
0.77825	-17.342587075659434	-1.1386382956501961e-6	-17.342587075659434	-1.1386382956501961e-6
0.7785000000000001	-17.309337728439132	-1.1319362567263624e-6	-17.309337728439132	-1.1319362567263624e-6
0.77875	-17.276203677161362	-1.1252198550693038e-6	-17.276203677161362	-1.1252198550693038e-6
0.779	-17.243184495668558	-1.11854275353096e-6	-17.243184495668558	-1.11854275353096e-6
0.7792500000000001	-17.210279859586173	-1.1118542433408152e-6	-17.210279859586173	-1.1118542433408152e-6
0.7795000000000001	-17.17748911752222	-1.1052002895084456e-6	-17.17748911752222	-1.1052002895084456e-6
0.7797499999999999	-17.14481194497075	-1.0985313245726047e-6	-17.14481194497075	-1.0985313245726047e-6
0.78	-17.112247936781102	-1.0918931465653259e-6	-17.112247936781102	-1.0918931465653259e-6
0.78025	-17.07979666954977	-1.085265862954543e-6	-17.07979666954977	-1.085265862954543e-6
0.7805	-17.04745763111539	-1.0786349857738742e-6	-17.04745763111539	-1.0786349857738742e-6
0.78075	-17.015230435489052	-1.072037150606775e-6	-17.015230435489052	-1.072037150606775e-6
0.781	-16.983114742720883	-1.065420746293455e-6	-16.983114742720883	-1.065420746293455e-6
0.78125	-16.951109939456146	-1.058842814316563e-6	-16.951109939456146	-1.058842814316563e-6
0.7815000000000001	-16.91921583070473	-1.052256125788631e-6	-16.91921583070473	-1.052256125788631e-6
0.7817500000000001	-16.887431853962973	-1.0456978474238099e-6	-16.887431853962973	-1.0456978474238099e-6
0.782	-16.85575760505336	-1.0391201161752406e-6	-16.85575760505336	-1.0391201161752406e-6
0.78225	-16.824192777113474	-1.0325847643599673e-6	-16.824192777113474	-1.0325847643599673e-6
0.7825	-16.792736815992736	-1.0260490368452224e-6	-16.792736815992736	-1.0260490368452224e-6
0.78275	-16.76138945074145	-1.0195121182832168e-6	-16.76138945074145	-1.0195121182832168e-6
0.783	-16.730150142853873	-1.0129773837519451e-6	-16.730150142853873	-1.0129773837519451e-6
0.78325	-16.699018591901154	-1.0064722602010079e-6	-16.699018591901154	-1.0064722602010079e-6
0.7835000000000001	-16.667994460275914	-9.999709300601012e-7	-16.667994460275914	-9.999709300601012e-7
0.7837500000000001	-16.637077084091896	-9.934849254378264e-7	-16.637077084091896	-9.934849254378264e-7
0.784	-16.60626627839216	-9.869819885821585e-7	-16.60626627839216	-9.869819885821585e-7
0.7842500000000001	-16.575561732701527	-9.805060585676983e-7	-16.575561732701527	-9.805060585676983e-7
0.7845	-16.544962833836742	-9.740530071411513e-7	-16.544962833836742	-9.740530071411513e-7
0.78475	-16.514469274828045	-9.675691376997975e-7	-16.514469274828045	-9.675691376997975e-7
0.785	-16.484080725417623	-9.61128169052472e-7	-16.484080725417623	-9.61128169052472e-7
0.78525	-16.453796732047483	-9.54677013886851e-7	-16.453796732047483	-9.54677013886851e-7
0.7855	-16.42361700732027	-9.482261660309632e-7	-16.42361700732027	-9.482261660309632e-7
0.7857500000000001	-16.393540989608407	-9.418164834684717e-7	-16.393540989608407	-9.418164834684717e-7
0.786	-16.36356848414037	-9.353798766653654e-7	-16.36356848414037	-9.353798766653654e-7
0.78625	-16.333699075547845	-9.289632085796029e-7	-16.333699075547845	-9.289632085796029e-7
0.7865000000000001	-16.30393226029722	-9.225491943709585e-7	-16.30393226029722	-9.225491943709585e-7
0.7867500000000001	-16.27426782761592	-9.161620999620368e-7	-16.27426782761592	-9.161620999620368e-7
0.7869999999999999	-16.24470534611698	-9.097369542132583e-7	-16.24470534611698	-9.097369542132583e-7
0.78725	-16.215244408815295	-9.033621060083874e-7	-16.215244408815295	-9.033621060083874e-7
0.7875	-16.18588466505348	-8.969648259693486e-7	-16.18588466505348	-8.969648259693486e-7
0.78775	-16.15662589050443	-8.905959711924538e-7	-16.15662589050443	-8.905959711924538e-7
0.788	-16.127467449000903	-8.842203218506484e-7	-16.127467449000903	-8.842203218506484e-7
0.78825	-16.098409180465858	-8.778486053628853e-7	-16.098409180465858	-8.778486053628853e-7
0.7885000000000001	-16.069450770383572	-8.71475233310548e-7	-16.069450770383572	-8.71475233310548e-7
0.7887500000000001	-16.040591592988726	-8.651340079879333e-7	-16.040591592988726	-8.651340079879333e-7
0.789	-16.011831668379074	-8.587732196474462e-7	-16.011831668379074	-8.587732196474462e-7
0.7892500000000001	-15.983170311636645	-8.524286592148655e-7	-15.983170311636645	-8.524286592148655e-7
0.7895	-15.95460730750685	-8.460755465122816e-7	-15.95460730750685	-8.460755465122816e-7
0.78975	-15.926142435116365	-8.397502551105163e-7	-15.926142435116365	-8.397502551105163e-7
0.79	-15.897775089392304	-8.33406624600741e-7	-15.897775089392304	-8.33406624600741e-7
0.79025	-15.869505087025317	-8.270714593194839e-7	-15.869505087025317	-8.270714593194839e-7
0.7905	-15.841332100230435	-8.207495776346718e-7	-15.841332100230435	-8.207495776346718e-7
0.7907500000000001	-15.813255706289626	-8.144315186697781e-7	-15.813255706289626	-8.144315186697781e-7
0.791	-15.785275630307437	-8.081097409018412e-7	-15.785275630307437	-8.081097409018412e-7
0.79125	-15.757391458989765	-8.017951484973196e-7	-15.757391458989765	-8.017951484973196e-7
0.7915000000000001	-15.729602940123815	-7.954722089920097e-7	-15.729602940123815	-7.954722089920097e-7
0.7917500000000001	-15.701909752014847	-7.891749413957427e-7	-15.701909752014847	-7.891749413957427e-7
0.7919999999999999	-15.674311446712	-7.828647063945482e-7	-15.674311446712	-7.828647063945482e-7
0.79225	-15.646807752980935	-7.765611096388625e-7	-15.646807752980935	-7.765611096388625e-7
0.7925	-15.619398438952235	-7.702474880133536e-7	-15.619398438952235	-7.702474880133536e-7
0.7927500000000001	-15.592083033680382	-7.63969446815338e-7	-15.592083033680382	-7.63969446815338e-7
0.793	-15.564861283235143	-7.576563296751715e-7	-15.564861283235143	-7.576563296751715e-7
0.79325	-15.53773291450201	-7.513760493793598e-7	-15.53773291450201	-7.513760493793598e-7
0.7935000000000001	-15.510697433796448	-7.450660097774175e-7	-15.510697433796448	-7.450660097774175e-7
0.7937500000000001	-15.48375476875058	-7.387875813336109e-7	-15.48375476875058	-7.387875813336109e-7
0.794	-15.456904369911484	-7.324897977056821e-7	-15.456904369911484	-7.324897977056821e-7
0.79425	-15.430146069974365	-7.262049885881083e-7	-15.430146069974365	-7.262049885881083e-7
0.7945	-15.40347953636493	-7.199197975538141e-7	-15.40347953636493	-7.199197975538141e-7
0.79475	-15.376904377274162	-7.136253428186023e-7	-15.376904377274162	-7.136253428186023e-7
0.795	-15.35042038509212	-7.073464782791916e-7	-15.35042038509212	-7.073464782791916e-7
0.79525	-15.324027122318	-7.010596938528124e-7	-15.324027122318	-7.010596938528124e-7
0.7955	-15.297724463284213	-6.947715540661648e-7	-15.297724463284213	-6.947715540661648e-7
0.7957500000000001	-15.27151195647735	-6.884917036487082e-7	-15.27151195647735	-6.884917036487082e-7
0.796	-15.245389378965005	-6.821993450145669e-7	-15.245389378965005	-6.821993450145669e-7
0.79625	-15.21935631400162	-6.759254009836013e-7	-15.21935631400162	-6.759254009836013e-7
0.7965000000000001	-15.19341260202147	-6.696305563380633e-7	-15.19341260202147	-6.696305563380633e-7
0.79675	-15.167557941814898	-6.633519493703943e-7	-15.167557941814898	-6.633519493703943e-7
0.7969999999999999	-15.14179188084274	-6.570556285723228e-7	-15.14179188084274	-6.570556285723228e-7
0.79725	-15.116114269570229	-6.507808247846469e-7	-15.116114269570229	-6.507808247846469e-7
0.7975	-15.090524785056575	-6.444782378878244e-7	-15.090524785056575	-6.444782378878244e-7
0.7977500000000001	-15.065023124563252	-6.381980988123814e-7	-15.065023124563252	-6.381980988123814e-7
0.798	-15.03960898369693	-6.319012078037645e-7	-15.03960898369693	-6.319012078037645e-7
0.79825	-15.014282099597743	-6.256046063413123e-7	-15.014282099597743	-6.256046063413123e-7
0.7985000000000001	-14.98904215813049	-6.193199677539951e-7	-14.98904215813049	-6.193199677539951e-7
0.7987500000000001	-14.963888877030447	-6.130210836730043e-7	-14.963888877030447	-6.130210836730043e-7
0.799	-14.938822058985261	-6.067100337681097e-7	-14.938822058985261	-6.067100337681097e-7
0.79925	-14.913841292902111	-6.004241726031978e-7	-14.913841292902111	-6.004241726031978e-7
0.7995	-14.888946346111377	-5.941102094730866e-7	-14.888946346111377	-5.941102094730866e-7
0.79975	-14.864137005624796	-5.878071860365708e-7	-14.864137005624796	-5.878071860365708e-7
0.8	-14.839412878949888	-5.814933565773117e-7	-14.839412878949888	-5.814933565773117e-7
0.80025	-14.814773801271324	-5.75180469475356e-7	-14.814773801271324	-5.75180469475356e-7
0.8005	-14.790219441538921	-5.688631881106687e-7	-14.790219441538921	-5.688631881106687e-7
0.8007500000000001	-14.765749539298662	-5.625516763529959e-7	-14.765749539298662	-5.625516763529959e-7
0.801	-14.741363804954657	-5.56218892278082e-7	-14.741363804954657	-5.56218892278082e-7
0.80125	-14.717061972983563	-5.498960673477882e-7	-14.717061972983563	-5.498960673477882e-7
0.8015000000000001	-14.692843861150905	-5.435569812028973e-7	-14.692843861150905	-5.435569812028973e-7
0.80175	-14.668709090410701	-5.372306453033104e-7	-14.668709090410701	-5.372306453033104e-7
0.8019999999999999	-14.644657375020584	-5.3087814322339e-7	-14.644657375020584	-5.3087814322339e-7
0.80225	-14.620688607236303	-5.245360821248823e-7	-14.620688607236303	-5.245360821248823e-7
0.8025	-14.596802442830969	-5.181883619975736e-7	-14.596802442830969	-5.181883619975736e-7
0.8027500000000001	-14.572998551516084	-5.118313803897934e-7	-14.572998551516084	-5.118313803897934e-7
0.803	-14.549276756704982	-5.054619554023532e-7	-14.549276756704982	-5.054619554023532e-7
0.80325	-14.525636790060148	-4.991051194558338e-7	-14.525636790060148	-4.991051194558338e-7
0.8035000000000001	-14.502078395498375	-4.927319445791056e-7	-14.502078395498375	-4.927319445791056e-7
0.8037500000000001	-14.478601330355705	-4.863554043943452e-7	-14.478601330355705	-4.863554043943452e-7
0.8039999999999999	-14.455205329695966	-4.799638353425451e-7	-14.455205329695966	-4.799638353425451e-7
0.80425	-14.43189010080748	-4.735763474705834e-7	-14.43189010080748	-4.735763474705834e-7
0.8045	-14.408655406248716	-4.671791988819507e-7	-14.408655406248716	-4.671791988819507e-7
0.80475	-14.385501108716786	-4.607781916021736e-7	-14.385501108716786	-4.607781916021736e-7
0.805	-14.362426862867988	-4.5435833717633045e-7	-14.362426862867988	-4.5435833717633045e-7
0.80525	-14.339432387508706	-4.4794996867381087e-7	-14.339432387508706	-4.4794996867381087e-7
0.8055	-14.316517533000164	-4.4151974476491773e-7	-14.316517533000164	-4.4151974476491773e-7
0.8057500000000001	-14.29368201681806	-4.3509728220314514e-7	-14.29368201681806	-4.3509728220314514e-7
0.806	-14.270925569211983	-4.2863329818843e-7	-14.270925569211983	-4.2863329818843e-7
0.80625	-14.248248040989223	-4.2219907436802373e-7	-14.248248040989223	-4.2219907436802373e-7
0.8065	-14.225649047286607	-4.1574397968702215e-7	-14.225649047286607	-4.1574397968702215e-7
0.80675	-14.20312846949781	-4.092787477816273e-7	-14.20312846949781	-4.092787477816273e-7
0.807	-14.180686126172313	-4.027929341177128e-7	-14.180686126172313	-4.027929341177128e-7
0.80725	-14.158321577995805	-3.9631951098684226e-7	-14.158321577995805	-3.9631951098684226e-7
0.8075	-14.136034769713673	-3.89830788094514e-7	-14.136034769713673	-3.89830788094514e-7
0.8077500000000001	-14.113825428477222	-3.8332892327019863e-7	-14.113825428477222	-3.8332892327019863e-7
0.808	-14.09169327237115	-3.768157759154178e-7	-14.09169327237115	-3.768157759154178e-7
0.80825	-14.069638169707336	-3.7029577759639665e-7	-14.069638169707336	-3.7029577759639665e-7
0.8085000000000001	-14.04765979484749	-3.63767433952944e-7	-14.04765979484749	-3.63767433952944e-7
0.8087500000000001	-14.025757935147412	-3.572255149464354e-7	-14.025757935147412	-3.572255149464354e-7
0.8089999999999999	-14.00393250790467	-3.5067550108180967e-7	-14.00393250790467	-3.5067550108180967e-7
0.80925	-13.982183067204348	-3.441158291650481e-7	-13.982183067204348	-3.441158291650481e-7
0.8095	-13.960509563934618	-3.3754328754298513e-7	-13.960509563934618	-3.3754328754298513e-7
0.80975	-13.93891171416401	-3.3096334339788314e-7	-13.93891171416401	-3.3096334339788314e-7
0.81	-13.917389285226914	-3.2436917063449755e-7	-13.917389285226914	-3.2436917063449755e-7
0.81025	-13.895942096005587	-3.1776150688500593e-7	-13.895942096005587	-3.1776150688500593e-7
0.8105	-13.874569903897202	-3.1114864595949143e-7	-13.874569903897202	-3.1114864595949143e-7
0.8107500000000001	-13.85327256301075	-3.045199545859134e-7	-13.85327256301075	-3.045199545859134e-7
0.811	-13.832049705431768	-2.9787292921135133e-7	-13.832049705431768	-2.9787292921135133e-7
0.8112499999999999	-13.810901280606076	-2.912333256777089e-7	-13.810901280606076	-2.912333256777089e-7
0.8115	-13.78982702121543	-2.8455714184971725e-7	-13.78982702121543	-2.8455714184971725e-7
0.81175	-13.768826680326868	-2.778838776862358e-7	-13.768826680326868	-2.778838776862358e-7
0.812	-13.747900112417383	-2.7118931145153624e-7	-13.747900112417383	-2.7118931145153624e-7
0.81225	-13.727047073681414	-2.6449045176235586e-7	-13.727047073681414	-2.6449045176235586e-7
0.8125	-13.706267341218755	-2.577702100658996e-7	-13.706267341218755	-2.577702100658996e-7
0.8127500000000001	-13.685560788267159	-2.510388643628403e-7	-13.685560788267159	-2.510388643628403e-7
0.8130000000000001	-13.664927113334393	-2.4429394418490347e-7	-13.664927113334393	-2.4429394418490347e-7
0.81325	-13.644366176192323	-2.3753868250153687e-7	-13.644366176192323	-2.3753868250153687e-7
0.8135000000000001	-13.623877758110423	-2.3076176414171812e-7	-13.623877758110423	-2.3076176414171812e-7
0.81375	-13.603461711114832	-2.2397538956830942e-7	-13.603461711114832	-2.2397538956830942e-7
0.814	-13.583117722701715	-2.1717288589684358e-7	-13.583117722701715	-2.1717288589684358e-7
0.81425	-13.562845729008512	-2.1035728847706991e-7	-13.562845729008512	-2.1035728847706991e-7
0.8145	-13.542645456918649	-2.0352296292713845e-7	-13.542645456918649	-2.0352296292713845e-7
0.81475	-13.522516695899867	-1.966709737288852e-7	-13.522516695899867	-1.966709737288852e-7
0.8150000000000001	-13.502459309479695	-1.8981055949218728e-7	-13.502459309479695	-1.8981055949218728e-7
0.81525	-13.482473120149526	-1.829338034387007e-7	-13.482473120149526	-1.829338034387007e-7
0.8155	-13.462557841126754	-1.760295900155029e-7	-13.462557841126754	-1.760295900155029e-7
0.8157500000000001	-13.442713400223628	-1.6912335953911395e-7	-13.442713400223628	-1.6912335953911395e-7
0.8160000000000001	-13.42293951413624	-1.6219099374659152e-7	-13.42293951413624	-1.6219099374659152e-7
0.8162499999999999	-13.403236037463623	-1.5524576968406478e-7	-13.403236037463623	-1.5524576968406478e-7
0.8165	-13.383602840333777	-1.4827736316558315e-7	-13.383602840333777	-1.4827736316558315e-7
0.81675	-13.364039642432306	-1.4130091563480107e-7	-13.364039642432306	-1.4130091563480107e-7
0.8170000000000001	-13.344546283599817	-1.3430041012618688e-7	-13.344546283599817	-1.3430041012618688e-7
0.81725	-13.325122618815405	-1.272831249288231e-7	-13.325122618815405	-1.272831249288231e-7
0.8175	-13.30576849003182	-1.202547118550612e-7	-13.30576849003182	-1.202547118550612e-7
0.8177500000000001	-13.286483664284894	-1.1319539061638295e-7	-13.286483664284894	-1.1319539061638295e-7
0.8180000000000001	-13.267267937991177	-1.0612433476442362e-7	-13.267267937991177	-1.0612433476442362e-7
0.81825	-13.248121222287804	-9.903012698764257e-8	-13.248121222287804	-9.903012698764257e-8
0.8185000000000001	-13.229043279639814	-9.192141059433112e-8	-13.229043279639814	-9.192141059433112e-8
0.81875	-13.210033963998756	-8.479336921496383e-8	-13.210033963998756	-8.479336921496383e-8
0.819	-13.191093076545934	-7.764298459722596e-8	-13.191093076545934	-7.764298459722596e-8
0.81925	-13.172220475133438	-7.047292582829101e-8	-13.172220475133438	-7.047292582829101e-8
0.8195	-13.153415989438031	-6.328480484096843e-8	-13.153415989438031	-6.328480484096843e-8
0.81975	-13.134679401127778	-5.6069755505205876e-8	-13.134679401127778	-5.6069755505205876e-8
0.8200000000000001	-13.116010629605098	-4.884490262258012e-8	-13.116010629605098	-4.884490262258012e-8
0.82025	-13.097409393398916	-4.158780381180449e-8	-13.097409393398916	-4.158780381180449e-8
0.8205	-13.078875650634066	-3.4319409786265354e-8	-13.078875650634066	-3.4319409786265354e-8
0.8207500000000001	-13.06040912996118	-2.7018244475041087e-8	-13.06040912996118	-2.7018244475041087e-8
0.821	-13.042009747934074	-1.970381173499458e-8	-13.042009747934074	-1.970381173499458e-8
0.82125	-13.023677295305744	-1.2369456944827384e-8	-13.023677295305744	-1.2369456944827384e-8
0.8215	-13.005411629161118	-5.003266866782097e-9	-13.005411629161118	-5.003266866782097e-9
0.82175	-12.987212588101537	2.385359351014804e-9	-12.987212588101537	2.385359351014804e-9
0.8220000000000001	-12.969079994319388	9.783802178142675e-9	-12.969079994319388	9.783802178142675e-9
0.82225	-12.951013764063418	1.722116700630938e-8	-12.951013764063418	1.722116700630938e-8
0.8225	-12.933013609539918	2.4670805259807693e-8	-12.933013609539918	2.4670805259807693e-8
0.8227500000000001	-12.915079500948966	3.215338253981237e-8	-12.915079500948966	3.215338253981237e-8
0.8230000000000001	-12.897211239946621	3.964826691960077e-8	-12.897211239946621	3.964826691960077e-8
0.82325	-12.87940863445227	4.718212354148932e-8	-12.87940863445227	4.718212354148932e-8
0.8235	-12.861671556617221	5.472822289798174e-8	-12.861671556617221	5.472822289798174e-8
0.82375	-12.843999938247494	6.230456994771316e-8	-12.843999938247494	6.230456994771316e-8
0.824	-12.826393525501356	6.99054437114377e-8	-12.826393525501356	6.99054437114377e-8
0.82425	-12.808852127116193	7.753446745750736e-8	-12.808852127116193	7.753446745750736e-8
0.8245	-12.791375785364409	8.518598926254839e-8	-12.791375785364409	8.518598926254839e-8
0.82475	-12.773964195378127	9.28642750475106e-8	-12.773964195378127	9.28642750475106e-8
0.8250000000000001	-12.756617246908071	1.0056942389979895e-7	-12.756617246908071	1.0056942389979895e-7
0.82525	-12.739334831531055	1.0829750285434869e-7	-12.739334831531055	1.0829750285434869e-7
0.8255	-12.722116732144345	1.16062450761234e-7	-12.722116732144345	1.16062450761234e-7
0.8257500000000001	-12.704962944560194	1.23844651533922e-7	-12.704962944560194	1.23844651533922e-7
0.826	-12.687873175829159	1.316584895549866e-7	-12.687873175829159	1.316584895549866e-7
0.82625	-12.670847354073226	1.39499008455779e-7	-12.670847354073226	1.39499008455779e-7
0.8265	-12.653885365801736	1.4737303144496394e-7	-12.653885365801736	1.4737303144496394e-7
0.82675	-12.636987058553162	1.5526926133713204e-7	-12.636987058553162	1.5526926133713204e-7
0.8270000000000001	-12.620152257912116	1.6319570772527214e-7	-12.620152257912116	1.6319570772527214e-7
0.82725	-12.6033808503054	1.7115271178091973e-7	-12.6033808503054	1.7115271178091973e-7
0.8275	-12.586672756217204	1.7913583838513603e-7	-12.586672756217204	1.7913583838513603e-7
0.8277500000000001	-12.570027766344694	1.871509474060673e-7	-12.570027766344694	1.871509474060673e-7
0.8280000000000001	-12.553445778784637	1.9520038430087538e-7	-12.553445778784637	1.9520038430087538e-7
0.82825	-12.536926658199448	2.032784016670064e-7	-12.536926658199448	2.032784016670064e-7
0.8285	-12.520470348734552	2.1138063943659802e-7	-12.520470348734552	2.1138063943659802e-7
0.82875	-12.504076520714504	2.1951991069357746e-7	-12.504076520714504	2.1951991069357746e-7
0.829	-12.487745323217046	2.2768827179220352e-7	-12.487745323217046	2.2768827179220352e-7
0.82925	-12.47147644836962	2.3588979480848593e-7	-12.47147644836962	2.3588979480848593e-7
0.8295	-12.45526970219272	2.441233488692518e-7	-12.45526970219272	2.441233488692518e-7
0.82975	-12.439125255526783	2.523883009253325e-7	-12.439125255526783	2.523883009253325e-7
0.8300000000000001	-12.423042700873554	2.6069056779931543e-7	-12.423042700873554	2.6069056779931543e-7
0.83025	-12.407021977437108	2.690166489571766e-7	-12.407021977437108	2.690166489571766e-7
0.8305	-12.39106310995583	2.773838725378397e-7	-12.39106310995583	2.773838725378397e-7
0.83075	-12.375165814969803	2.857842198444871e-7	-12.375165814969803	2.857842198444871e-7
0.831	-12.359329989501571	2.942132404371023e-7	-12.359329989501571	2.942132404371023e-7
0.83125	-12.343555678726375	3.0267861150790054e-7	-12.343555678726375	3.0267861150790054e-7
0.8315	-12.327842573420963	3.1118375409810994e-7	-12.327842573420963	3.1118375409810994e-7
0.83175	-12.31219061670133	3.197223150674944e-7	-12.31219061670133	3.197223150674944e-7
0.8320000000000001	-12.29659978372234	3.28294599505341e-7	-12.29659978372234	3.28294599505341e-7
0.83225	-12.281069832734719	3.3689789002977477e-7	-12.281069832734719	3.3689789002977477e-7
0.8325	-12.265600706414693	3.455477073366353e-7	-12.265600706414693	3.455477073366353e-7
0.8327500000000001	-12.250192349443942	3.5422271782437065e-7	-12.250192349443942	3.5422271782437065e-7
0.8330000000000001	-12.234844583730565	3.629413978245566e-7	-12.234844583730565	3.629413978245566e-7
0.8332499999999999	-12.219557299634895	3.716962666544532e-7	-12.219557299634895	3.716962666544532e-7
0.8335	-12.204330383640114	3.8049820449970184e-7	-12.204330383640114	3.8049820449970184e-7
0.83375	-12.189163817547058	3.8930823809124604e-7	-12.189163817547058	3.8930823809124604e-7
0.834	-12.174057437465455	3.9820086339403815e-7	-12.174057437465455	3.9820086339403815e-7
0.83425	-12.159011067996685	4.070973416148149e-7	-12.159011067996685	4.070973416148149e-7
0.8345	-12.144024751472918	4.1604762701652476e-7	-12.144024751472918	4.1604762701652476e-7
0.83475	-12.12909820690772	4.250356711033021e-7	-12.12909820690772	4.250356711033021e-7
0.8350000000000001	-12.114231530865991	4.3405587923928124e-7	-12.114231530865991	4.3405587923928124e-7
0.83525	-12.099424544007388	4.4313096392301077e-7	-12.099424544007388	4.4313096392301077e-7
0.8355	-12.08467703347846	4.5222922517851316e-7	-12.08467703347846	4.5222922517851316e-7
0.83575	-12.069989057461505	4.6137610176799626e-7	-12.069989057461505	4.6137610176799626e-7
0.836	-12.055360452808022	4.705720630937549e-7	-12.055360452808022	4.705720630937549e-7
0.83625	-12.040791178012887	4.798032811059727e-7	-12.040791178012887	4.798032811059727e-7
0.8365	-12.02628103905751	4.890763638520923e-7	-12.02628103905751	4.890763638520923e-7
0.83675	-12.01182998834016	4.983889279053244e-7	-12.01182998834016	4.983889279053244e-7
0.8370000000000001	-11.997438020295931	5.07760810730673e-7	-11.997438020295931	5.07760810730673e-7
0.83725	-11.98310490685791	5.171502941436756e-7	-11.98310490685791	5.171502941436756e-7
0.8375	-11.968830625392961	5.265996430026121e-7	-11.968830625392961	5.265996430026121e-7
0.8377500000000001	-11.95461512302445	5.360896344619448e-7	-11.95461512302445	5.360896344619448e-7
0.838	-11.940458207553856	5.45627536041593e-7	-11.940458207553856	5.45627536041593e-7
0.8382499999999999	-11.926359887388928	5.552129103136849e-7	-11.926359887388928	5.552129103136849e-7
0.8385	-11.912320055972671	5.648338361474714e-7	-11.912320055972671	5.648338361474714e-7
0.83875	-11.898338620522704	5.744993263334663e-7	-11.898338620522704	5.744993263334663e-7
0.839	-11.884415467150484	5.842275956347009e-7	-11.884415467150484	5.842275956347009e-7
0.83925	-11.870550553105726	5.939901916995893e-7	-11.870550553105726	5.939901916995893e-7
0.8395	-11.856743780549843	6.037997661856309e-7	-11.856743780549843	6.037997661856309e-7
0.83975	-11.842995080645466	6.136512729071342e-7	-11.842995080645466	6.136512729071342e-7
0.8400000000000001	-11.829304400072967	6.235817062716364e-7	-11.829304400072967	6.235817062716364e-7
0.84025	-11.815671582126345	6.33521007209481e-7	-11.815671582126345	6.33521007209481e-7
0.8405	-11.802096606375848	6.435357584599899e-7	-11.802096606375848	6.435357584599899e-7
0.84075	-11.788579383143146	6.535791721162809e-7	-11.788579383143146	6.535791721162809e-7
0.841	-11.775119869145072	6.636923286507113e-7	-11.775119869145072	6.636923286507113e-7
0.84125	-11.761717941068735	6.738437461351054e-7	-11.761717941068735	6.738437461351054e-7
0.8415	-11.748373552790893	6.840514514827589e-7	-11.748373552790893	6.840514514827589e-7
0.84175	-11.735086621018054	6.943071699794245e-7	-11.735086621018054	6.943071699794245e-7
0.8420000000000001	-11.721857112589252	7.046180647840572e-7	-11.721857112589252	7.046180647840572e-7
0.84225	-11.708684910490984	7.149757230706655e-7	-11.708684910490984	7.149757230706655e-7
0.8425	-11.695569950857507	7.253878671065195e-7	-11.695569950857507	7.253878671065195e-7
0.8427500000000001	-11.682512198363705	7.358529345857789e-7	-11.682512198363705	7.358529345857789e-7
0.843	-11.669511577927437	7.463743010305279e-7	-11.669511577927437	7.463743010305279e-7
0.8432499999999999	-11.656567999670413	7.569512892047214e-7	-11.656567999670413	7.569512892047214e-7
0.8435	-11.643681392634573	7.675749067459492e-7	-11.643681392634573	7.675749067459492e-7
0.84375	-11.630851776234799	7.782616906482076e-7	-11.630851776234799	7.782616906482076e-7
0.844	-11.61807902451359	7.889913220537892e-7	-11.61807902451359	7.889913220537892e-7
0.8442500000000001	-11.605363003495961	7.997983741958592e-7	-11.605363003495961	7.997983741958592e-7
0.8445	-11.59270385532601	8.1063909718182e-7	-11.59270385532601	8.1063909718182e-7
0.84475	-11.580101296097627	8.215489799567877e-7	-11.580101296097627	8.215489799567877e-7
0.8450000000000001	-11.567555433737574	8.325172364820332e-7	-11.567555433737574	8.325172364820332e-7
0.8452500000000001	-11.55506613145979	8.435391611882892e-7	-11.55506613145979	8.435391611882892e-7
0.8455	-11.542633313150656	8.546263554620737e-7	-11.542633313150656	8.546263554620737e-7
0.84575	-11.530257079257066	8.657528631772493e-7	-11.530257079257066	8.657528631772493e-7
0.846	-11.517937153128127	8.769663448759957e-7	-11.517937153128127	8.769663448759957e-7
0.8462500000000001	-11.505673629756785	8.88224639616908e-7	-11.505673629756785	8.88224639616908e-7
0.8465	-11.493466449444531	8.995406650669224e-7	-11.493466449444531	8.995406650669224e-7
0.84675	-11.48131550248175	9.109254488492979e-7	-11.48131550248175	9.109254488492979e-7
0.8470000000000001	-11.46922078088248	9.223657810863983e-7	-11.46922078088248	9.223657810863983e-7
0.8472500000000001	-11.457182261319598	9.338772768430204e-7	-11.457182261319598	9.338772768430204e-7
0.8475	-11.445199819338022	9.454348797177659e-7	-11.445199819338022	9.454348797177659e-7
0.84775	-11.433273522423224	9.570781669410167e-7	-11.433273522423224	9.570781669410167e-7
0.848	-11.421403197385954	9.687622126719475e-7	-11.421403197385954	9.687622126719475e-7
0.84825	-11.409588890888609	9.805312712884984e-7	-11.409588890888609	9.805312712884984e-7
0.8485	-11.397830566038856	9.923495731811727e-7	-11.397830566038856	9.923495731811727e-7
0.84875	-11.386128124713748	1.0042381468622352e-6	-11.386128124713748	1.0042381468622352e-6
0.849	-11.374481581090476	1.0161965340316215e-6	-11.374481581090476	1.0161965340316215e-6
0.8492500000000001	-11.362890866641083	1.028223764798497e-6	-11.362890866641083	1.028223764798497e-6
0.8495	-11.351355931134417	1.0403022718818988e-6	-11.351355931134417	1.0403022718818988e-6
0.84975	-11.339876754710847	1.052469072782003e-6	-11.339876754710847	1.052469072782003e-6
0.8500000000000001	-11.32845336777533	1.0646844286199553e-6	-11.32845336777533	1.0646844286199553e-6
0.85025	-11.317085632882142	1.0769982630165487e-6	-11.317085632882142	1.0769982630165487e-6
0.8505	-11.305773581399892	1.089339517257315e-6	-11.305773581399892	1.089339517257315e-6
0.85075	-11.294517104744513	1.1017826953008125e-6	-11.294517104744513	1.1017826953008125e-6
0.851	-11.28331632342739	1.1142884916992557e-6	-11.28331632342739	1.1142884916992557e-6
0.8512500000000001	-11.272171067251316	1.1268665431884983e-6	-11.272171067251316	1.1268665431884983e-6
0.8515	-11.261081351225585	1.139507723735278e-6	-11.261081351225585	1.139507723735278e-6
0.85175	-11.250047200206172	1.1522316629708484e-6	-11.250047200206172	1.1522316629708484e-6
0.8520000000000001	-11.239068468252377	1.1650179789768345e-6	-11.239068468252377	1.1650179789768345e-6
0.8522500000000001	-11.228145286049072	1.1778958137753648e-6	-11.228145286049072	1.1778958137753648e-6
0.8525	-11.217277550521462	1.1908318731101986e-6	-11.217277550521462	1.1908318731101986e-6
0.85275	-11.206465160892964	1.2038434782368768e-6	-11.206465160892964	1.2038434782368768e-6
0.853	-11.195708254513736	1.2169480774204544e-6	-11.195708254513736	1.2169480774204544e-6
0.85325	-11.185006718646042	1.2301086087518343e-6	-11.185006718646042	1.2301086087518343e-6
0.8535	-11.174360568731073	1.2433455838234408e-6	-11.174360568731073	1.2433455838234408e-6
0.85375	-11.163769724383116	1.2566785470013997e-6	-11.163769724383116	1.2566785470013997e-6
0.854	-11.153234269611367	1.2700781990560017e-6	-11.153234269611367	1.2700781990560017e-6
0.8542500000000001	-11.142754135462706	1.2835589382476087e-6	-11.142754135462706	1.2835589382476087e-6
0.8545	-11.132329259709987	1.2971191480914968e-6	-11.132329259709987	1.2971191480914968e-6
0.8547500000000001	-11.121959730362418	1.310745621374565e-6	-11.121959730362418	1.310745621374565e-6
0.8550000000000001	-11.111645490126989	1.3244865568751152e-6	-11.111645490126989	1.3244865568751152e-6
0.85525	-11.101386506151648	1.3382689028063055e-6	-11.101386506151648	1.3382689028063055e-6
0.8555	-11.091182809792356	1.3521676747174638e-6	-11.091182809792356	1.3521676747174638e-6
0.85575	-11.08103435421965	1.366132011071386e-6	-11.08103435421965	1.366132011071386e-6
0.856	-11.070941183197704	1.3801654654699291e-6	-11.070941183197704	1.3801654654699291e-6
0.8562500000000001	-11.060903270561763	1.3943289536300085e-6	-11.060903270561763	1.3943289536300085e-6
0.8565	-11.050920568682521	1.4085387505247127e-6	-11.050920568682521	1.4085387505247127e-6
0.85675	-11.040993167273214	1.4228477418498642e-6	-11.040993167273214	1.4228477418498642e-6
0.8570000000000001	-11.031120960770764	1.4372244452331984e-6	-11.031120960770764	1.4372244452331984e-6
0.8572500000000001	-11.02130406220667	1.4517259376845004e-6	-11.02130406220667	1.4517259376845004e-6
0.8574999999999999	-11.011542344005663	1.4662802874099157e-6	-11.011542344005663	1.4662802874099157e-6
0.85775	-11.001835924593703	1.4809361061907111e-6	-11.001835924593703	1.4809361061907111e-6
0.858	-10.992184804059576	1.4956823255474205e-6	-10.992184804059576	1.4956823255474205e-6
0.85825	-10.982588831686371	1.5105317610064617e-6	-10.982588831686371	1.5105317610064617e-6
0.8585	-10.973048230573482	1.5254416387833203e-6	-10.973048230573482	1.5254416387833203e-6
0.85875	-10.963562897452508	1.5404730424606328e-6	-10.963562897452508	1.5404730424606328e-6
0.859	-10.95413274714789	1.5555702246317082e-6	-10.95413274714789	1.5555702246317082e-6
0.8592500000000001	-10.944758052539806	1.570785450155654e-6	-10.944758052539806	1.570785450155654e-6
0.8595	-10.93543861983364	1.5860889233110242e-6	-10.93543861983364	1.5860889233110242e-6
0.8597500000000001	-10.926174435000686	1.601476923518419e-6	-10.926174435000686	1.601476923518419e-6
0.86	-10.916965672677765	1.6169615095762424e-6	-10.916965672677765	1.6169615095762424e-6
0.86025	-10.907812241963487	1.6325481277945642e-6	-10.907812241963487	1.6325481277945642e-6
0.8605	-10.898714171887224	1.6482398175199364e-6	-10.898714171887224	1.6482398175199364e-6
0.86075	-10.8896714952208	1.6640111386578837e-6	-10.8896714952208	1.6640111386578837e-6
0.861	-10.88068428537921	1.6798973732079503e-6	-10.88068428537921	1.6798973732079503e-6
0.8612500000000001	-10.87175248385324	1.6958640411957049e-6	-10.87175248385324	1.6958640411957049e-6
0.8615	-10.862876070800876	1.711964150885592e-6	-10.862876070800876	1.711964150885592e-6
0.86175	-10.854055221094798	1.728127099198673e-6	-10.854055221094798	1.728127099198673e-6
0.8620000000000001	-10.845289889741785	1.7444188955550999e-6	-10.845289889741785	1.7444188955550999e-6
0.8622500000000001	-10.836580020238644	1.7608088160869784e-6	-10.836580020238644	1.7608088160869784e-6
0.8624999999999999	-10.82792577680215	1.7772843428076612e-6	-10.82792577680215	1.7772843428076612e-6
0.86275	-10.81932710699747	1.7938990630739227e-6	-10.81932710699747	1.7938990630739227e-6
0.863	-10.810784075417601	1.8105768599951944e-6	-10.810784075417601	1.8105768599951944e-6
0.86325	-10.802296697902424	1.82741306886669e-6	-10.802296697902424	1.82741306886669e-6
0.8635	-10.793864977248102	1.844296061648265e-6	-10.793864977248102	1.844296061648265e-6
0.86375	-10.785489015327974	1.8613415360135832e-6	-10.785489015327974	1.8613415360135832e-6
0.864	-10.77716887529482	1.8784642250579964e-6	-10.77716887529482	1.8784642250579964e-6
0.8642500000000001	-10.768904457721984	1.8957120406781769e-6	-10.768904457721984	1.8957120406781769e-6
0.8645	-10.760695905745465	1.913048953028351e-6	-10.760695905745465	1.913048953028351e-6
0.86475	-10.752543251482024	1.9305353049503537e-6	-10.752543251482024	1.9305353049503537e-6
0.865	-10.744446481300615	1.9481039039703774e-6	-10.744446481300615	1.9481039039703774e-6
0.86525	-10.73640578565842	1.965797910230549e-6	-10.73640578565842	1.965797910230549e-6
0.8655	-10.728421021432192	1.9835958209313276e-6	-10.728421021432192	1.9835958209313276e-6
0.86575	-10.720492379731581	2.001520799765899e-6	-10.720492379731581	2.001520799765899e-6
0.866	-10.712619805022376	2.019566588629118e-6	-10.712619805022376	2.019566588629118e-6
0.8662500000000001	-10.704803379561346	2.0377296205964512e-6	-10.704803379561346	2.0377296205964512e-6
0.8665	-10.69704327325668	2.0559755107285582e-6	-10.69704327325668	2.0559755107285582e-6
0.86675	-10.68933933445975	2.0743868311967617e-6	-10.68933933445975	2.0743868311967617e-6
0.8670000000000001	-10.681691775058347	2.0929088346832714e-6	-10.681691775058347	2.0929088346832714e-6
0.86725	-10.674100626976163	2.1115473263222384e-6	-10.674100626976163	2.1115473263222384e-6
0.8674999999999999	-10.666565818682304	2.13029007234411e-6	-10.666565818682304	2.13029007234411e-6
0.86775	-10.65908758583526	2.1491836648124263e-6	-10.65908758583526	2.1491836648124263e-6
0.868	-10.651665919449403	2.1681682120799906e-6	-10.651665919449403	2.1681682120799906e-6
0.86825	-10.644300871366337	2.1873435365193927e-6	-10.644300871366337	2.1873435365193927e-6
0.8685	-10.636992515913327	2.206570338003644e-6	-10.636992515913327	2.206570338003644e-6
0.86875	-10.629740846835663	2.225975350711451e-6	-10.629740846835663	2.225975350711451e-6
0.8690000000000001	-10.622546085530665	2.245469138628664e-6	-10.622546085530665	2.245469138628664e-6
0.8692500000000001	-10.615408227987333	2.2651346078816914e-6	-10.615408227987333	2.2651346078816914e-6
0.8695	-10.608327273344697	2.2849153893389484e-6	-10.608327273344697	2.2849153893389484e-6
0.86975	-10.601303347687033	2.304799142649472e-6	-10.601303347687033	2.304799142649472e-6
0.87	-10.594336582846253	2.324867910630246e-6	-10.594336582846253	2.324867910630246e-6
0.87025	-10.587427008499471	2.3450213380016294e-6	-10.587427008499471	2.3450213380016294e-6
0.8705	-10.580574676625686	2.365357595124351e-6	-10.580574676625686	2.365357595124351e-6
0.87075	-10.573779658321254	2.3857872193389085e-6	-10.573779658321254	2.3857872193389085e-6
0.871	-10.56704208907894	2.4063726034029287e-6	-10.56704208907894	2.4063726034029287e-6
0.8712500000000001	-10.560362037961685	2.427115690650794e-6	-10.560362037961685	2.427115690650794e-6
0.8715	-10.553739577737218	2.447954798867613e-6	-10.553739577737218	2.447954798867613e-6
0.87175	-10.547174783510076	2.468971565861011e-6	-10.547174783510076	2.468971565861011e-6
0.8720000000000001	-10.540667758970388	2.4901189910053745e-6	-10.540667758970388	2.4901189910053745e-6
0.87225	-10.534218581089842	2.51141655027709e-6	-10.534218581089842	2.51141655027709e-6
0.8724999999999999	-10.527827389026264	2.532833796919931e-6	-10.527827389026264	2.532833796919931e-6
0.87275	-10.521494171549563	2.554438001567405e-6	-10.521494171549563	2.554438001567405e-6
0.873	-10.515219099874852	2.5761410977764854e-6	-10.515219099874852	2.5761410977764854e-6
0.87325	-10.509002352162005	2.598039381851436e-6	-10.509002352162005	2.598039381851436e-6
0.8735	-10.502843813391129	2.620048134005515e-6	-10.502843813391129	2.620048134005515e-6
0.87375	-10.49674374493296	2.642238335681668e-6	-10.49674374493296	2.642238335681668e-6
0.8740000000000001	-10.490702239353316	2.664552257058972e-6	-10.490702239353316	2.664552257058972e-6
0.8742500000000001	-10.484719361252484	2.687052138128365e-6	-10.484719361252484	2.687052138128365e-6
0.8744999999999999	-10.47879518654685	2.7096792258873847e-6	-10.47879518654685	2.7096792258873847e-6
0.87475	-10.472929897018105	2.7324558846686386e-6	-10.472929897018105	2.7324558846686386e-6
0.875	-10.467123561896283	2.7554322130640685e-6	-10.467123561896283	2.7554322130640685e-6
0.87525	-10.461376328384898	2.778506511091905e-6	-10.461376328384898	2.778506511091905e-6
0.8755000000000001	-10.455688191547651	2.801817061026668e-6	-10.455688191547651	2.801817061026668e-6
0.87575	-10.450059436925489	2.825194991729063e-6	-10.450059436925489	2.825194991729063e-6
0.876	-10.444490055291933	2.848820297884913e-6	-10.444490055291933	2.848820297884913e-6
0.8762500000000001	-10.4389802648045	2.8725545568875077e-6	-10.4389802648045	2.8725545568875077e-6
0.8765000000000001	-10.43353009146793	2.896485312930963e-6	-10.43353009146793	2.896485312930963e-6
0.87675	-10.42813969190657	2.920566855024731e-6	-10.42813969190657	2.920566855024731e-6
0.877	-10.422809228519974	2.944817349970208e-6	-10.422809228519974	2.944817349970208e-6
0.87725	-10.417538771122432	2.969230127547462e-6	-10.417538771122432	2.969230127547462e-6
0.8775	-10.41232850507283	2.9938444257027186e-6	-10.41232850507283	2.9938444257027186e-6
0.87775	-10.407178519909078	3.0185961961137764e-6	-10.407178519909078	3.0185961961137764e-6
0.878	-10.40208899264525	3.0435258402405907e-6	-10.40208899264525	3.0435258402405907e-6
0.87825	-10.397059935207826	3.0686513987632225e-6	-10.397059935207826	3.0686513987632225e-6
0.8785000000000001	-10.392091739862693	3.093935362130651e-6	-10.392091739862693	3.093935362130651e-6
0.87875	-10.387184277843822	3.1194052994010235e-6	-10.387184277843822	3.1194052994010235e-6
0.8790000000000001	-10.382337764380916	3.1450484136996693e-6	-10.382337764380916	3.1450484136996693e-6
0.8792500000000001	-10.377552513173296	3.1708708814193187e-6	-10.377552513173296	3.1708708814193187e-6
0.8795	-10.372828381784243	3.1968934113280056e-6	-10.372828381784243	3.1968934113280056e-6
0.87975	-10.368165796088533	3.223071914248976e-6	-10.368165796088533	3.223071914248976e-6
0.88	-10.363564748217346	3.249461828502831e-6	-10.363564748217346	3.249461828502831e-6
0.88025	-10.359025417592154	3.276013329056582e-6	-10.359025417592154	3.276013329056582e-6
0.8805000000000001	-10.354547978650228	3.3027802288643215e-6	-10.354547978650228	3.3027802288643215e-6
0.88075	-10.350132523184882	3.329715299926761e-6	-10.350132523184882	3.329715299926761e-6
0.881	-10.345779369781381	3.3568613222456634e-6	-10.345779369781381	3.3568613222456634e-6
0.8812500000000001	-10.341488507564597	3.384171295195415e-6	-10.341488507564597	3.384171295195415e-6
0.8815000000000001	-10.337260177259433	3.4117063929528513e-6	-10.337260177259433	3.4117063929528513e-6
0.88175	-10.333094553739858	3.439424851592321e-6	-10.333094553739858	3.439424851592321e-6
0.882	-10.328991793471344	3.4673423741082843e-6	-10.328991793471344	3.4673423741082843e-6
0.88225	-10.324952055523969	3.495458800628626e-6	-10.324952055523969	3.495458800628626e-6
0.8825	-10.320975517180784	3.5237858693193402e-6	-10.320975517180784	3.5237858693193402e-6
0.88275	-10.317062347426685	3.5522883621297296e-6	-10.317062347426685	3.5522883621297296e-6
0.883	-10.313212819994924	3.581038273026138e-6	-10.313212819994924	3.581038273026138e-6
0.8832500000000001	-10.309426932250233	3.6099464200134435e-6	-10.309426932250233	3.6099464200134435e-6
0.8835000000000001	-10.3057049927893	3.639113142384076e-6	-10.3057049927893	3.639113142384076e-6
0.88375	-10.302047249850844	3.668443262938581e-6	-10.302047249850844	3.668443262938581e-6
0.8840000000000001	-10.298453655267092	3.6980237592132426e-6	-10.298453655267092	3.6980237592132426e-6
0.88425	-10.29492467206006	3.7277752156228416e-6	-10.29492467206006	3.7277752156228416e-6
0.8845	-10.29146038864674	3.757800133286082e-6	-10.29146038864674	3.757800133286082e-6
0.88475	-10.288060812596708	3.787984830694313e-6	-10.288060812596708	3.787984830694313e-6
0.885	-10.284726489404115	3.818420838186398e-6	-10.284726489404115	3.818420838186398e-6
0.88525	-10.281457421392842	3.849064217575915e-6	-10.281457421392842	3.849064217575915e-6
0.8855000000000001	-10.278253739380323	3.879953702323746e-6	-10.278253739380323	3.879953702323746e-6
0.88575	-10.275115853443225	3.9110331346847715e-6	-10.275115853443225	3.9110331346847715e-6
0.886	-10.272043794439062	3.942346614493886e-6	-10.272043794439062	3.942346614493886e-6
0.8862500000000001	-10.269037877791392	3.973916063770844e-6	-10.269037877791392	3.973916063770844e-6
0.8865000000000001	-10.266098289276352	4.005694266950854e-6	-10.266098289276352	4.005694266950854e-6
0.8867499999999999	-10.26322524048042	4.037704728787617e-6	-10.26322524048042	4.037704728787617e-6
0.887	-10.260418951612063	4.069938409401175e-6	-10.260418951612063	4.069938409401175e-6
0.88725	-10.257679596342363	4.102440863462675e-6	-10.257679596342363	4.102440863462675e-6
0.8875	-10.25500756974676	4.135155810658375e-6	-10.25500756974676	4.135155810658375e-6
0.88775	-10.252402895150993	4.168114303482184e-6	-10.252402895150993	4.168114303482184e-6
0.888	-10.249865861914426	4.201322550301256e-6	-10.249865861914426	4.201322550301256e-6
0.8882500000000001	-10.247396876982659	4.2347609703341504e-6	-10.247396876982659	4.2347609703341504e-6
0.8885000000000001	-10.2449959109911	4.268462831191755e-6	-10.2449959109911	4.268462831191755e-6
0.88875	-10.242663318309337	4.302391882760048e-6	-10.242663318309337	4.302391882760048e-6
0.8890000000000001	-10.240399447926464	4.336618051326013e-6	-10.240399447926464	4.336618051326013e-6
0.88925	-10.238204375567312	4.37100644390398e-6	-10.238204375567312	4.37100644390398e-6
0.8895	-10.2360784687264	4.405764592263495e-6	-10.2360784687264	4.405764592263495e-6
0.88975	-10.234021934172507	4.440684232775993e-6	-10.234021934172507	4.440684232775993e-6
0.89	-10.232034972738807	4.475918522928168e-6	-10.232034972738807	4.475918522928168e-6
0.89025	-10.23011796823424	4.511371376025863e-6	-10.23011796823424	4.511371376025863e-6
0.8905000000000001	-10.228271083876392	4.547141678301614e-6	-10.228271083876392	4.547141678301614e-6
0.89075	-10.226494610762561	4.583135112312675e-6	-10.226494610762561	4.583135112312675e-6
0.891	-10.224788855708013	4.619388366933208e-6	-10.224788855708013	4.619388366933208e-6
0.8912500000000001	-10.22315402626531	4.655978941059402e-6	-10.22315402626531	4.655978941059402e-6
0.8915000000000001	-10.221590423912396	4.692738954759079e-6	-10.221590423912396	4.692738954759079e-6
0.8917499999999999	-10.220098357004666	4.7298669691997475e-6	-10.220098357004666	4.7298669691997475e-6
0.892	-10.218678043998182	4.767229988544841e-6	-10.218678043998182	4.767229988544841e-6
0.89225	-10.2173298188821	4.8048613656703765e-6	-10.2173298188821	4.8048613656703765e-6
0.8925	-10.216053985620594	4.842803971172316e-6	-10.216053985620594	4.842803971172316e-6
0.89275	-10.214850774330586	4.881017229507734e-6	-10.214850774330586	4.881017229507734e-6
0.893	-10.2137205219238	4.919510917744674e-6	-10.2137205219238	4.919510917744674e-6
0.8932500000000001	-10.212663508846257	4.958295185986117e-6	-10.212663508846257	4.958295185986117e-6
0.8935000000000001	-10.211680050871502	4.997396480632688e-6	-10.211680050871502	4.997396480632688e-6
0.89375	-10.21077044711876	5.036761699273029e-6	-10.21077044711876	5.036761699273029e-6
0.894	-10.20993501960237	5.07641996705388e-6	-10.20993501960237	5.07641996705388e-6
0.89425	-10.20917403070192	5.11640579858863e-6	-10.20917403070192	5.11640579858863e-6
0.8945	-10.208487852292233	5.156673903883302e-6	-10.208487852292233	5.156673903883302e-6
0.89475	-10.20787684902762	5.197235452669702e-6	-10.20787684902762	5.197235452669702e-6
0.895	-10.207341188591592	5.23815788255888e-6	-10.207341188591592	5.23815788255888e-6
0.89525	-10.206881336183827	5.27929103455449e-6	-10.206881336183827	5.27929103455449e-6
0.8955000000000001	-10.20649758307401	5.320855436252714e-6	-10.20649758307401	5.320855436252714e-6
0.89575	-10.206190274811066	5.362637129024961e-6	-10.206190274811066	5.362637129024961e-6
0.896	-10.205959716150016	5.4047810991164624e-6	-10.205959716150016	5.4047810991164624e-6
0.8962500000000001	-10.205806183583595	5.44724039386324e-6	-10.205806183583595	5.44724039386324e-6
0.8965	-10.205730312821135	5.490036794952857e-6	-10.205730312821135	5.490036794952857e-6
0.8967499999999999	-10.205732119407243	5.533117608536031e-6	-10.205732119407243	5.533117608536031e-6
0.897	-10.205812068572623	5.576559278352988e-6	-10.205812068572623	5.576559278352988e-6
0.89725	-10.20597066103758	5.620333844547076e-6	-10.20597066103758	5.620333844547076e-6
0.8975000000000001	-10.206207965276203	5.664426488749541e-6	-10.206207965276203	5.664426488749541e-6
0.89775	-10.206524735320274	5.708861994691006e-6	-10.206524735320274	5.708861994691006e-6
0.898	-10.206921001133605	5.753649048756415e-6	-10.206921001133605	5.753649048756415e-6
0.8982500000000001	-10.207397301302716	5.798741533169505e-6	-10.207397301302716	5.798741533169505e-6
0.8985000000000001	-10.20795400519615	5.8442566910343885e-6	-10.20795400519615	5.8442566910343885e-6
0.89875	-10.208591408372197	5.89001801998279e-6	-10.208591408372197	5.89001801998279e-6
0.899	-10.209310092542658	5.936229598546561e-6	-10.209310092542658	5.936229598546561e-6
0.89925	-10.21011020714436	5.982694105455266e-6	-10.21011020714436	5.982694105455266e-6
0.8995	-10.210992351326272	6.029635716942039e-6	-10.210992351326272	6.029635716942039e-6
0.89975	-10.211956820613558	6.076858142023411e-6	-10.211956820613558	6.076858142023411e-6
0.9	-10.21300402054419	6.1244312519193045e-6	-10.21300402054419	6.1244312519193045e-6
0.90025	-10.214134453011093	6.172426203931991e-6	-10.214134453011093	6.172426203931991e-6
0.9005000000000001	-10.215348401656156	6.220795945921509e-6	-10.215348401656156	6.220795945921509e-6
0.90075	-10.21664646259136	6.269458435070874e-6	-10.21664646259136	6.269458435070874e-6
0.901	-10.218028822289668	6.318590898501952e-6	-10.218028822289668	6.318590898501952e-6
0.90125	-10.219496127026321	6.368035887049928e-6	-10.219496127026321	6.368035887049928e-6
0.9015	-10.2210487577574	6.417932496560752e-6	-10.2210487577574	6.417932496560752e-6
0.9017499999999999	-10.222687025044877	6.4681235762975575e-6	-10.222687025044877	6.4681235762975575e-6
0.902	-10.224411580979705	6.518822562640025e-6	-10.224411580979705	6.518822562640025e-6
0.90225	-10.226222706787631	6.569778538079163e-6	-10.226222706787631	6.569778538079163e-6
0.9025000000000001	-10.22812100069181	6.621253874072863e-6	-10.22812100069181	6.621253874072863e-6
0.90275	-10.230106733031503	6.673083184693951e-6	-10.230106733031503	6.673083184693951e-6
0.903	-10.232180526630355	6.725282425179557e-6	-10.232180526630355	6.725282425179557e-6
0.9032500000000001	-10.234342917454134	6.777914688171904e-6	-10.234342917454134	6.777914688171904e-6
0.9035000000000001	-10.236594108491825	6.831033847021217e-6	-10.236594108491825	6.831033847021217e-6
0.9037499999999999	-10.238934805512166	6.884386486660787e-6	-10.238934805512166	6.884386486660787e-6
0.904	-10.24136545717966	6.93835974274748e-6	-10.24136545717966	6.93835974274748e-6
0.90425	-10.243886498322052	6.99262425030156e-6	-10.243886498322052	6.99262425030156e-6
0.9045	-10.24649852796574	7.047352731603951e-6	-10.24649852796574	7.047352731603951e-6
0.90475	-10.249201881135113	7.102515482415583e-6	-10.249201881135113	7.102515482415583e-6
0.905	-10.251997255604131	7.158126795303588e-6	-10.251997255604131	7.158126795303588e-6
0.90525	-10.2548850550536	7.214120298471016e-6	-10.2548850550536	7.214120298471016e-6
0.9055000000000001	-10.257865781124224	7.270626632305266e-6	-10.257865781124224	7.270626632305266e-6
0.90575	-10.260940043450441	7.327510193277931e-6	-10.260940043450441	7.327510193277931e-6
0.906	-10.26410833868094	7.384901579143843e-6	-10.26410833868094	7.384901579143843e-6
0.90625	-10.267371205675397	7.4426788003734146e-6	-10.267371205675397	7.4426788003734146e-6
0.9065	-10.270729163585532	7.500984967379054e-6	-10.270729163585532	7.500984967379054e-6
0.90675	-10.274182775368553	7.559719289673694e-6	-10.274182775368553	7.559719289673694e-6
0.907	-10.277732615127825	7.6188981097402575e-6	-10.277732615127825	7.6188981097402575e-6
0.90725	-10.281379276832476	7.678566806390563e-6	-10.281379276832476	7.678566806390563e-6
0.9075000000000001	-10.285123190720082	7.738720579908431e-6	-10.285123190720082	7.738720579908431e-6
0.9077500000000001	-10.288965068399163	7.79933086292317e-6	-10.288965068399163	7.79933086292317e-6
0.908	-10.292905558367009	7.860438071105591e-6	-10.292905558367009	7.860438071105591e-6
0.9082500000000001	-10.296944995970106	7.921975921476587e-6	-10.296944995970106	7.921975921476587e-6
0.9085000000000001	-10.301084179730605	7.98411002733701e-6	-10.301084179730605	7.98411002733701e-6
0.90875	-10.305323670725475	8.046645270098907e-6	-10.305323670725475	8.046645270098907e-6
0.909	-10.30966401069929	8.109718947935107e-6	-10.30966401069929	8.109718947935107e-6
0.90925	-10.314105951751024	8.173269907985059e-6	-10.314105951751024	8.173269907985059e-6
0.9095	-10.318649956904927	8.237388055221118e-6	-10.318649956904927	8.237388055221118e-6
0.9097500000000001	-10.323296743319862	8.301947101330143e-6	-10.323296743319862	8.301947101330143e-6
0.91	-10.328046910231464	8.36706286122535e-6	-10.328046910231464	8.36706286122535e-6
0.91025	-10.33290114652058	8.432649160283745e-6	-10.33290114652058	8.432649160283745e-6
0.9105000000000001	-10.3378600707666	8.498880657015206e-6	-10.3378600707666	8.498880657015206e-6
0.9107500000000001	-10.342924388654957	8.565487416234419e-6	-10.342924388654957	8.565487416234419e-6
0.9109999999999999	-10.348094678123559	8.63274859952412e-6	-10.348094678123559	8.63274859952412e-6
0.91125	-10.353371593634195	8.700499591896005e-6	-10.353371593634195	8.700499591896005e-6
0.9115	-10.358755974843566	8.768767909117514e-6	-10.358755974843566	8.768767909117514e-6
0.9117500000000001	-10.364248381863296	8.83768101900273e-6	-10.364248381863296	8.83768101900273e-6
0.912	-10.369849539257599	8.907033976157663e-6	-10.369849539257599	8.907033976157663e-6
0.91225	-10.375560125462995	8.97702774338427e-6	-10.375560125462995	8.97702774338427e-6
0.9125000000000001	-10.381380932672105	9.04756131703266e-6	-10.381380932672105	9.04756131703266e-6
0.9127500000000001	-10.387312546285003	9.118652091189006e-6	-10.387312546285003	9.118652091189006e-6
0.913	-10.393355816973111	9.190338396081188e-6	-10.393355816973111	9.190338396081188e-6
0.9132500000000001	-10.399511424588992	9.262559238720769e-6	-10.399511424588992	9.262559238720769e-6
0.9135	-10.40578012321982	9.33546398940166e-6	-10.40578012321982	9.33546398940166e-6
0.91375	-10.41216262545339	9.408821714629312e-6	-10.41216262545339	9.408821714629312e-6
0.914	-10.418659805189517	9.48292172253673e-6	-10.418659805189517	9.48292172253673e-6
0.91425	-10.425272280647263	9.557482346878032e-6	-10.425272280647263	9.557482346878032e-6
0.9145	-10.432000908972185	9.632748298571414e-6	-10.432000908972185	9.632748298571414e-6
0.9147500000000001	-10.438846504283408	9.708614403081128e-6	-10.438846504283408	9.708614403081128e-6
0.915	-10.445809806165697	9.785045158139383e-6	-10.445809806165697	9.785045158139383e-6
0.91525	-10.452891618572682	9.86217191467631e-6	-10.452891618572682	9.86217191467631e-6
0.9155000000000001	-10.460092798242473	9.939807419812041e-6	-10.460092798242473	9.939807419812041e-6
0.9157500000000001	-10.467414160126776	1.001826549895668e-5	-10.467414160126776	1.001826549895668e-5
0.9159999999999999	-10.474856448954437	1.0097181231571994e-5	-10.474856448954437	1.0097181231571994e-5
0.91625	-10.482420665976981	1.0176836386932564e-5	-10.482420665976981	1.0176836386932564e-5
0.9165	-10.49010751354641	1.0257126028534458e-5	-10.49010751354641	1.0257126028534458e-5
0.9167500000000001	-10.497917897461885	1.0338095599138342e-5	-10.497917897461885	1.0338095599138342e-5
0.917	-10.50585270485339	1.041968292980755e-5	-10.50585270485339	1.041968292980755e-5
0.91725	-10.51391286392467	1.0501929629924689e-5	-10.51391286392467	1.0501929629924689e-5
0.9175000000000001	-10.522099144274533	1.0584966666726814e-5	-10.522099144274533	1.0584966666726814e-5
0.9177500000000001	-10.530412579635804	1.0668526353896368e-5	-10.530412579635804	1.0668526353896368e-5
0.918	-10.538853924355767	1.0752922378287622e-5	-10.538853924355767	1.0752922378287622e-5
0.9182500000000001	-10.547424181814048	1.0837874981461937e-5	-10.547424181814048	1.0837874981461937e-5
0.9185	-10.556124428249754	1.0923631084125418e-5	-10.556124428249754	1.0923631084125418e-5
0.91875	-10.564955315099722	1.1010112597631405e-5	-10.564955315099722	1.1010112597631405e-5
0.919	-10.573917973683153	1.1097121280556621e-5	-10.573917973683153	1.1097121280556621e-5
0.91925	-10.583013360044971	1.1185150103898422e-5	-10.583013360044971	1.1185150103898422e-5
0.9195	-10.59224243916762	1.12735692603394e-5	-10.59224243916762	1.12735692603394e-5
0.9197500000000001	-10.601606137948371	1.1363067443426189e-5	-10.601606137948371	1.1363067443426189e-5
0.92	-10.611105540850428	1.1452979954640341e-5	-10.611105540850428	1.1452979954640341e-5
0.92025	-10.62074154725956	1.1543924461676625e-5	-10.62074154725956	1.1543924461676625e-5
0.9205000000000001	-10.630515279585023	1.1635365108730866e-5	-10.630515279585023	1.1635365108730866e-5
0.92075	-10.64042777375554	1.1727786262127893e-5	-10.64042777375554	1.1727786262127893e-5
0.9209999999999999	-10.650479908294495	1.1820872217072065e-5	-10.650479908294495	1.1820872217072065e-5
0.92125	-10.660672946246503	1.1914666856682743e-5	-10.660672946246503	1.1914666856682743e-5
0.9215	-10.671007843695632	1.2009402617252363e-5	-10.671007843695632	1.2009402617252363e-5
0.9217500000000001	-10.681485736550501	1.2104826275560754e-5	-10.681485736550501	1.2104826275560754e-5
0.922	-10.692107638951143	1.2201031090341985e-5	-10.692107638951143	1.2201031090341985e-5
0.92225	-10.702874638411906	1.2298116658371328e-5	-10.702874638411906	1.2298116658371328e-5
0.9225000000000001	-10.713788062535693	1.2395946804133473e-5	-10.713788062535693	1.2395946804133473e-5
0.9227500000000001	-10.724848821420387	1.2494645645233504e-5	-10.724848821420387	1.2494645645233504e-5
0.923	-10.736058054149144	1.2594106529206783e-5	-10.736058054149144	1.2594106529206783e-5
0.92325	-10.74741707752069	1.2694501585031048e-5	-10.74741707752069	1.2694501585031048e-5
0.9235	-10.75892694734226	1.2795618744121384e-5	-10.75892694734226	1.2795618744121384e-5
0.92375	-10.770588921191507	1.2897698468350427e-5	-10.770588921191507	1.2897698468350427e-5
0.924	-10.782404068543416	1.3000549408559436e-5	-10.782404068543416	1.3000549408559436e-5
0.92425	-10.794373735839393	1.3104325930157756e-5	-10.794373735839393	1.3104325930157756e-5
0.9245	-10.806499082035069	1.3208939954267862e-5	-10.806499082035069	1.3208939954267862e-5
0.9247500000000001	-10.818781333667653	1.3314442064427112e-5	-10.818781333667653	1.3314442064427112e-5
0.925	-10.831221857027018	1.3420886716630775e-5	-10.831221857027018	1.3420886716630775e-5
0.92525	-10.84382171187648	1.3528114251926127e-5	-10.84382171187648	1.3528114251926127e-5
0.9255000000000001	-10.856582404557598	1.3636403728867208e-5	-10.856582404557598	1.3636403728867208e-5
0.92575	-10.869505102677973	1.3745453102842475e-5	-10.869505102677973	1.3745453102842475e-5
0.926	-10.88259116915322	1.3855552360553247e-5	-10.88259116915322	1.3855552360553247e-5
0.92625	-10.89584188019507	1.3966494691430853e-5	-10.89584188019507	1.3966494691430853e-5
0.9265	-10.909258595115384	1.4078445481402468e-5	-10.909258595115384	1.4078445481402468e-5
0.9267500000000001	-10.922842809470241	1.4191319330336682e-5	-10.922842809470241	1.4191319330336682e-5
0.927	-10.936595709114938	1.4305112337353876e-5	-10.936595709114938	1.4305112337353876e-5
0.92725	-10.950518729980134	1.4419983884295107e-5	-10.950518729980134	1.4419983884295107e-5
0.9275000000000001	-10.964613439442676	1.453566736842049e-5	-10.964613439442676	1.453566736842049e-5
0.9277500000000001	-10.978881079542248	1.46525744710857e-5	-10.978881079542248	1.46525744710857e-5
0.9279999999999999	-10.993323117842564	1.4770191796742438e-5	-10.993323117842564	1.4770191796742438e-5
0.92825	-11.007941126561853	1.488906936941703e-5	-11.007941126561853	1.488906936941703e-5
0.9285	-11.022736495108994	1.5008793226911621e-5	-11.022736495108994	1.5008793226911621e-5
0.92875	-11.037710684736549	1.5129637354505121e-5	-11.037710684736549	1.5129637354505121e-5
0.929	-11.052865371008966	1.5251484185796471e-5	-11.052865371008966	1.5251484185796471e-5
0.92925	-11.068201929303637	1.5374364416231856e-5	-11.068201929303637	1.5374364416231856e-5
0.9295	-11.083721906937521	1.5498282486703374e-5	-11.083721906937521	1.5498282486703374e-5
0.9297500000000001	-11.099427003663767	1.5623399249875547e-5	-11.099427003663767	1.5623399249875547e-5
0.93	-11.115318720164899	1.5749332867187604e-5	-11.115318720164899	1.5749332867187604e-5
0.93025	-11.1313986560201	1.5876672080139542e-5	-11.1313986560201	1.5876672080139542e-5
0.9305	-11.147668380383351	1.6004767644517415e-5	-11.147668380383351	1.6004767644517415e-5
0.93075	-11.164129784731978	1.613429340352468e-5	-11.164129784731978	1.613429340352468e-5
0.931	-11.18078422105806	1.6264709302049596e-5	-11.18078422105806	1.6264709302049596e-5
0.93125	-11.19763357850072	1.639630860950092e-5	-11.19763357850072	1.639630860950092e-5
0.9315	-11.214679508036888	1.652916652261638e-5	-11.214679508036888	1.652916652261638e-5
0.9317500000000001	-11.231923682595841	1.666293422886156e-5	-11.231923682595841	1.666293422886156e-5
0.932	-11.249368023863042	1.6798130396011857e-5	-11.249368023863042	1.6798130396011857e-5
0.93225	-11.267014009402978	1.693428993831958e-5	-11.267014009402978	1.693428993831958e-5
0.9325000000000001	-11.28486364037855	1.707174153153801e-5	-11.28486364037855	1.707174153153801e-5
0.9327500000000001	-11.302918898578346	1.7210346101137475e-5	-11.302918898578346	1.7210346101137475e-5
0.9329999999999999	-11.32118111116614	1.7350247802028207e-5	-11.32118111116614	1.7350247802028207e-5
0.93325	-11.339652583213152	1.7491085429810482e-5	-11.339652583213152	1.7491085429810482e-5
0.9335	-11.358335111231874	1.7633616657519724e-5	-11.358335111231874	1.7633616657519724e-5
0.93375	-11.37723035822335	1.777695766946863e-5	-11.37723035822335	1.777695766946863e-5
0.934	-11.396340602725289	1.7921733693526676e-5	-11.396340602725289	1.7921733693526676e-5
0.93425	-11.415667474871732	1.8067892717965606e-5	-11.415667474871732	1.8067892717965606e-5
0.9345	-11.435213202265661	1.821497586007581e-5	-11.435213202265661	1.821497586007581e-5
0.9347500000000001	-11.454979675896244	1.8363806773891156e-5	-11.454979675896244	1.8363806773891156e-5
0.935	-11.474968840496736	1.851360465821017e-5	-11.474968840496736	1.851360465821017e-5
0.93525	-11.49518286889196	1.8664764418474533e-5	-11.49518286889196	1.8664764418474533e-5
0.9355	-11.515623820593534	1.8817403869775262e-5	-11.515623820593534	1.8817403869775262e-5
0.93575	-11.536293768847838	1.897132842998417e-5	-11.536293768847838	1.897132842998417e-5
0.936	-11.557194793644475	1.9126410158776253e-5	-11.557194793644475	1.9126410158776253e-5
0.93625	-11.578329093065616	1.9283192131069882e-5	-11.578329093065616	1.9283192131069882e-5
0.9365	-11.599698926093247	1.9441049317947545e-5	-11.599698926093247	1.9441049317947545e-5
0.9367500000000001	-11.6213064107978	1.9600570468014666e-5	-11.6213064107978	1.9600570468014666e-5
0.937	-11.643153709578622	1.9761205919621716e-5	-11.643153709578622	1.9761205919621716e-5
0.93725	-11.665243261845696	1.9923621259465563e-5	-11.665243261845696	1.9923621259465563e-5
0.9375000000000001	-11.687577197466142	2.0087077949426657e-5	-11.687577197466142	2.0087077949426657e-5
0.93775	-11.710158063543659	2.025229107260884e-5	-11.710158063543659	2.025229107260884e-5
0.938	-11.732987881465663	2.041891551129993e-5	-11.732987881465663	2.041891551129993e-5
0.93825	-11.75606927903615	2.058686424533107e-5	-11.75606927903615	2.058686424533107e-5
0.9385	-11.7794046352839	2.0756470313187947e-5	-11.7794046352839	2.0756470313187947e-5
0.93875	-11.802996277378874	2.0927489025268642e-5	-11.802996277378874	2.0927489025268642e-5
0.9390000000000001	-11.82684687631992	2.1100113059446812e-5	-11.82684687631992	2.1100113059446812e-5
0.93925	-11.850958659100538	2.1274233468204784e-5	-11.850958659100538	2.1274233468204784e-5
0.9395	-11.875334430356029	2.144984602381328e-5	-11.875334430356029	2.144984602381328e-5
0.9397500000000001	-11.899976667863172	2.1627168109716877e-5	-11.899976667863172	2.1627168109716877e-5
0.9400000000000001	-11.924887791866288	2.1805970632726712e-5	-11.924887791866288	2.1805970632726712e-5
0.94025	-11.950070764152798	2.1986368437865167e-5	-11.950070764152798	2.1986368437865167e-5
0.9405	-11.975527993958972	2.2168535252831134e-5	-11.975527993958972	2.2168535252831134e-5
0.94075	-12.001262288365787	2.235204813416658e-5	-12.001262288365787	2.235204813416658e-5
0.9410000000000001	-12.027276418383977	2.253756447601063e-5	-12.027276418383977	2.253756447601063e-5
0.94125	-12.053573060952736	2.2724397389595197e-5	-12.053573060952736	2.2724397389595197e-5
0.9415	-12.080155134571552	2.2913291793713597e-5	-12.080155134571552	2.2913291793713597e-5
0.9417500000000001	-12.107025333965113	2.310346653189299e-5	-12.107025333965113	2.310346653189299e-5
0.9420000000000001	-12.134186754617668	2.329573217707548e-5	-12.134186754617668	2.329573217707548e-5
0.94225	-12.16164210818406	2.3489519996644503e-5	-12.16164210818406	2.3489519996644503e-5
0.9425000000000001	-12.189394453058922	2.368510575934124e-5	-12.189394453058922	2.368510575934124e-5
0.94275	-12.217446857733671	2.3882459977642156e-5	-12.217446857733671	2.3882459977642156e-5
0.943	-12.245802186565461	2.4081698668965146e-5	-12.245802186565461	2.4081698668965146e-5
0.94325	-12.274463665660134	2.428258430597907e-5	-12.274463665660134	2.428258430597907e-5
0.9435	-12.303434374818217	2.448536463361961e-5	-12.303434374818217	2.448536463361961e-5
0.94375	-12.33271742685272	2.4690073182398464e-5	-12.33271742685272	2.4690073182398464e-5
0.9440000000000001	-12.362316046757405	2.4896541930274907e-5	-12.362316046757405	2.4896541930274907e-5
0.94425	-12.392233462000465	2.5104871561154596e-5	-12.392233462000465	2.5104871561154596e-5
0.9445	-12.422473072810325	2.5315222657695813e-5	-12.422473072810325	2.5315222657695813e-5
0.9447500000000001	-12.453038053159334	2.5527347297327196e-5	-12.453038053159334	2.5527347297327196e-5
0.9450000000000001	-12.483931770807445	2.574159904611406e-5	-12.483931770807445	2.574159904611406e-5
0.94525	-12.515157854630203	2.5957584590230454e-5	-12.515157854630203	2.5957584590230454e-5
0.9455	-12.546719586524775	2.6175703027320196e-5	-12.546719586524775	2.6175703027320196e-5
0.94575	-12.57862046493061	2.6395824356484354e-5	-12.57862046493061	2.6395824356484354e-5
0.9460000000000001	-12.610864212794231	2.6617910648951693e-5	-12.610864212794231	2.6617910648951693e-5
0.94625	-12.643454167890894	2.6841998170823445e-5	-12.643454167890894	2.6841998170823445e-5
0.9465	-12.676394324351685	2.706832495391609e-5	-12.676394324351685	2.706832495391609e-5
0.9467500000000001	-12.709688157712	2.7296503084528467e-5	-12.709688157712	2.7296503084528467e-5
0.9470000000000001	-12.743339382559626	2.7526957623535964e-5	-12.743339382559626	2.7526957623535964e-5
0.94725	-12.77735203862996	2.775954484235399e-5	-12.77735203862996	2.775954484235399e-5
0.9475	-12.811729743284184	2.7994038489964623e-5	-12.811729743284184	2.7994038489964623e-5
0.94775	-12.84647654739331	2.8231157614300173e-5	-12.84647654739331	2.8231157614300173e-5
0.948	-12.881596427542059	2.8469965620558924e-5	-12.881596427542059	2.8469965620558924e-5
0.94825	-12.917093291145795	2.8711383578183813e-5	-12.917093291145795	2.8711383578183813e-5
0.9485	-12.952971227014995	2.8954808570347268e-5	-12.952971227014995	2.8954808570347268e-5
0.94875	-12.989234541621055	2.9200610590862652e-5	-12.989234541621055	2.9200610590862652e-5
0.9490000000000001	-13.02588719179725	2.9448721875269257e-5	-13.02588719179725	2.9448721875269257e-5
0.94925	-13.062933528167216	2.9698955536616722e-5	-13.062933528167216	2.9698955536616722e-5
0.9495	-13.100377884104429	2.995184160425879e-5	-13.100377884104429	2.995184160425879e-5
0.9497500000000001	-13.138224544853244	3.020681099741296e-5	-13.138224544853244	3.020681099741296e-5
0.95	-13.176477969710144	3.046427107733507e-5	-13.176477969710144	3.046427107733507e-5
0.95025	-13.21514275915914	3.072419348626454e-5	-13.21514275915914	3.072419348626454e-5
0.9505	-13.254223164278535	3.0986531015742e-5	-13.254223164278535	3.0986531015742e-5
0.95075	-13.29372406824457	3.125109164159312e-5	-13.29372406824457	3.125109164159312e-5
0.9510000000000001	-13.333650106689241	3.151875352358502e-5	-13.333650106689241	3.151875352358502e-5
0.95125	-13.374005909254304	3.178808876924677e-5	-13.374005909254304	3.178808876924677e-5
0.9515	-13.414796385632547	3.206070861239141e-5	-13.414796385632547	3.206070861239141e-5
0.9517500000000001	-13.456026278372889	3.2335468240773935e-5	-13.456026278372889	3.2335468240773935e-5
0.9520000000000001	-13.497700740099567	3.2613070025888646e-5	-13.497700740099567	3.2613070025888646e-5
0.95225	-13.539824645480527	3.28930290507401e-5	-13.539824645480527	3.28930290507401e-5
0.9525	-13.5824030813934	3.317592884855003e-5	-13.5824030813934	3.317592884855003e-5
0.95275	-13.625441248414981	3.3461302471948784e-5	-13.625441248414981	3.3461302471948784e-5
0.953	-13.668944326333765	3.3749474553701475e-5	-13.668944326333765	3.3749474553701475e-5
0.95325	-13.712917714802806	3.4040456839079525e-5	-13.712917714802806	3.4040456839079525e-5
0.9535	-13.757366740831497	3.433395521312832e-5	-13.757366740831497	3.433395521312832e-5
0.95375	-13.80229682157998	3.463061122488398e-5	-13.80229682157998	3.463061122488398e-5
0.9540000000000001	-13.84771354703302	3.492971804064382e-5	-13.84771354703302	3.492971804064382e-5
0.95425	-13.893622546056992	3.523210662592646e-5	-13.893622546056992	3.523210662592646e-5
0.9545	-13.940029513747275	3.55369407714079e-5	-13.940029513747275	3.55369407714079e-5
0.95475	-13.986940184202671	3.584501568809628e-5	-13.986940184202671	3.584501568809628e-5
0.955	-14.034360456467793	3.6155929848291635e-5	-14.034360456467793	3.6155929848291635e-5
0.95525	-14.08229634478341	3.6469792291882186e-5	-14.08229634478341	3.6469792291882186e-5
0.9555	-14.130753727218664	3.678685489205691e-5	-14.130753727218664	3.678685489205691e-5
0.95575	-14.179738966362923	3.7106623722138465e-5	-14.179738966362923	3.7106623722138465e-5
0.9560000000000001	-14.22925807383251	3.742991255251127e-5	-14.22925807383251	3.742991255251127e-5
0.95625	-14.279317352463128	3.775601757638469e-5	-14.279317352463128	3.775601757638469e-5
0.9565	-14.329923414788427	3.808519849712866e-5	-14.329923414788427	3.808519849712866e-5
0.9567500000000001	-14.381082561726606	3.841802991644272e-5	-14.381082561726606	3.841802991644272e-5
0.9570000000000001	-14.432801509229066	3.875359151095381e-5	-14.432801509229066	3.875359151095381e-5
0.9572499999999999	-14.485086713335345	3.9092628810522e-5	-14.485086713335345	3.9092628810522e-5
0.9575	-14.537945292026924	3.9434980351416016e-5	-14.537945292026924	3.9434980351416016e-5
0.95775	-14.591383960615905	3.978049223007929e-5	-14.591383960615905	3.978049223007929e-5
0.958	-14.645409684443152	4.012980784295905e-5	-14.645409684443152	4.012980784295905e-5
0.95825	-14.700029656241128	4.0481830723138046e-5	-14.700029656241128	4.0481830723138046e-5
0.9585	-14.75525095425429	4.083803436571998e-5	-14.75525095425429	4.083803436571998e-5
0.95875	-14.811080996878026	4.1197101054990526e-5	-14.811080996878026	4.1197101054990526e-5
0.9590000000000001	-14.867527231213149	4.156018816559026e-5	-14.867527231213149	4.156018816559026e-5
0.95925	-14.924597150894417	4.192654913026672e-5	-14.924597150894417	4.192654913026672e-5
0.9595000000000001	-14.982298262752877	4.2296455461610094e-5	-14.982298262752877	4.2296455461610094e-5
0.95975	-15.040638555845351	4.267035019722698e-5	-15.040638555845351	4.267035019722698e-5
0.96	-15.099625903878685	4.304749334949065e-5	-15.099625903878685	4.304749334949065e-5
0.96025	-15.159268088929668	4.342869414131201e-5	-15.159268088929668	4.342869414131201e-5
0.9605	-15.219573444578423	4.381354126792303e-5	-15.219573444578423	4.381354126792303e-5
0.96075	-15.28055013797131	4.420211863020995e-5	-15.28055013797131	4.420211863020995e-5
0.9610000000000001	-15.342206584039243	4.4594712605317e-5	-15.342206584039243	4.4594712605317e-5
0.96125	-15.404551280746947	4.499113636313723e-5	-15.404551280746947	4.499113636313723e-5
0.9615	-15.46759285565269	4.539128539704507e-5	-15.46759285565269	4.539128539704507e-5
0.9617500000000001	-15.531340028858938	4.579594073561566e-5	-15.531340028858938	4.579594073561566e-5
0.9620000000000001	-15.595801885008033	4.6203958447676996e-5	-15.595801885008033	4.6203958447676996e-5
0.9622499999999999	-15.660987322062631	4.661673695238733e-5	-15.660987322062631	4.661673695238733e-5
0.9625	-15.726905407056567	4.703304033171207e-5	-15.726905407056567	4.703304033171207e-5
0.96275	-15.793565809689255	4.745383178317297e-5	-15.793565809689255	4.745383178317297e-5
0.963	-15.860977878404462	4.787897746894032e-5	-15.860977878404462	4.787897746894032e-5
0.96325	-15.929150958600204	4.830800489230569e-5	-15.929150958600204	4.830800489230569e-5
0.9635	-15.998095194156448	4.874149900047087e-5	-15.998095194156448	4.874149900047087e-5
0.96375	-16.06782047235947	4.9179763621509665e-5	-16.06782047235947	4.9179763621509665e-5
0.9640000000000001	-16.13833665116395	4.9621629003127055e-5	-16.13833665116395	4.9621629003127055e-5
0.96425	-16.20965424682766	5.0068790542923125e-5	-16.20965424682766	5.0068790542923125e-5
0.9645	-16.281783525064384	5.051998127214574e-5	-16.281783525064384	5.051998127214574e-5
0.96475	-16.354735032248286	5.097582851476545e-5	-16.354735032248286	5.097582851476545e-5
0.965	-16.42851980049716	5.143656672146335e-5	-16.42851980049716	5.143656672146335e-5
0.96525	-16.503148360746422	5.190150191936027e-5	-16.503148360746422	5.190150191936027e-5
0.9655	-16.578632001732505	5.237168990390728e-5	-16.578632001732505	5.237168990390728e-5
0.96575	-16.654982242704808	5.2846300405917646e-5	-16.654982242704808	5.2846300405917646e-5
0.9660000000000001	-16.7322099993424	5.33259985360246e-5	-16.7322099993424	5.33259985360246e-5
0.96625	-16.810327456982115	5.381051060737718e-5	-16.810327456982115	5.381051060737718e-5
0.9665	-16.889346152587006	5.429977710491585e-5	-16.889346152587006	5.429977710491585e-5
0.9667500000000001	-16.969278115981542	5.47946064983762e-5	-16.969278115981542	5.47946064983762e-5
0.967	-17.050135811590824	5.5293873856498976e-5	-17.050135811590824	5.5293873856498976e-5
0.9672499999999999	-17.1319314078408	5.579893900176103e-5	-17.1319314078408	5.579893900176103e-5
0.9675	-17.214677544983843	5.630859058669557e-5	-17.214677544983843	5.630859058669557e-5
0.96775	-17.29838742599893	5.6823908437309e-5	-17.29838742599893	5.6823908437309e-5
0.968	-17.383073626006905	5.734447339023063e-5	-17.383073626006905	5.734447339023063e-5
0.96825	-17.468749570593417	5.7870496860346066e-5	-17.468749570593417	5.7870496860346066e-5
0.9685	-17.555429079578264	5.8401718007417e-5	-17.555429079578264	5.8401718007417e-5
0.96875	-17.64312528471474	5.893869857231948e-5	-17.64312528471474	5.893869857231948e-5
0.9690000000000001	-17.731852635492018	5.948137469147241e-5	-17.731852635492018	5.948137469147241e-5
0.9692500000000001	-17.82162508218602	6.0029407890738185e-5	-17.82162508218602	6.0029407890738185e-5
0.9695	-17.912456994980943	6.058341310222204e-5	-17.912456994980943	6.058341310222204e-5
0.96975	-18.004363145418942	6.114320710537413e-5	-18.004363145418942	6.114320710537413e-5
0.97	-18.097358455744473	6.170856951825954e-5	-18.097358455744473	6.170856951825954e-5
0.9702500000000001	-18.191458021185255	6.228047155332206e-5	-18.191458021185255	6.228047155332206e-5
0.9705	-18.2866771852509	6.28576550809612e-5	-18.2866771852509	6.28576550809612e-5
0.97075	-18.383031820498715	6.344171974603796e-5	-18.383031820498715	6.344171974603796e-5
0.9710000000000001	-18.480537700795846	6.403109122743444e-5	-18.480537700795846	6.403109122743444e-5
0.9712500000000001	-18.579211155889798	6.462768389781104e-5	-18.579211155889798	6.462768389781104e-5
0.9715	-18.679068620303937	6.52295103122924e-5	-18.679068620303937	6.52295103122924e-5
0.9717500000000001	-18.78012692038695	6.583886819555573e-5	-18.78012692038695	6.583886819555573e-5
0.972	-18.882403114480823	6.64536568422136e-5	-18.882403114480823	6.64536568422136e-5
0.97225	-18.985914505806928	6.707581245279925e-5	-18.985914505806928	6.707581245279925e-5
0.9725	-19.090678940053508	6.770412373668933e-5	-19.090678940053508	6.770412373668933e-5
0.97275	-19.1967141327931	6.833939839623326e-5	-19.1967141327931	6.833939839623326e-5
0.973	-19.304038759512203	6.898127985266456e-5	-19.304038759512203	6.898127985266456e-5
0.9732500000000001	-19.412670938558268	6.963048065244948e-5	-19.412670938558268	6.963048065244948e-5
0.9735	-19.52263005348357	7.028599809189018e-5	-19.52263005348357	7.028599809189018e-5
0.9737500000000001	-19.633935149784126	7.094920086103684e-5	-19.633935149784126	7.094920086103684e-5
0.9740000000000001	-19.746605840307634	7.161933771726581e-5	-19.746605840307634	7.161933771726581e-5
0.97425	-19.860662328977586	7.229637785144405e-5	-19.860662328977586	7.229637785144405e-5
0.9745	-19.976124597187503	7.298171250624819e-5	-19.976124597187503	7.298171250624819e-5
0.97475	-20.093013441477492	7.367325206075748e-5	-20.093013441477492	7.367325206075748e-5
0.975	-20.21135005193339	7.437313439595528e-5	-20.21135005193339	7.437313439595528e-5
0.9752500000000001	-20.331155729263003	7.508078743967417e-5	-20.331155729263003	7.508078743967417e-5
0.9755	-20.452452356307965	7.579530404200341e-5	-20.452452356307965	7.579530404200341e-5
0.97575	-20.57526209665761	7.651859445445552e-5	-20.57526209665761	7.651859445445552e-5
0.9760000000000001	-20.6996073630956	7.724917338691739e-5	-20.6996073630956	7.724917338691739e-5
0.9762500000000001	-20.825511617250253	7.798806736047936e-5	-20.825511617250253	7.798806736047936e-5
0.9765	-20.952998076666834	7.873521158785479e-5	-20.952998076666834	7.873521158785479e-5
0.97675	-21.082090362933695	7.949014241148689e-5	-21.082090362933695	7.949014241148689e-5
0.977	-21.212813110062203	8.025390344812422e-5	-21.212813110062203	8.025390344812422e-5
0.97725	-21.345191120157985	8.102590430780765e-5	-21.345191120157985	8.102590430780765e-5
0.9775	-21.479249288873206	8.180649631128745e-5	-21.479249288873206	8.180649631128745e-5
0.97775	-21.61501344334159	8.259585722214524e-5	-21.61501344334159	8.259585722214524e-5
0.978	-21.752509718176498	8.339364134712923e-5	-21.752509718176498	8.339364134712923e-5
0.9782500000000001	-21.89176491499341	8.420120407492959e-5	-21.89176491499341	8.420120407492959e-5
0.9785	-22.0328058787375	8.50166329229296e-5	-22.0328058787375	8.50166329229296e-5
0.9787500000000001	-22.175660466261625	8.584237079389823e-5	-22.175660466261625	8.584237079389823e-5
0.9790000000000001	-22.32035672083053	8.667632556580429e-5	-22.32035672083053	8.667632556580429e-5
0.97925	-22.466923337524747	8.752065630801553e-5	-22.466923337524747	8.752065630801553e-5
0.9795	-22.615389721086203	8.837381031412406e-5	-22.615389721086203	8.837381031412406e-5
0.97975	-22.765785320440727	8.923688480422243e-5	-22.765785320440727	8.923688480422243e-5
0.98	-22.918140897744046	9.0109705439545e-5	-22.918140897744046	9.0109705439545e-5
0.9802500000000001	-23.072486960149206	9.099273080437342e-5	-23.072486960149206	9.099273080437342e-5
0.9805	-23.228855342518962	9.188512521518533e-5	-23.228855342518962	9.188512521518533e-5
0.98075	-23.38727814624508	9.278857086769676e-5	-23.38727814624508	9.278857086769676e-5
0.9810000000000001	-23.547787810724124	9.370136532993456e-5	-23.547787810724124	9.370136532993456e-5
0.9812500000000001	-23.71041816849528	9.462591214060012e-5	-23.71041816849528	9.462591214060012e-5
0.9815	-23.8752028486957	9.555942978067833e-5	-23.8752028486957	9.555942978067833e-5
0.98175	-24.042176788394045	9.650556680185218e-5	-24.042176788394045	9.650556680185218e-5
0.982	-24.211375253503476	9.746086016093614e-5	-24.211375253503476	9.746086016093614e-5
0.98225	-24.382834269145093	9.842844718832566e-5	-24.382834269145093	9.842844718832566e-5
0.9825	-24.556590576301993	9.940680152453751e-5	-24.556590576301993	9.940680152453751e-5
0.98275	-24.73268175200939	0.0001003962927086377	-24.73268175200939	0.0001003962927086377
0.983	-24.911146063854474	0.000101397770862377	-24.911146063854474	0.000101397770862377
0.9832500000000001	-25.092022408281892	0.00010241075818839818	-25.092022408281892	0.00010241075818839818
0.9835	-25.275350320069293	0.00010343546023250383	-25.275350320069293	0.00010343546023250383
0.9837500000000001	-25.461170633478453	0.00010447218900822008	-25.461170633478453	0.00010447218900822008
0.984	-25.64952480801412	0.00010552155464438329	-25.64952480801412	0.00010552155464438329
0.98425	-25.840454810972	0.00010658265637175646	-25.840454810972	0.00010658265637175646
0.9845	-26.03400360295199	0.00010765664450218537	-26.03400360295199	0.00010765664450218537
0.98475	-26.230215300400957	0.00010874351099232626	-26.230215300400957	0.00010874351099232626
0.985	-26.42913469316722	0.00010984265051661168	-26.42913469316722	0.00010984265051661168
0.9852500000000001	-26.630807377980403	0.00011095560415697037	-26.630807377980403	0.00011095560415697037
0.9855	-26.835280024897493	0.00011208184571387392	-26.835280024897493	0.00011208184571387392
0.98575	-27.042600276846905	0.00011322029996563288	-27.042600276846905	0.00011322029996563288
0.9860000000000001	-27.252816787130335	0.00011437421042614915	-27.252816787130335	0.00011437421042614915
0.9862500000000001	-27.465978928000446	0.00011554084409226562	-27.465978928000446	0.00011554084409226562
0.9864999999999999	-27.682137547190365	0.00011672176120214317	-27.682137547190365	0.00011672176120214317
0.98675	-27.901344130088603	0.00011791680344686029	-27.901344130088603	0.00011791680344686029
0.987	-28.123651320324804	0.0001191273503593493	-28.123651320324804	0.0001191273503593493
0.98725	-28.34911330428745	0.00012035045216407525	-28.34911330428745	0.00012035045216407525
0.9875	-28.57778497215545	0.00012159121408217288	-28.57778497215545	0.00012159121408217288
0.98775	-28.8097219773599	0.00012284458841804735	-28.8097219773599	0.00012284458841804735
0.9880000000000001	-29.044982106900946	0.0001241147130031095	-29.044982106900946	0.0001241147130031095
0.9882500000000001	-29.283623875811102	0.0001254005512691947	-29.283623875811102	0.0001254005512691947
0.9885	-29.525706886636414	0.0001267009050991419	-29.525706886636414	0.0001267009050991419
0.9887500000000001	-29.771292127440958	0.00012801906206050262	-29.771292127440958	0.00012801906206050262
0.989	-30.020442149906955	0.00012935210472164727	-30.020442149906955	0.00012935210472164727
0.98925	-30.273220697711942	0.00013070198909304054	-30.273220697711942	0.00013070198909304054
0.9895	-30.529692441009765	0.0001320699103359857	-30.181293207577255	-0.7314173619539872
0.98975	-30.78992429932243	0.0001334524214371413	-29.824236276950536	-2.0237761781210963
0.99	-31.053984102712995	0.0001348548129556093	-29.466040117379663	-3.3208785718812237
0.9902500000000001	-31.321941014677805	0.00013627309203911864	-29.106690170802445	-4.622792440465332
0.9905	-31.593866281011763	0.00013771022776154496	-28.74617316807892	-5.929584484945366
0.99075	-31.86983223736071	0.00013916414511072617	-28.384475376476786	-7.241321747071169
0.9910000000000001	-32.14991277445995	0.0001406383860569349	-28.021582863539727	-8.55807194275772
0.99125	-32.434184156046875	0.00014212948704539485	-27.65748275129239	-9.879902482392396
0.9914999999999999	-32.72272332516861	0.00014364078953121862	-27.292161536160584	-11.206880356308147
0.99175	-33.01560944896646	0.00014517066239250198	-26.925605897080217	-12.539073598585361
0.992	-33.31292373360849	0.0001467202878302487	-26.5578033845364	-13.876549372083616
0.99225	-33.61474844771404	0.0001482905775276322	-26.188740348586165	-15.219376170382503
0.9925	-33.92116883309294	0.00014987919399800376	-25.818405105361343	-16.56762111138906
0.99275	-34.23227066942713	0.00015149069139397398	-25.446784113453262	-17.921352734722973
0.9930000000000001	-34.54814283484325	0.00015312060983774245	-25.073865365573496	-19.280639181033962
0.9932500000000001	-34.868875913323386	0.00015477437213462508	-24.69963654657549	-20.64554901487338
0.9935	-35.19456217389003	0.00015644700934558387	-24.32408509506739	-22.01615097807769
0.99375	-35.52529644633943	0.0001581432965735985	-23.947199348336824	-23.392513301533654
0.994	-35.86117555930584	0.00015986091761988064	-23.568966947489756	-24.774705755010928
0.99425	-36.20229878963288	0.0001616021096708664	-23.189376170183095	-26.16279769242442
0.9945	-36.54876743193221	0.00016336469374778062	-22.80841530274582	-27.55685836785665
0.99475	-36.90068503760231	0.0001651520412337959	-22.426072469625034	-28.95695764852522
0.995	-37.25815821559175	0.00016696195717713636	-22.042336436647474	-30.363165884632167
0.9952500000000001	-37.62129570691689	0.0001687976402138247	-21.657195625662972	-31.775553910039633
0.9955	-37.99020832853289	0.00017065532912852177	-21.270638515006432	-33.19419200283994
0.99575	-38.365010525191586	0.0001725402765941908	-20.882654424682286	-34.61915126899504
0.9960000000000001	-38.74581848555472	0.00017444904645458337	-20.49323150718783	-36.05050382628562
0.99625	-39.132751913857064	0.00017638466744074321	-20.10235920576539	-37.4883211994819
0.9964999999999999	-39.52593317525073	0.00017834491754342707	-19.71002681647701	-38.93267540573058
0.99675	-39.92548726933066	0.0001803335672718731	-19.316223190889332	-40.38363934868599
0.997	-40.33154247736664	0.0001823477515756622	-18.920937569105106	-41.84128627776681
0.99725	-40.74423022576417	0.00018439088555055605	-18.524159499897593	-43.30568950687356
0.9975	-41.163685179491736	0.00018646042079240033	-18.125878579656558	-44.77692298260462
0.99775	-41.59004511466284	0.0001885597903310554	-17.726084360980295	-46.25506103697762
0.9980000000000001	-42.02345128380087	0.000190687356791841	-17.324766361622054	-47.74017893286555
0.9982500000000001	-42.46404840027738	0.0001928445932435352	-16.921914587078618	-49.23235158967984
0.9985	-42.91198503511933	0.00019503168101664414	-16.517519098017345	-50.731655062472726
0.99875	-43.36741282857979	0.00019725014553273468	-16.111569213231277	-52.238166404800154
0.999	-43.83048805433643	0.00019949543312236528	-15.70405668681012	-53.75196015697179
0.99925	-44.30136850420297	0.0002017903674129684	-15.294964919531807	-55.273123708998696
0.9995	-44.78022711141355	0.00020404349649538744	-14.88431287527402	-56.801695591682176
0.99975	-45.26719571432669	0.00020661627399931604	16292.396962361967	-32628.375266974344
