theta	vel_limit	forward	backward	final
0.0	2.9019046877079293	0.0	1000.0	0.0
0.00025	2.8927367479154507	0.2538121417002848	2.841058242706249	0.2538121417002848
0.0005	2.8828219876183088	0.5618229061259393	2.8336363465387704	0.5618229061259393
0.00075	2.872695291644613	0.6523580915603567	2.826122116189518	0.6523580915603567
0.001	2.862738909202894	0.7202609894413293	2.8186475625037577	0.7202609894413293
0.00125	2.8528494769865747	0.7758898398968866	2.811177024266722	0.7758898398968866
0.0015	2.843053108172053	0.8235743358753742	2.8037196943528087	0.8235743358753742
0.00175	2.8333414863644886	0.8655966936336046	2.7962727898243567	0.8655966936336046
0.002	2.8237154791618457	0.9033366870981945	2.7888367267118728	0.9033366870981945
0.00225	2.814173532060873	0.937700204566189	2.781411067907196	0.937700204566189
0.0025	2.804714756464211	0.9693192467776103	2.7739956051099712	0.9693192467776103
0.00275	2.795338107564043	0.9986546164187224	2.7665900698806403	0.9986546164187224
0.003	2.786042602638586	1.0260541454758731	2.7591942107098673	1.0260541454758731
0.00325	2.776827262572377	1.0517877259800636	2.7518077723835535	1.0517877259800636
0.0035	2.767691127018994	1.0760695649083838	2.7444305014284778	1.0760695649083838
0.00375	2.7586332499661426	1.0990729082815456	2.737062144591304	1.0990729082815456
0.004	2.749652700577146	1.1209401308599765	2.7297024491959734	1.1209401308599765
0.00425	2.74074856250736	1.1417898531052166	2.7223511629530472	1.1417898531052166
0.0045	2.7319199337906577	1.1617220883206785	2.7150080339713027	1.1617220883206785
0.00475	2.7231659265311046	1.1808220460153946	2.7076728106969896	1.1808220460153946
0.005	2.714485666588807	1.1991629957213719	2.700345241848013	1.1991629957213719
0.00525	2.7058782933120273	1.2168084594319688	2.6930250763628023	1.2168084594319688
0.0055	2.697342959360606	1.2338139149876393	2.68571206338028	1.2338139149876393
0.00575	2.6888788303372726	1.2502281369588584	2.6784059521467802	1.2502281369588584
0.006	2.6804850846402526	1.2660942648846059	2.6711064920024707	1.2660942648846059
0.00625	2.6721609131437063	1.2814506633671445	2.6638134323013385	1.2814506633671445
0.0065	2.6639055189867755	1.2963316214452822	2.6565265223697065	1.2963316214452822
0.00675	2.655718117399165	1.3107679263559981	2.649245511475688	1.3107679263559981
0.007	2.647597935383451	1.3247873380395923	2.6419701487432787	1.3247873380395923
0.00725	2.6395442115285697	1.3384149846060531	2.634700183112844	1.3384149846060531
0.0075	2.6315561958054317	1.3516736941811478	2.6274353632930825	1.3516736941811478
0.00775	2.6236331493752854	1.3645842751729995	2.6201754377154423	1.3645842751729995
0.008	2.6157743443501054	1.3771657543712141	2.6129201544683407	1.3771657543712141
0.00825	2.607979063561309	1.3894355803672584	2.6056692612319843	1.3894355803672584
0.0085	2.600246600416643	1.4014097982821967	2.598422505244869	1.4014097982821967
0.00875	2.5925762587058867	1.413103200536378	2.59117963324841	1.413103200536378
0.009	2.584967352392033	1.4245294575481195	2.5839403914240977	1.4245294575481195
0.00925	2.57741920541535	1.4357012315293476	2.5767045253330023	1.4357012315293476
0.0095	2.5699311514893126	1.4466302759564398	2.5694717798501565	1.4466302759564398
0.00975	2.562502534038404	1.4573275229088727	2.562241899151672	1.4573275229088727
0.01	2.555132705909171	1.4678031599007544	2.55501462661172	1.4678031599007544
0.01025	2.5478210291974133	1.4780666978118038	2.547789704742381	1.4780666978118038
0.0105	2.5405668751669013	1.4881270311440207	2.5405668751669013	1.4881270311440207
0.01075	2.5333696240605224	1.497992491563825	2.5333696240605224	1.497992491563825
0.011	2.526228664880395	1.507670895637331	2.526228664880395	1.507670895637331
0.01125	2.5191433952775157	1.5171695875585902	2.5191433952775157	1.5171695875585902
0.0115	2.512113221416821	1.5264954774533286	2.512113221416821	1.5264954774533286
0.01175	2.5051375578158033	1.5356550757990752	2.5051375578158033	1.5356550757990752
0.012	2.4982158271724266	1.5446545244343857	2.4982158271724266	1.5446545244343857
0.01225	2.4913474602205334	1.553499624572747	2.4913474602205334	1.553499624572747
0.0125	2.4845318956764366	1.5621958621943977	2.4845318956764366	1.5621958621943977
0.01275	2.4777685799790086	1.5707484309965332	2.4777685799790086	1.5707484309965332
0.013	2.471056967223497	1.5791622533236662	2.471056967223497	1.5791622533236662
0.01325	2.4643965190520967	1.5874419992117663	2.4643965190520967	1.5874419992117663
0.0135	2.457786704422172	1.5955921037120704	2.457786704422172	1.5955921037120704
0.01375	2.45122699962093	1.6036167828194134	2.45122699962093	1.6036167828194134
0.014	2.4447168880834202	1.6115200479791219	2.4447168880834202	1.6115200479791219
0.01425	2.4382558601679505	1.6193057193689953	2.4382558601679505	1.6193057193689953
0.0145	2.4318434131802347	1.6269774381960285	2.4318434131802347	1.6269774381960285
0.01475	2.42547905126631	1.6345386779585471	2.42547905126631	1.6345386779585471
0.015	2.4191622851497154	1.6419927547563817	2.4191622851497154	1.6419927547563817
0.01525	2.4128926321382558	1.6493428369077676	2.4128926321382558	1.6493428369077676
0.0155	2.4066696159977976	1.656591953782512	2.4066696159977976	1.656591953782512
0.01575	2.4004927668370963	1.6637430039757928	2.4004927668370963	1.6637430039757928
0.016	2.3943616209906162	1.670798762877862	2.3943616209906162	1.670798762877862
0.01625	2.388275720913787	1.677761889697632	2.388275720913787	1.677761889697632
0.0165	2.382234615091546	1.6846349339896034	2.382234615091546	1.6846349339896034
0.01675	2.3762378579713137	1.6914203417306337	2.3762378579713137	1.6914203417306337
0.017	2.3702850098303827	1.6981204609486913	2.3702850098303827	1.6981204609486913
0.01725	2.364375636626306	1.7047375469572539	2.364375636626306	1.7047375469572539
0.0175	2.358509310035413	1.7112737673150582	2.358509310035413	1.7112737673150582
0.01775	2.3526856072718574	1.717731206366849	2.3526856072718574	1.717731206366849
0.018	2.3469041109813586	1.7241118695152569	2.3469041109813586	1.7241118695152569
0.01825	2.3411644092383344	1.7304176872599533	2.3411644092383344	1.7304176872599533
0.0185	2.335466095367413	1.7366505189068873	2.335466095367413	1.7366505189068873
0.01875	2.329808767914828	1.7428121561049512	2.329808767914828	1.7428121561049512
0.019	2.3241920305734145	1.7489043261453383	2.3241920305734145	1.7489043261453383
0.01925	2.318615492038755	1.754928695028589	2.318615492038755	1.754928695028589
0.0195	2.3130787659938106	1.7608868704000122	2.3130787659938106	1.7608868704000122
0.01975	2.307581471019628	1.7667804042793407	2.307581471019628	1.7667804042793407
0.02	2.3021232304820662	1.77261079561876	2.3021232304820662	1.77261079561876
0.02025	2.2967036724722854	1.778379492733815	2.2967036724722854	1.778379492733815
0.0205	2.291322429773724	1.7840878956066708	2.291322429773724	1.7840878956066708
0.02075	2.285979139741201	1.7897373580208547	2.285979139741201	1.7897373580208547
0.021	2.280673444237233	1.7953291895997459	2.280673444237233	1.7953291895997459
0.02125	2.2754049895848185	1.8008646577391256	2.2754049895848185	1.8008646577391256
0.0215	2.2701734264386735	1.8063449893984431	2.2701734264386735	1.8063449893984431
0.02175	2.264978409850701	1.8117713728785065	2.264978409850701	1.8117713728785065
0.022	2.2598195990549734	1.817144959383977	2.2598195990549734	1.817144959383977
0.02225	2.25469665745182	1.8224668645860427	2.25469665745182	1.8224668645860427
0.0225	2.2496092525925455	1.8277381701056732	2.2496092525925455	1.8277381701056732
0.02275	2.2445570560725288	1.8329599248794102	2.2445570560725288	1.8329599248794102
0.023	2.2395397434975313	1.8381331464872062	2.2395397434975313	1.8381331464872062
0.02325	2.234556994344177	1.843258822365396	2.234556994344177	1.843258822365396
0.0235	2.22960849201129	1.848337911042572	2.22960849201129	1.848337911042572
0.02375	2.2246939237178784	1.8533713432476409	2.2246939237178784	1.8533713432476409
0.024	2.219812980410063	1.8583600229662869	2.219812980410063	1.8583600229662869
0.02425	2.214965356744495	1.8633048284791462	2.214965356744495	1.8633048284791462
0.0245	2.210150751038357	1.868206613336067	2.210150751038357	1.868206613336067
0.02475	2.205368865171451	1.8730662072618076	2.205368865171451	1.8730662072618076
0.025	2.20061940459999	1.8778844170686402	2.20061940459999	1.8778844170686402
0.02525	2.195902078226059	1.8826620274620316	2.195902078226059	1.8826620274620316
0.0255	2.191216598415492	1.8873998018744753	2.191216598415492	1.8873998018744753
0.02575	2.186562680931734	1.8920984832244763	2.186562680931734	1.8920984832244763
0.026	2.181940044825797	1.8967587946201159	2.181940044825797	1.8967587946201159
0.02625	2.177348412472649	1.9013814400966227	2.177348412472649	1.9013814400966227
0.0265	2.172787509480821	1.9059671052647267	2.172787509480821	1.9059671052647267
0.02675	2.1682570646442363	1.9105164579484755	2.1682570646442363	1.9105164579484755
0.027	2.163756809922291	1.915030148808123	2.163756809922291	1.915030148808123
0.02725	2.1592864803411067	1.9195088118998915	2.1592864803411067	1.9195088118998915
0.0275	2.154845814001984	1.923953065259911	2.154845814001984	1.923953065259911
0.02775	2.1504345520317165	1.9283635114374975	2.1504345520317165	1.9283635114374975
0.028	2.1460524385156163	1.9327407379974022	2.1460524385156163	1.9327407379974022
0.02825	2.141699220465302	1.9370853180166168	2.141699220465302	1.9370853180166168
0.0285	2.1373746477619866	1.9413978105490954	2.1373746477619866	1.9413978105490954
0.02875	2.1330784731702983	1.9456787611039326	2.1330784731702983	1.9456787611039326
0.029	2.1288104522420253	1.9499287020535219	2.1288104522420253	1.9499287020535219
0.02925	2.1245703432716083	1.9541481530479	2.1245703432716083	1.9541481530479
0.0295	2.1203579073090877	1.9583376214394363	2.1203579073090877	1.9583376214394363
0.02975	2.116172908090505	1.9624976026526044	2.116172908090505	1.9624976026526044
0.03	2.112015111990028	1.9666285805485513	2.112015111990028	1.9666285805485513
0.03025	2.107884288013105	1.9707310277944423	2.107884288013105	1.9707310277944423
0.0305	2.1037802077196237	1.974805406185797	2.1037802077196237	1.974805406185797
0.03075	2.0997026452400087	1.9788521669994286	2.0997026452400087	1.9788521669994286
0.031	2.095651377193997	1.9828717512877267	2.095651377193997	1.9828717512877267
0.03125	2.091626182668545	1.986864590188512	2.091626182668545	1.986864590188512
0.0315	2.0876268432109115	1.9908311052309824	2.0876268432109115	1.9908311052309824
0.03175	2.0836531427504617	1.9947717085961718	2.0836531427504617	1.9947717085961718
0.032	2.0797048676225605	1.9986868034159142	2.0797048676225605	1.9986868034159142
0.03225	2.075781806463759	2.0025767839998037	2.075781806463759	2.0025767839998037
0.0325	2.071883750231412	2.0064420361121527	2.071883750231412	2.0064420361121527
0.03275	2.0680104921875775	2.01028293722274	2.0680104921875775	2.01028293722274
0.033	2.0641618278131877	2.0140998567148567	2.0641618278131877	2.0140998567148567
0.03325	2.0603375547971354	2.0178931561209303	2.0603375547971354	2.0178931561209303
0.0335	2.0565374730536874	2.02166318936389	2.0565374730536874	2.02166318936389
0.03375	2.0527613846122827	2.0254103029287847	2.0527613846122827	2.0254103029287847
0.034	2.0490090936511587	2.029134836096537	2.0490090936511587	2.029134836096537
0.03425	2.0452804064693964	2.0328371211409664	2.0452804064693964	2.0328371211409664
0.0345	2.041575131393245	2.036517483486415	2.041575131393245	2.036517483486415
0.03475	2.037893078831301	2.037893078831301	2.037893078831301	2.037893078831301
0.035	2.0342340612020307	2.0342340612020307	2.0342340612020307	2.0342340612020307
0.03525	2.030597892894288	2.030597892894288	2.030597892894288	2.030597892894288
0.0355	2.026984390287515	2.026984390287515	2.026984390287515	2.026984390287515
0.03575	2.0233933716880435	2.0233933716880435	2.0233933716880435	2.0233933716880435
0.036	2.019824657328592	2.019824657328592	2.019824657328592	2.019824657328592
0.03625	2.016278069316698	2.016278069316698	2.016278069316698	2.016278069316698
0.0365	2.0127534316342115	2.0127534316342115	2.0127534316342115	2.0127534316342115
0.03675	2.009250570091938	2.009250570091938	2.009250570091938	2.009250570091938
0.037	2.0057693123373452	2.0057693123373452	2.0057693123373452	2.0057693123373452
0.03725	2.002309487801696	2.002309487801696	2.002309487801696	2.002309487801696
0.0375	1.998870927666662	1.998870927666662	1.998870927666662	1.998870927666662
0.03775	1.9954534648910915	1.9954534648910915	1.9954534648910915	1.9954534648910915
0.038	1.9920569341518146	1.9920569341518146	1.9920569341518146	1.9920569341518146
0.03825	1.988681171828505	1.988681171828505	1.988681171828505	1.988681171828505
0.0385	1.985326015957902	1.985326015957902	1.985326015957902	1.985326015957902
0.03875	1.9819913062706085	1.9819913062706085	1.9819913062706085	1.9819913062706085
0.039	1.978676884125643	1.978676884125643	1.978676884125643	1.978676884125643
0.03925	1.9753825925016268	1.9753825925016268	1.9753825925016268	1.9753825925016268
0.0395	1.972108275960579	1.972108275960579	1.972108275960579	1.972108275960579
0.03975	1.968853780655322	1.968853780655322	1.968853780655322	1.968853780655322
0.04	1.9656189543055405	1.9656189543055405	1.9656189543055405	1.9656189543055405
0.04025	1.9624036461473182	1.9624036461473182	1.9624036461473182	1.9624036461473182
0.0405	1.9592077069640377	1.9592077069640377	1.9592077069640377	1.9592077069640377
0.04075	1.956030989005296	1.956030989005296	1.956030989005296	1.956030989005296
0.041	1.9528733460298393	1.9528733460298393	1.9528733460298393	1.9528733460298393
0.04125	1.949734633265299	1.949734633265299	1.949734633265299	1.949734633265299
0.0415	1.946614707351644	1.946614707351644	1.946614707351644	1.946614707351644
0.04175	1.9435134263762996	1.9435134263762996	1.9435134263762996	1.9435134263762996
0.042	1.9404306498516108	1.9404306498516108	1.9404306498516108	1.9404306498516108
0.04225	1.937366238666435	1.937366238666435	1.937366238666435	1.937366238666435
0.0425	1.934320055080348	1.934320055080348	1.934320055080348	1.934320055080348
0.04275	1.9312919627159422	1.9312919627159422	1.9312919627159422	1.9312919627159422
0.043	1.9282818265438129	1.9282818265438129	1.9282818265438129	1.9282818265438129
0.04325	1.9252895128753773	1.9252895128753773	1.9252895128753773	1.9252895128753773
0.0435	1.922314889294024	1.922314889294024	1.922314889294024	1.922314889294024
0.04375	1.9193578247038767	1.9193578247038767	1.9193578247038767	1.9193578247038767
0.044	1.9164181892922603	1.9164181892922603	1.9164181892922603	1.9164181892922603
0.04425	1.9134958544963634	1.9134958544963634	1.9134958544963634	1.9134958544963634
0.0445	1.910590693006533	1.910590693006533	1.910590693006533	1.910590693006533
0.04475	1.9077025787357234	1.9077025787357234	1.9077025787357234	1.9077025787357234
0.045	1.904831386842907	1.904831386842907	1.904831386842907	1.904831386842907
0.04525	1.9019769936733117	1.9019769936733117	1.9019769936733117	1.9019769936733117
0.0455	1.899139276749535	1.899139276749535	1.899139276749535	1.899139276749535
0.04575	1.8963181147859849	1.8963181147859849	1.8963181147859849	1.8963181147859849
0.046	1.8935133876719714	1.8935133876719714	1.8935133876719714	1.8935133876719714
0.04625	1.8907249764205698	1.8907249764205698	1.8907249764205698	1.8907249764205698
0.0465	1.887952763183042	1.887952763183042	1.887952763183042	1.887952763183042
0.04675	1.885196631240288	1.885196631240288	1.885196631240288	1.885196631240288
0.047	1.882456464983098	1.882456464983098	1.882456464983098	1.882456464983098
0.04725	1.8797321498970043	1.8797321498970043	1.8797321498970043	1.8797321498970043
0.0475	1.877023572530762	1.877023572530762	1.877023572530762	1.877023572530762
0.04775	1.8743306205280401	1.8743306205280401	1.8743306205280401	1.8743306205280401
0.048	1.8716531825856282	1.8716531825856282	1.8716531825856282	1.8716531825856282
0.04825	1.8689911484372612	1.8689911484372612	1.8689911484372612	1.8689911484372612
0.0485	1.8663444088548795	1.8663444088548795	1.8663444088548795	1.8663444088548795
0.04875	1.8637128556202858	1.8637128556202858	1.8637128556202858	1.8637128556202858
0.049	1.8610963815388126	1.8610963815388126	1.8610963815388126	1.8610963815388126
0.04925	1.8584948804230845	1.8584948804230845	1.8584948804230845	1.8584948804230845
0.0495	1.8559082470448398	1.8559082470448398	1.8559082470448398	1.8559082470448398
0.04975	1.8533363771689237	1.8533363771689237	1.8533363771689237	1.8533363771689237
0.05	1.8507791675247653	1.8507791675247653	1.8507791675247653	1.8507791675247653
0.05025	1.848236515790234	1.848236515790234	1.848236515790234	1.848236515790234
0.0505	1.8457083205863316	1.8457083205863316	1.8457083205863316	1.8457083205863316
0.05075	1.8431944814572703	1.8431944814572703	1.8431944814572703	1.8431944814572703
0.051	1.8406948988950707	1.8406948988950707	1.8406948988950707	1.8406948988950707
0.05125	1.838209474283411	1.838209474283411	1.838209474283411	1.838209474283411
0.0515	1.8357381098948409	1.8357381098948409	1.8357381098948409	1.8357381098948409
0.05175	1.8332807089161023	1.8332807089161023	1.8332807089161023	1.8332807089161023
0.052	1.8308371754060742	1.8308371754060742	1.8308371754060742	1.8308371754060742
0.05225	1.8284074142944402	1.8284074142944402	1.8284074142944402	1.8284074142944402
0.0525	1.8259913313700094	1.8259913313700094	1.8259913313700094	1.8259913313700094
0.05275	1.8235888332704515	1.8235888332704515	1.8235888332704515	1.8235888332704515
0.053	1.821199827486536	1.821199827486536	1.821199827486536	1.821199827486536
0.05325	1.8188242223386442	1.8188242223386442	1.8188242223386442	1.8188242223386442
0.0535	1.8164619269536295	1.8164619269536295	1.8164619269536295	1.8164619269536295
0.05375	1.814112851297011	1.814112851297011	1.814112851297011	1.814112851297011
0.054	1.8117769061325968	1.8117769061325968	1.8117769061325968	1.8117769061325968
0.05425	1.8094540030128037	1.8094540030128037	1.8094540030128037	1.8094540030128037
0.0545	1.8071440542921766	1.8071440542921766	1.8071440542921766	1.8071440542921766
0.05475	1.804846973080811	1.804846973080811	1.804846973080811	1.804846973080811
0.055	1.8025626732875586	1.8025626732875586	1.8025626732875586	1.8025626732875586
0.05525	1.8002910695813288	1.8002910695813288	1.8002910695813288	1.8002910695813288
0.0555	1.7980320773590988	1.7980320773590988	1.7980320773590988	1.7980320773590988
0.05575	1.7957856127866458	1.7957856127866458	1.7957856127866458	1.7957856127866458
0.056	1.7935515927704884	1.7935515927704884	1.7935515927704884	1.7935515927704884
0.05625	1.7913299349319414	1.7913299349319414	1.7913299349319414	1.7913299349319414
0.0565	1.789120557630893	1.789120557630893	1.789120557630893	1.789120557630893
0.05675	1.7869233799273794	1.7869233799273794	1.7869233799273794	1.7869233799273794
0.057	1.7847383215923365	1.7847383215923365	1.7847383215923365	1.7847383215923365
0.05725	1.7825653031082915	1.7825653031082915	1.7825653031082915	1.7825653031082915
0.0575	1.7804042456418634	1.7804042456418634	1.7804042456418634	1.7804042456418634
0.05775	1.7782550710293819	1.7782550710293819	1.7782550710293819	1.7782550710293819
0.058	1.776117701813979	1.776117701813979	1.776117701813979	1.776117701813979
0.05825	1.773992061190343	1.773992061190343	1.773992061190343	1.773992061190343
0.0585	1.771878073011094	1.771878073011094	1.771878073011094	1.771878073011094
0.05875	1.7697756618096705	1.7697756618096705	1.7697756618096705	1.7697756618096705
0.059	1.7676847527338944	1.7676847527338944	1.7676847527338944	1.7676847527338944
0.05925	1.7656052716097514	1.7656052716097514	1.7656052716097514	1.7656052716097514
0.0595	1.763537144884983	1.763537144884983	1.763537144884983	1.763537144884983
0.05975	1.7614802996116512	1.7614802996116512	1.7614802996116512	1.7614802996116512
0.06	1.759434663510484	1.759434663510484	1.759434663510484	1.759434663510484
0.06025	1.7574001648933708	1.7574001648933708	1.7574001648933708	1.7574001648933708
0.0605	1.755376732672108	1.755376732672108	1.755376732672108	1.755376732672108
0.06075	1.7533642963835954	1.7533642963835954	1.7533642963835954	1.7533642963835954
0.061	1.7513627861410623	1.7513627861410623	1.7513627861410623	1.7513627861410623
0.06125	1.7493721326756781	1.7493721326756781	1.7493721326756781	1.7493721326756781
0.0615	1.7473922672841293	1.7473922672841293	1.7473922672841293	1.7473922672841293
0.06175	1.7454231218319736	1.7454231218319736	1.7454231218319736	1.7454231218319736
0.062	1.743464628785803	1.743464628785803	1.743464628785803	1.743464628785803
0.06225	1.7415167211659581	1.7415167211659581	1.7415167211659581	1.7415167211659581
0.0625	1.7395793325472195	1.7395793325472195	1.7395793325472195	1.7395793325472195
0.06275	1.7376523970668247	1.7376523970668247	1.7376523970668247	1.7376523970668247
0.063	1.7357358494092625	1.7357358494092625	1.7357358494092625	1.7357358494092625
0.06325	1.733829624817067	1.733829624817067	1.733829624817067	1.733829624817067
0.0635	1.7319336590570404	1.7319336590570404	1.7319336590570404	1.7319336590570404
0.06375	1.7300478884223782	1.7300478884223782	1.7300478884223782	1.7300478884223782
0.064	1.7281722497599432	1.7281722497599432	1.7281722497599432	1.7281722497599432
0.06425	1.7263066804141136	1.7263066804141136	1.7263066804141136	1.7263066804141136
0.0645	1.7244511182666689	1.7244511182666689	1.7244511182666689	1.7244511182666689
0.06475	1.7226055016997555	1.7226055016997555	1.7226055016997555	1.7226055016997555
0.065	1.720769769590138	1.720769769590138	1.720769769590138	1.720769769590138
0.06525	1.7189438613596282	1.7189438613596282	1.7189438613596282	1.7189438613596282
0.0655	1.717127716885572	1.717127716885572	1.717127716885572	1.717127716885572
0.06575	1.715321276545891	1.715321276545891	1.715321276545891	1.715321276545891
0.066	1.7135244812276438	1.7135244812276438	1.7135244812276438	1.7135244812276438
0.06625	1.7117372722736162	1.7117372722736162	1.7117372722736162	1.7117372722736162
0.0665	1.7099595915168548	1.7099595915168548	1.7099595915168548	1.7099595915168548
0.06675	1.7081913812715541	1.7081913812715541	1.7081913812715541	1.7081913812715541
0.067	1.706432584297295	1.706432584297295	1.706432584297295	1.706432584297295
0.06725	1.7046831438418564	1.7046831438418564	1.7046831438418564	1.7046831438418564
0.0675	1.702943003603547	1.702943003603547	1.702943003603547	1.702943003603547
0.06775	1.7012121077172957	1.7012121077172957	1.7012121077172957	1.7012121077172957
0.068	1.699490400804971	1.699490400804971	1.699490400804971	1.699490400804971
0.06825	1.6977778279110252	1.6977778279110252	1.6977778279110252	1.6977778279110252
0.0685	1.6960743345184504	1.6960743345184504	1.6960743345184504	1.6960743345184504
0.06875	1.6943798665532006	1.6943798665532006	1.6943798665532006	1.6943798665532006
0.069	1.692694370375508	1.692694370375508	1.692694370375508	1.692694370375508
0.06925	1.6910177927869376	1.6910177927869376	1.6910177927869376	1.6910177927869376
0.0695	1.6893500809885917	1.6893500809885917	1.6893500809885917	1.6893500809885917
0.06975	1.687691182618337	1.687691182618337	1.687691182618337	1.687691182618337
0.07	1.6860410457307942	1.6860410457307942	1.6860410457307942	1.6860410457307942
0.07025	1.68439961878754	1.68439961878754	1.68439961878754	1.68439961878754
0.0705	1.6827668506624003	1.6827668506624003	1.6827668506624003	1.6827668506624003
0.07075	1.6811426906314595	1.6811426906314595	1.6811426906314595	1.6811426906314595
0.071	1.679527088375844	1.679527088375844	1.679527088375844	1.679527088375844
0.07125	1.6779199939710154	1.6779199939710154	1.6779199939710154	1.6779199939710154
0.0715	1.6763213578868812	1.6763213578868812	1.6763213578868812	1.6763213578868812
0.07175	1.6747311309788757	1.6747311309788757	1.6747311309788757	1.6747311309788757
0.072	1.6731492644960086	1.6731492644960086	1.6731492644960086	1.6731492644960086
0.07225	1.6715757100665223	1.6715757100665223	1.6715757100665223	1.6715757100665223
0.0725	1.6700104196976944	1.6700104196976944	1.6700104196976944	1.6700104196976944
0.07275	1.6684533457650748	1.6684533457650748	1.6684533457650748	1.6684533457650748
0.073	1.6669044410187268	1.6669044410187268	1.6669044410187268	1.6669044410187268
0.07325	1.6653636585952993	1.6653636585952993	1.6653636585952993	1.6653636585952993
0.0735	1.6638309519727785	1.6638309519727785	1.6638309519727785	1.6638309519727785
0.07375	1.6623062749949988	1.6623062749949988	1.6623062749949988	1.6623062749949988
0.074	1.6607895818663492	1.6607895818663492	1.6607895818663492	1.6607895818663492
0.07425	1.6592808271538595	1.6592808271538595	1.6592808271538595	1.6592808271538595
0.0745	1.6577799657704804	1.6577799657704804	1.6577799657704804	1.6577799657704804
0.07475	1.6562869529704234	1.6562869529704234	1.6562869529704234	1.6562869529704234
0.075	1.6548017443543315	1.6548017443543315	1.6548017443543315	1.6548017443543315
0.07525	1.65332429587917	1.65332429587917	1.65332429587917	1.65332429587917
0.0755	1.6518545638257374	1.6518545638257374	1.6518545638257374	1.6518545638257374
0.07575	1.6503925048120394	1.6503925048120394	1.6503925048120394	1.6503925048120394
0.076	1.6489380757885574	1.6489380757885574	1.6489380757885574	1.6489380757885574
0.07625	1.6474912340426395	1.6474912340426395	1.6474912340426395	1.6474912340426395
0.0765	1.646051937186182	1.646051937186182	1.646051937186182	1.646051937186182
0.07675	1.6446201431432348	1.6446201431432348	1.6446201431432348	1.6446201431432348
0.077	1.6431958101631725	1.6431958101631725	1.6431958101631725	1.6431958101631725
0.07725	1.6417788968275868	1.6417788968275868	1.6417788968275868	1.6417788968275868
0.0775	1.6403693620207358	1.6403693620207358	1.6403693620207358	1.6403693620207358
0.07775	1.6389671649262103	1.6389671649262103	1.6389671649262103	1.6389671649262103
0.078	1.6375722650584674	1.6375722650584674	1.6375722650584674	1.6375722650584674
0.07825	1.6361846222232854	1.6361846222232854	1.6361846222232854	1.6361846222232854
0.0785	1.6348041965433786	1.6348041965433786	1.6348041965433786	1.6348041965433786
0.07875	1.6334309484343101	1.6334309484343101	1.6334309484343101	1.6334309484343101
0.079	1.6320648385974423	1.6320648385974423	1.6320648385974423	1.6320648385974423
0.07925	1.6307058280519438	1.6307058280519438	1.6307058280519438	1.6307058280519438
0.0795	1.6293538781055834	1.6293538781055834	1.6293538781055834	1.6293538781055834
0.07975	1.6280089503360882	1.6280089503360882	1.6280089503360882	1.6280089503360882
0.08	1.6266710066283558	1.6266710066283558	1.6266710066283558	1.6266710066283558
0.08025	1.6253400091525192	1.6253400091525192	1.6253400091525192	1.6253400091525192
0.0805	1.6240159203460316	1.6240159203460316	1.6240159203460316	1.6240159203460316
0.08075	1.622698702942934	1.622698702942934	1.622698702942934	1.622698702942934
0.081	1.621388319939542	1.621388319939542	1.621388319939542	1.621388319939542
0.08125	1.6200847346236658	1.6200847346236658	1.6200847346236658	1.6200847346236658
0.0815	1.6187879105488165	1.6187879105488165	1.6187879105488165	1.6187879105488165
0.08175	1.6174978115235699	1.6174978115235699	1.6174978115235699	1.6174978115235699
0.082	1.616214401647261	1.616214401647261	1.616214401647261	1.616214401647261
0.08225	1.614937645275816	1.614937645275816	1.614937645275816	1.614937645275816
0.0825	1.6136675070314213	1.6136675070314213	1.6136675070314213	1.6136675070314213
0.08275	1.6124039517822897	1.6124039517822897	1.6124039517822897	1.6124039517822897
0.083	1.6111469446679654	1.6111469446679654	1.6111469446679654	1.6111469446679654
0.08325	1.6098964510956568	1.6098964510956568	1.6098964510956568	1.6098964510956568
0.0835	1.6086524367061423	1.6086524367061423	1.6086524367061423	1.6086524367061423
0.08375	1.6074148673923951	1.6074148673923951	1.6074148673923951	1.6074148673923951
0.084	1.6061837093143156	1.6061837093143156	1.6061837093143156	1.6061837093143156
0.08425	1.6049589288685295	1.6049589288685295	1.6049589288685295	1.6049589288685295
0.0845	1.6037404926994916	1.6037404926994916	1.6037404926994916	1.6037404926994916
0.08475	1.602528367690596	1.602528367690596	1.602528367690596	1.602528367690596
0.085	1.601322520965692	1.601322520965692	1.601322520965692	1.601322520965692
0.08525	1.6001229199022615	1.6001229199022615	1.6001229199022615	1.6001229199022615
0.0855	1.5989295321009687	1.5989295321009687	1.5989295321009687	1.5989295321009687
0.08575	1.5977423253947125	1.5977423253947125	1.5977423253947125	1.5977423253947125
0.086	1.5965612678691459	1.5965612678691459	1.5965612678691459	1.5965612678691459
0.08625	1.595386327816915	1.595386327816915	1.595386327816915	1.595386327816915
0.0865	1.5942174737701165	1.5942174737701165	1.5942174737701165	1.5942174737701165
0.08675	1.5930546745051162	1.5930546745051162	1.5930546745051162	1.5930546745051162
0.087	1.5918978989865233	1.5918978989865233	1.5918978989865233	1.5918978989865233
0.08725	1.5907471164368958	1.5907471164368958	1.5907471164368958	1.5907471164368958
0.0875	1.5896022962867198	1.5896022962867198	1.5896022962867198	1.5896022962867198
0.08775	1.588463408177133	1.588463408177133	1.588463408177133	1.588463408177133
0.088	1.5873304219888438	1.5873304219888438	1.5873304219888438	1.5873304219888438
0.08825	1.5862033077951323	1.5862033077951323	1.5862033077951323	1.5862033077951323
0.0885	1.5850820358990323	1.5850820358990323	1.5850820358990323	1.5850820358990323
0.08875	1.5839665768139828	1.5839665768139828	1.5839665768139828	1.5839665768139828
0.089	1.582856901259874	1.582856901259874	1.582856901259874	1.582856901259874
0.08925	1.58175298016198	1.58175298016198	1.58175298016198	1.58175298016198
0.0895	1.580654784666793	1.580654784666793	1.580654784666793	1.580654784666793
0.08975	1.5795622861116816	1.5795622861116816	1.5795622861116816	1.5795622861116816
0.09	1.5784754560441965	1.5784754560441965	1.5784754560441965	1.5784754560441965
0.09025	1.5773942662119294	1.5773942662119294	1.5773942662119294	1.5773942662119294
0.0905	1.5763186885649145	1.5763186885649145	1.5763186885649145	1.5763186885649145
0.09075	1.5752486952631037	1.5752486952631037	1.5752486952631037	1.5752486952631037
0.091	1.5741842586284502	1.5741842586284502	1.5741842586284502	1.5741842586284502
0.09125	1.573125351218243	1.573125351218243	1.573125351218243	1.573125351218243
0.0915	1.5720719457700252	1.5720719457700252	1.5720719457700252	1.5720719457700252
0.09175	1.5710240151966328	1.5710240151966328	1.5710240151966328	1.5710240151966328
0.092	1.5699815326241529	1.5699815326241529	1.5699815326241529	1.5699815326241529
0.09225	1.5689444713532978	1.5689444713532978	1.5689444713532978	1.5689444713532978
0.0925	1.567912804887005	1.567912804887005	1.567912804887005	1.567912804887005
0.09275	1.5668865069091515	1.5668865069091515	1.5668865069091515	1.5668865069091515
0.093	1.5658655512692135	1.5658655512692135	1.5658655512692135	1.5658655512692135
0.09325	1.5648499120241488	1.5648499120241488	1.5648499120241488	1.5648499120241488
0.0935	1.5638395634125304	1.5638395634125304	1.5638395634125304	1.5638395634125304
0.09375	1.5628344798303677	1.5628344798303677	1.5628344798303677	1.5628344798303677
0.094	1.5618346358730777	1.5618346358730777	1.5618346358730777	1.5618346358730777
0.09425	1.560840006306822	1.560840006306822	1.560840006306822	1.560840006306822
0.0945	1.5598505660729622	1.5598505660729622	1.5598505660729622	1.5598505660729622
0.09475	1.5588662902908252	1.5588662902908252	1.5588662902908252	1.5588662902908252
0.095	1.5578871542431227	1.5578871542431227	1.5578871542431227	1.5578871542431227
0.09525	1.55691313340291	1.55691313340291	1.55691313340291	1.55691313340291
0.0955	1.5559442033930462	1.5559442033930462	1.5559442033930462	1.5559442033930462
0.09575	1.5549803400109734	1.5549803400109734	1.5549803400109734	1.5549803400109734
0.096	1.5540215192368092	1.5540215192368092	1.5540215192368092	1.5540215192368092
0.09625	1.5530677171952147	1.5530677171952147	1.5530677171952147	1.5530677171952147
0.0965	1.552118910190556	1.552118910190556	1.552118910190556	1.552118910190556
0.09675	1.5511750746893618	1.5511750746893618	1.5511750746893618	1.5511750746893618
0.097	1.5502361873049209	1.5502361873049209	1.5502361873049209	1.5502361873049209
0.09725	1.5493022248350472	1.5493022248350472	1.5493022248350472	1.5493022248350472
0.0975	1.5483731642320209	1.5483731642320209	1.5483731642320209	1.5483731642320209
0.09775	1.5474489825851152	1.5474489825851152	1.5474489825851152	1.5474489825851152
0.098	1.5465296571655636	1.5465296571655636	1.5465296571655636	1.5465296571655636
0.09825	1.545615165392462	1.545615165392462	1.545615165392462	1.545615165392462
0.0985	1.5447054848389694	1.5447054848389694	1.5447054848389694	1.5447054848389694
0.09875	1.5438005932355723	1.5438005932355723	1.5438005932355723	1.5438005932355723
0.099	1.5429004684550678	1.5429004684550678	1.5429004684550678	1.5429004684550678
0.09925	1.5420050885352221	1.5420050885352221	1.5420050885352221	1.5420050885352221
0.0995	1.5411144316574368	1.5411144316574368	1.5411144316574368	1.5411144316574368
0.09975	1.5402284761509766	1.5402284761509766	1.5402284761509766	1.5402284761509766
0.1	1.5393472004919495	1.5393472004919495	1.5393472004919495	1.5393472004919495
0.10025	1.5384705833040966	1.5384705833040966	1.5384705833040966	1.5384705833040966
0.1005	1.5375986033676607	1.5375986033676607	1.5375986033676607	1.5375986033676607
0.10075	1.536731239590891	1.536731239590891	1.536731239590891	1.536731239590891
0.101	1.5358684710281463	1.5358684710281463	1.5358684710281463	1.5358684710281463
0.10125	1.5350102768901726	1.5350102768901726	1.5350102768901726	1.5350102768901726
0.1015	1.534156636517008	1.534156636517008	1.534156636517008	1.534156636517008
0.10175	1.5333075293852887	1.5333075293852887	1.5333075293852887	1.5333075293852887
0.102	1.5324629351208732	1.5324629351208732	1.5324629351208732	1.5324629351208732
0.10225	1.5316228334766577	1.5316228334766577	1.5316228334766577	1.5316228334766577
0.1025	1.5307872043561188	1.5307872043561188	1.5307872043561188	1.5307872043561188
0.10275	1.5299560277945836	1.5299560277945836	1.5299560277945836	1.5299560277945836
0.103	1.5291292839494341	1.5291292839494341	1.5291292839494341	1.5291292839494341
0.10325	1.5283069531237898	1.5283069531237898	1.5283069531237898	1.5283069531237898
0.1035	1.527489015754403	1.527489015754403	1.527489015754403	1.527489015754403
0.10375	1.5266754524093749	1.5266754524093749	1.5266754524093749	1.5266754524093749
0.104	1.5258662437781074	1.5258662437781074	1.5258662437781074	1.5258662437781074
0.10425	1.525061370688529	1.525061370688529	1.525061370688529	1.525061370688529
0.1045	1.5242608141021528	1.5242608141021528	1.5242608141021528	1.5242608141021528
0.10475	1.5234645550970096	1.5234645550970096	1.5234645550970096	1.5234645550970096
0.105	1.5226725748850303	1.5226725748850303	1.5226725748850303	1.5226725748850303
0.10525	1.5218848547995905	1.5218848547995905	1.5218848547995905	1.5218848547995905
0.1055	1.521101376301416	1.521101376301416	1.521101376301416	1.521101376301416
0.10575	1.5203221209865598	1.5203221209865598	1.5203221209865598	1.5203221209865598
0.106	1.5195470705531207	1.5195470705531207	1.5195470705531207	1.5195470705531207
0.10625	1.5187762068356212	1.5187762068356212	1.5187762068356212	1.5187762068356212
0.1065	1.5180095117861465	1.5180095117861465	1.5180095117861465	1.5180095117861465
0.10675	1.5172469674816536	1.5172469674816536	1.5172469674816536	1.5172469674816536
0.107	1.516488556112202	1.516488556112202	1.516488556112202	1.516488556112202
0.10725	1.5157342599840886	1.5157342599840886	1.5157342599840886	1.5157342599840886
0.1075	1.514984061540053	1.514984061540053	1.514984061540053	1.514984061540053
0.10775	1.5142379433206745	1.5142379433206745	1.5142379433206745	1.5142379433206745
0.108	1.5134958879844613	1.5134958879844613	1.5134958879844613	1.5134958879844613
0.10825	1.512757878313222	1.512757878313222	1.512757878313222	1.512757878313222
0.1085	1.5120238972019568	1.5120238972019568	1.5120238972019568	1.5120238972019568
0.10875	1.5112939276606052	1.5112939276606052	1.5112939276606052	1.5112939276606052
0.109	1.5105679528001907	1.5105679528001907	1.5105679528001907	1.5105679528001907
0.10925	1.509845955854024	1.509845955854024	1.509845955854024	1.509845955854024
0.1095	1.5091279201733572	1.5091279201733572	1.5091279201733572	1.5091279201733572
0.10975	1.5084138292059603	1.5084138292059603	1.5084138292059603	1.5084138292059603
0.11	1.5077036665117693	1.5077036665117693	1.5077036665117693	1.5077036665117693
0.11025	1.5069974157649937	1.5069974157649937	1.5069974157649937	1.5069974157649937
0.1105	1.5062950607522536	1.5062950607522536	1.5062950607522536	1.5062950607522536
0.11075	1.5055965853552329	1.5055965853552329	1.5055965853552329	1.5055965853552329
0.111	1.5049019735661169	1.5049019735661169	1.5049019735661169	1.5049019735661169
0.11125	1.504211209486448	1.504211209486448	1.504211209486448	1.504211209486448
0.1115	1.50352427732496	1.50352427732496	1.50352427732496	1.50352427732496
0.11175	1.5028411613870243	1.5028411613870243	1.5028411613870243	1.5028411613870243
0.112	1.502161846085749	1.502161846085749	1.502161846085749	1.502161846085749
0.11225	1.5014863159362417	1.5014863159362417	1.5014863159362417	1.5014863159362417
0.1125	1.5008145555574324	1.5008145555574324	1.5008145555574324	1.5008145555574324
0.11275	1.500146549672695	1.500146549672695	1.500146549672695	1.500146549672695
0.113	1.499482283092877	1.499482283092877	1.499482283092877	1.499482283092877
0.11325	1.4988217407412259	1.4988217407412259	1.4988217407412259	1.4988217407412259
0.1135	1.4981649076430703	1.4981649076430703	1.4981649076430703	1.4981649076430703
0.11375	1.4975117689095947	1.4975117689095947	1.4975117689095947	1.4975117689095947
0.114	1.4968623097550584	1.4968623097550584	1.4968623097550584	1.4968623097550584
0.11425	1.4962165154953948	1.4962165154953948	1.4962165154953948	1.4962165154953948
0.1145	1.4955743715396839	1.4955743715396839	1.4955743715396839	1.4955743715396839
0.11475	1.4949358633955925	1.4949358633955925	1.4949358633955925	1.4949358633955925
0.115	1.4943009766605417	1.4943009766605417	1.4943009766605417	1.4943009766605417
0.11525	1.4936696970222436	1.4936696970222436	1.4936696970222436	1.4936696970222436
0.1155	1.4930420102804003	1.4930420102804003	1.4930420102804003	1.4930420102804003
0.11575	1.4924179023175475	1.4924179023175475	1.4924179023175475	1.4924179023175475
0.116	1.491797359100302	1.491797359100302	1.491797359100302	1.491797359100302
0.11625	1.491180366696313	1.491180366696313	1.491180366696313	1.491180366696313
0.1165	1.4905669112683515	1.4905669112683515	1.4905669112683515	1.4905669112683515
0.11675	1.4899569790633571	1.4899569790633571	1.4899569790633571	1.4899569790633571
0.117	1.4893505564169311	1.4893505564169311	1.4893505564169311	1.4893505564169311
0.11725	1.4887476297631261	1.4887476297631261	1.4887476297631261	1.4887476297631261
0.1175	1.488148185607874	1.488148185607874	1.488148185607874	1.488148185607874
0.11775	1.4875522105681034	1.4875522105681034	1.4875522105681034	1.4875522105681034
0.118	1.4869596913349503	1.4869596913349503	1.4869596913349503	1.4869596913349503
0.11825	1.486370614680284	1.486370614680284	1.486370614680284	1.486370614680284
0.1185	1.4857849674773875	1.4857849674773875	1.4857849674773875	1.4857849674773875
0.11875	1.4852027366770348	1.4852027366770348	1.4852027366770348	1.4852027366770348
0.119	1.4846239093184879	1.4846239093184879	1.4846239093184879	1.4846239093184879
0.11925	1.484048472522715	1.484048472522715	1.484048472522715	1.484048472522715
0.1195	1.4834764134889864	1.4834764134889864	1.4834764134889864	1.4834764134889864
0.11975	1.482907719518378	1.482907719518378	1.482907719518378	1.482907719518378
0.12	1.4823423779852654	1.4823423779852654	1.4823423779852654	1.4823423779852654
0.12025	1.4817803763311315	1.4817803763311315	1.4817803763311315	1.4817803763311315
0.1205	1.4812217021095648	1.4812217021095648	1.4812217021095648	1.4812217021095648
0.12075	1.4806663429288136	1.4806663429288136	1.4806663429288136	1.4806663429288136
0.121	1.4801142864901116	1.4801142864901116	1.4801142864901116	1.4801142864901116
0.12125	1.479565520584101	1.479565520584101	1.479565520584101	1.479565520584101
0.1215	1.4790200330528809	1.4790200330528809	1.4790200330528809	1.4790200330528809
0.12175	1.478477811849353	1.478477811849353	1.478477811849353	1.478477811849353
0.122	1.4779388449919513	1.4779388449919513	1.4779388449919513	1.4779388449919513
0.12225	1.4774031205668254	1.4774031205668254	1.4774031205668254	1.4774031205668254
0.1225	1.4768706267561873	1.4768706267561873	1.4768706267561873	1.4768706267561873
0.12275	1.4763413518110835	1.4763413518110835	1.4763413518110835	1.4763413518110835
0.123	1.475815284055054	1.475815284055054	1.475815284055054	1.475815284055054
0.12325	1.475292411892079	1.475292411892079	1.475292411892079	1.475292411892079
0.1235	1.474772723806065	1.474772723806065	1.474772723806065	1.474772723806065
0.12375	1.474256208351922	1.474256208351922	1.474256208351922	1.474256208351922
0.124	1.4737428541565725	1.4737428541565725	1.4737428541565725	1.4737428541565725
0.12425	1.4732326499235908	1.4732326499235908	1.4732326499235908	1.4732326499235908
0.1245	1.4727255844351863	1.4727255844351863	1.4727255844351863	1.4727255844351863
0.12475	1.4722216465400237	1.4722216465400237	1.4722216465400237	1.4722216465400237
0.125	1.4717208251593585	1.4717208251593585	1.4717208251593585	1.4717208251593585
0.12525	1.4712231092923242	1.4712231092923242	1.4712231092923242	1.4712231092923242
0.1255	1.470728488005104	1.470728488005104	1.470728488005104	1.470728488005104
0.12575	1.470236950440503	1.470236950440503	1.470236950440503	1.470236950440503
0.126	1.4697484858099328	1.4697484858099328	1.4697484858099328	1.4697484858099328
0.12625	1.4692630833875573	1.4692630833875573	1.4692630833875573	1.4692630833875573
0.1265	1.468780732530685	1.468780732530685	1.468780732530685	1.468780732530685
0.12675	1.4683014226612723	1.4683014226612723	1.4683014226612723	1.4683014226612723
0.127	1.4678251432620664	1.4678251432620664	1.4678251432620664	1.4678251432620664
0.12725	1.4673518838997492	1.4673518838997492	1.4673518838997492	1.4673518838997492
0.1275	1.4668816341947146	1.4668816341947146	1.4668816341947146	1.4668816341947146
0.12775	1.4664143838443737	1.4664143838443737	1.4664143838443737	1.4664143838443737
0.128	1.4659501226212344	1.4659501226212344	1.4659501226212344	1.4659501226212344
0.12825	1.4654888403365736	1.4654888403365736	1.4654888403365736	1.4654888403365736
0.1285	1.4650305268968444	1.4650305268968444	1.4650305268968444	1.4650305268968444
0.12875	1.4645751722683107	1.4645751722683107	1.4645751722683107	1.4645751722683107
0.129	1.464122766469336	1.464122766469336	1.464122766469336	1.464122766469336
0.12925	1.4636732996019142	1.4636732996019142	1.4636732996019142	1.4636732996019142
0.1295	1.4632267618178803	1.4632267618178803	1.4632267618178803	1.4632267618178803
0.12975	1.4627831433452123	1.4627831433452123	1.4627831433452123	1.4627831433452123
0.13	1.4623424344718514	1.4623424344718514	1.4623424344718514	1.4623424344718514
0.13025	1.4619046255420791	1.4619046255420791	1.4619046255420791	1.4619046255420791
0.1305	1.461469706976759	1.461469706976759	1.461469706976759	1.461469706976759
0.13075	1.4610376692544322	1.4610376692544322	1.4610376692544322	1.4610376692544322
0.131	1.4606085029112807	1.4606085029112807	1.4606085029112807	1.4606085029112807
0.13125	1.4601821985509695	1.4601821985509695	1.4601821985509695	1.4601821985509695
0.1315	1.4597587468360067	1.4597587468360067	1.4597587468360067	1.4597587468360067
0.13175	1.4593381384961188	1.4593381384961188	1.4593381384961188	1.4593381384961188
0.132	1.4589203643186568	1.4589203643186568	1.4589203643186568	1.4589203643186568
0.13225	1.458505415143881	1.458505415143881	1.458505415143881	1.458505415143881
0.1325	1.4580932818878805	1.4580932818878805	1.4580932818878805	1.4580932818878805
0.13275	1.457683955517804	1.457683955517804	1.457683955517804	1.457683955517804
0.133	1.4572774270550841	1.4572774270550841	1.4572774270550841	1.4572774270550841
0.13325	1.456873687593964	1.456873687593964	1.456873687593964	1.456873687593964
0.1335	1.4564727282738874	1.4564727282738874	1.4564727282738874	1.4564727282738874
0.13375	1.4560745403038309	1.4560745403038309	1.4560745403038309	1.4560745403038309
0.134	1.455679114951798	1.455679114951798	1.455679114951798	1.455679114951798
0.13425	1.4552864435254984	1.4552864435254984	1.4552864435254984	1.4552864435254984
0.1345	1.4548965174108117	1.4548965174108117	1.4548965174108117	1.4548965174108117
0.13475	1.4545093280484236	1.4545093280484236	1.4545093280484236	1.4545093280484236
0.135	1.4541248669209799	1.4541248669209799	1.4541248669209799	1.4541248669209799
0.13525	1.4537431255784838	1.4537431255784838	1.4537431255784838	1.4537431255784838
0.1355	1.4533640956300873	1.4533640956300873	1.4533640956300873	1.4533640956300873
0.13575	1.4529877687362271	1.4529877687362271	1.4529877687362271	1.4529877687362271
0.136	1.4526141366145742	1.4526141366145742	1.4526141366145742	1.4526141366145742
0.13625	1.4522431910323474	1.4522431910323474	1.4522431910323474	1.4522431910323474
0.1365	1.4518749238172275	1.4518749238172275	1.4518749238172275	1.4518749238172275
0.13675	1.4515093268583152	1.4515093268583152	1.4515093268583152	1.4515093268583152
0.137	1.4511463920803804	1.4511463920803804	1.4511463920803804	1.4511463920803804
0.13725	1.450786111478298	1.450786111478298	1.450786111478298	1.450786111478298
0.1375	1.4504284770940201	1.4504284770940201	1.4504284770940201	1.4504284770940201
0.13775	1.4500734810202895	1.4500734810202895	1.4500734810202895	1.4500734810202895
0.138	1.44972111541887	1.44972111541887	1.44972111541887	1.44972111541887
0.13825	1.4493713724779365	1.4493713724779365	1.4493713724779365	1.4493713724779365
0.1385	1.4490242444603305	1.4490242444603305	1.4490242444603305	1.4490242444603305
0.13875	1.4486797236708653	1.4486797236708653	1.4486797236708653	1.4486797236708653
0.139	1.4483378024649889	1.4483378024649889	1.4483378024649889	1.4483378024649889
0.13925	1.4479984732588587	1.4479984732588587	1.4479984732588587	1.4479984732588587
0.1395	1.4476617285075535	1.4476617285075535	1.4476617285075535	1.4476617285075535
0.13975	1.4473275607264666	1.4473275607264666	1.4473275607264666	1.4473275607264666
0.14	1.4469959624824233	1.4469959624824233	1.4469959624824233	1.4469959624824233
0.14025	1.4466669263827328	1.4466669263827328	1.4466669263827328	1.4466669263827328
0.1405	1.4463404450931363	1.4463404450931363	1.4463404450931363	1.4463404450931363
0.14075	1.4460165113254013	1.4460165113254013	1.4460165113254013	1.4460165113254013
0.141	1.4456951178448174	1.4456951178448174	1.4456951178448174	1.4456951178448174
0.14125	1.4453762574670732	1.4453762574670732	1.4453762574670732	1.4453762574670732
0.1415	1.445059923042161	1.445059923042161	1.445059923042161	1.445059923042161
0.14175	1.4447461074920973	1.4447461074920973	1.4447461074920973	1.4447461074920973
0.142	1.4444348037680705	1.4444348037680705	1.4444348037680705	1.4444348037680705
0.14225	1.4441260048781361	1.4441260048781361	1.4441260048781361	1.4441260048781361
0.1425	1.4438197038774496	1.4438197038774496	1.4438197038774496	1.4438197038774496
0.14275	1.4435158938662822	1.4435158938662822	1.4435158938662822	1.4435158938662822
0.143	1.4432145679978492	1.4432145679978492	1.4432145679978492	1.4432145679978492
0.14325	1.442915719466672	1.442915719466672	1.442915719466672	1.442915719466672
0.1435	1.4426193415124597	1.4426193415124597	1.4426193415124597	1.4426193415124597
0.14375	1.4423254274304627	1.4423254274304627	1.4423254274304627	1.4423254274304627
0.144	1.442033970560794	1.442033970560794	1.442033970560794	1.442033970560794
0.14425	1.441744964275728	1.441744964275728	1.441744964275728	1.441744964275728
0.1445	1.4414584020102716	1.4414584020102716	1.4414584020102716	1.4414584020102716
0.14475	1.4411742772387115	1.4411742772387115	1.4411742772387115	1.4411742772387115
0.145	1.440892583478185	1.440892583478185	1.440892583478185	1.440892583478185
0.14525	1.4406133142976036	1.4406133142976036	1.4406133142976036	1.4406133142976036
0.1455	1.4403364633002422	1.4403364633002422	1.4403364633002422	1.4403364633002422
0.14575	1.4400620241462203	1.4400620241462203	1.4400620241462203	1.4400620241462203
0.146	1.4397899905339957	1.4397899905339957	1.4397899905339957	1.4397899905339957
0.14625	1.4395203562033083	1.4395203562033083	1.4395203562033083	1.4395203562033083
0.1465	1.4392531149440968	1.4392531149440968	1.4392531149440968	1.4392531149440968
0.14675	1.4389882605794444	1.4389882605794444	1.4389882605794444	1.4389882605794444
0.147	1.4387257869958905	1.4387257869958905	1.4387257869958905	1.4387257869958905
0.14725	1.4384656881053077	1.4384656881053077	1.4384656881053077	1.4384656881053077
0.1475	1.438207957862326	1.438207957862326	1.438207957862326	1.438207957862326
0.14775	1.4379525902820292	1.4379525902820292	1.4379525902820292	1.4379525902820292
0.148	1.4376995794023593	1.4376995794023593	1.4376995794023593	1.4376995794023593
0.14825	1.4374489193117268	1.4374489193117268	1.4374489193117268	1.4374489193117268
0.1485	1.437200604145974	1.437200604145974	1.437200604145974	1.437200604145974
0.14875	1.4369546280696628	1.4369546280696628	1.4369546280696628	1.4369546280696628
0.149	1.4367109853060036	1.4367109853060036	1.4367109853060036	1.4367109853060036
0.14925	1.436469670107639	1.436469670107639	1.436469670107639	1.436469670107639
0.1495	1.4362306767661852	1.4362306767661852	1.4362306767661852	1.4362306767661852
0.14975	1.4359939996292757	1.4359939996292757	1.4359939996292757	1.4359939996292757
0.15	1.4357596330713824	1.4357596330713824	1.4357596330713824	1.4357596330713824
0.15025	1.435527571510556	1.435527571510556	1.435527571510556	1.435527571510556
0.1505	1.4352978094099587	1.4352978094099587	1.4352978094099587	1.4352978094099587
0.15075	1.4350703412665673	1.4350703412665673	1.4350703412665673	1.4350703412665673
0.151	1.434845161629611	1.434845161629611	1.434845161629611	1.434845161629611
0.15125	1.4346222650756737	1.4346222650756737	1.4346222650756737	1.4346222650756737
0.1515	1.4344016462171303	1.4344016462171303	1.4344016462171303	1.4344016462171303
0.15175	1.4341832997244746	1.4341832997244746	1.4341832997244746	1.4341832997244746
0.152	1.4339672202981584	1.4339672202981584	1.4339672202981584	1.4339672202981584
0.15225	1.4337534026660925	1.4337534026660925	1.4337534026660925	1.4337534026660925
0.1525	1.4335418416120562	1.4335418416120562	1.4335418416120562	1.4335418416120562
0.15275	1.433332531953657	1.433332531953657	1.433332531953657	1.433332531953657
0.153	1.4331254685399852	1.4331254685399852	1.4331254685399852	1.4331254685399852
0.15325	1.4329206462723565	1.4329206462723565	1.4329206462723565	1.4329206462723565
0.1535	1.4327180600713862	1.4327180600713862	1.4327180600713862	1.4327180600713862
0.15375	1.4325177049153512	1.4325177049153512	1.4325177049153512	1.4325177049153512
0.154	1.4323195758086806	1.4323195758086806	1.4323195758086806	1.4323195758086806
0.15425	1.4321236677914706	1.4321236677914706	1.4321236677914706	1.4321236677914706
0.1545	1.4319299759520987	1.4319299759520987	1.4319299759520987	1.4319299759520987
0.15475	1.431738495401985	1.431738495401985	1.431738495401985	1.431738495401985
0.155	1.4315492213078316	1.4315492213078316	1.4315492213078316	1.4315492213078316
0.15525	1.4313621488598562	1.4313621488598562	1.4313621488598562	1.4313621488598562
0.1555	1.43117727327819	1.43117727327819	1.43117727327819	1.43117727327819
0.15575	1.4309945898430645	1.4309945898430645	1.4309945898430645	1.4309945898430645
0.156	1.4308140938528044	1.4308140938528044	1.4308140938528044	1.4308140938528044
0.15625	1.4306357806428243	1.4306357806428243	1.4306357806428243	1.4306357806428243
0.1565	1.4304596455940273	1.4304596455940273	1.4304596455940273	1.4304596455940273
0.15675	1.4302856841122944	1.4302856841122944	1.4302856841122944	1.4302856841122944
0.157	1.4301138916510343	1.4301138916510343	1.4301138916510343	1.4301138916510343
0.15725	1.4299442636905253	1.4299442636905253	1.4299442636905253	1.4299442636905253
0.1575	1.429776795745394	1.429776795745394	1.429776795745394	1.429776795745394
0.15775	1.4296114833725484	1.4296114833725484	1.4296114833725484	1.4296114833725484
0.158	1.429448322159547	1.429448322159547	1.429448322159547	1.429448322159547
0.15825	1.429287307732846	1.429287307732846	1.429287307732846	1.429287307732846
0.1585	1.4291284357464893	1.4291284357464893	1.4291284357464893	1.4291284357464893
0.15875	1.4289717018884973	1.4289717018884973	1.4289717018884973	1.4289717018884973
0.159	1.4288171018968605	1.4288171018968605	1.4288171018968605	1.4288171018968605
0.15925	1.4286646315321059	1.4286646315321059	1.4286646315321059	1.4286646315321059
0.1595	1.4285142865816753	1.4285142865816753	1.4285142865816753	1.4285142865816753
0.15975	1.4283660628801034	1.4283660628801034	1.4283660628801034	1.4283660628801034
0.16	1.4282199562927635	1.4282199562927635	1.4282199562927635	1.4282199562927635
0.16025	1.4280759627168296	1.4280759627168296	1.4280759627168296	1.4280759627168296
0.1605	1.427934078078519	1.427934078078519	1.427934078078519	1.427934078078519
0.16075	1.4277942983442784	1.4277942983442784	1.4277942983442784	1.4277942983442784
0.161	1.4276566195156979	1.4276566195156979	1.4276566195156979	1.4276566195156979
0.16125	1.4275210376235092	1.4275210376235092	1.4275210376235092	1.4275210376235092
0.1615	1.4273875487243721	1.4273875487243721	1.4273875487243721	1.4273875487243721
0.16175	1.4272561489211875	1.4272561489211875	1.4272561489211875	1.4272561489211875
0.162	1.427126834343319	1.427126834343319	1.427126834343319	1.427126834343319
0.16225	1.4269996011492687	1.4269996011492687	1.4269996011492687	1.4269996011492687
0.1625	1.4268744455373878	1.4268744455373878	1.4268744455373878	1.4268744455373878
0.16275	1.4267513637281322	1.4267513637281322	1.4267513637281322	1.4267513637281322
0.163	1.4266303519899262	1.4266303519899262	1.4266303519899262	1.4266303519899262
0.16325	1.4265114066067373	1.4265114066067373	1.4265114066067373	1.4265114066067373
0.1635	1.4263945239039397	1.4263945239039397	1.4263945239039397	1.4263945239039397
0.16375	1.426279700233519	1.426279700233519	1.426279700233519	1.426279700233519
0.164	1.426166931987563	1.426166931987563	1.426166931987563	1.426166931987563
0.16425	1.4260562155813115	1.4260562155813115	1.4260562155813115	1.4260562155813115
0.1645	1.4259475474563008	1.4259475474563008	1.4259475474563008	1.4259475474563008
0.16475	1.425840924105277	1.425840924105277	1.425840924105277	1.425840924105277
0.165	1.425736342032245	1.425736342032245	1.425736342032245	1.425736342032245
0.16525	1.4256337977841806	1.4256337977841806	1.4256337977841806	1.4256337977841806
0.1655	1.4255332879308547	1.4255332879308547	1.4255332879308547	1.4255332879308547
0.16575	1.4254348090790916	1.4254348090790916	1.4254348090790916	1.4254348090790916
0.166	1.4253383578649503	1.4253383578649503	1.4253383578649503	1.4253383578649503
0.16625	1.425243930948535	1.425243930948535	1.425243930948535	1.425243930948535
0.1665	1.4251515250302553	1.4251515250302553	1.4251515250302553	1.4251515250302553
0.16675	1.4250611368359154	1.4250611368359154	1.4250611368359154	1.4250611368359154
0.167	1.424972763120633	1.424972763120633	1.424972763120633	1.424972763120633
0.16725	1.4248864006744504	1.4248864006744504	1.4248864006744504	1.4248864006744504
0.1675	1.4248020463091335	1.4248020463091335	1.4248020463091335	1.4248020463091335
0.16775	1.4247196968693392	1.4247196968693392	1.4247196968693392	1.4247196968693392
0.168	1.4246393492406926	1.4246393492406926	1.4246393492406926	1.4246393492406926
0.16825	1.424561000319942	1.424561000319942	1.424561000319942	1.424561000319942
0.1685	1.424484647041545	1.424484647041545	1.424484647041545	1.424484647041545
0.16875	1.4244102863746457	1.4244102863746457	1.4244102863746457	1.4244102863746457
0.169	1.4243379153140496	1.4243379153140496	1.4243379153140496	1.4243379153140496
0.16925	1.4242675308759798	1.4242675308759798	1.4242675308759798	1.4242675308759798
0.1695	1.4241991301158654	1.4241991301158654	1.4241991301158654	1.4241991301158654
0.16975	1.4241327101199364	1.4241327101199364	1.4241327101199364	1.4241327101199364
0.17	1.4240682679888106	1.4240682679888106	1.4240682679888106	1.4240682679888106
0.17025	1.4240058008656054	1.4240058008656054	1.4240058008656054	1.4240058008656054
0.1705	1.4239453059181384	1.4239453059181384	1.4239453059181384	1.4239453059181384
0.17075	1.423886780336387	1.423886780336387	1.423886780336387	1.423886780336387
0.171	1.4238302213524285	1.4238302213524285	1.4238302213524285	1.4238302213524285
0.17125	1.423775626215567	1.423775626215567	1.423775626215567	1.423775626215567
0.1715	1.4237229922014727	1.4237229922014727	1.4237229922014727	1.4237229922014727
0.17175	1.4236723166300438	1.4236723166300438	1.4236723166300438	1.4236723166300438
0.172	1.4236235968247848	1.4236235968247848	1.4236235968247848	1.4236235968247848
0.17225	1.4235768301579714	1.4235768301579714	1.4235768301579714	1.4235768301579714
0.1725	1.4235320140257886	1.4235320140257886	1.4235320140257886	1.4235320140257886
0.17275	1.4234891458365875	1.4234891458365875	1.4234891458365875	1.4234891458365875
0.173	1.4234482230515022	1.4234482230515022	1.4234482230515022	1.4234482230515022
0.17325	1.423409243138894	1.423409243138894	1.423409243138894	1.423409243138894
0.1735	1.4233722036010894	1.4233722036010894	1.4233722036010894	1.4233722036010894
0.17375	1.4233371019749241	1.4233371019749241	1.4233371019749241	1.4233371019749241
0.174	1.4233039358084407	1.4233039358084407	1.4233039358084407	1.4233039358084407
0.17425	1.4232727026929803	1.4232727026929803	1.4232727026929803	1.4232727026929803
0.1745	1.4232434002440357	1.4232434002440357	1.4232434002440357	1.4232434002440357
0.17475	1.423216026090417	1.423216026090417	1.423216026090417	1.423216026090417
0.175	1.423190577907881	1.423190577907881	1.423190577907881	1.423190577907881
0.17525	1.4231670533844503	1.4231670533844503	1.4231670533844503	1.4231670533844503
0.1755	1.4231454502377359	1.4231454502377359	1.4231454502377359	1.4231454502377359
0.17575	1.4231257662199508	1.4231257662199508	1.4231257662199508	1.4231257662199508
0.176	1.4231079990952358	1.4231079990952358	1.4231079990952358	1.4231079990952358
0.17625	1.4230921466723645	1.4230921466723645	1.4230921466723645	1.4230921466723645
0.1765	1.4230782067763792	1.4230782067763792	1.4230782067763792	1.4230782067763792
0.17675	1.4230661772496094	1.4230661772496094	1.4230661772496094	1.4230661772496094
0.177	1.4230560559789942	1.4230560559789942	1.4230560559789942	1.4230560559789942
0.17725	1.423047840869567	1.423047840869567	1.423047840869567	1.423047840869567
0.1775	1.423041529849477	1.423041529849477	1.423041529849477	1.423041529849477
0.17775	1.4230371208731616	1.4230371208731616	1.4230371208731616	1.4230371208731616
0.178	1.4230346119245236	1.4230346119245236	1.4230346119245236	1.4230346119245236
0.17825	1.423034001017645	1.423034001017645	1.423034001017645	1.423034001017645
0.1785	1.4230352861833528	1.4230352861833528	1.4230352861833528	1.4230352861833528
0.17875	1.4230384654756265	1.4230384654756265	1.4230384654756265	1.4230384654756265
0.179	1.4230435369886192	1.4230435369886192	1.4230435369886192	1.4230435369886192
0.17925	1.4230504988316897	1.4230504988316897	1.4230504988316897	1.4230504988316897
0.1795	1.4230593491384271	1.4230593491384271	1.4230593491384271	1.4230593491384271
0.17975	1.4230700860773688	1.4230700860773688	1.4230700860773688	1.4230700860773688
0.18	1.4230827078279562	1.4230827078279562	1.4230827078279562	1.4230827078279562
0.18025	1.4230972126083277	1.4230972126083277	1.4230972126083277	1.4230972126083277
0.1805	1.4231135986585064	1.4231135986585064	1.4231135986585064	1.4231135986585064
0.18075	1.4231318642358917	1.4231318642358917	1.4231318642358917	1.4231318642358917
0.181	1.4231520076319808	1.4231520076319808	1.4231520076319808	1.4231520076319808
0.18125	1.423174027162173	1.423174027162173	1.423174027162173	1.423174027162173
0.1815	1.4231979211637227	1.4231979211637227	1.4231979211637227	1.4231979211637227
0.18175	1.4232236879981606	1.4232236879981606	1.4232236879981606	1.4232236879981606
0.182	1.4232513260507864	1.4232513260507864	1.4232513260507864	1.4232513260507864
0.18225	1.423280833742784	1.423280833742784	1.423280833742784	1.423280833742784
0.1825	1.42331220950887	1.42331220950887	1.42331220950887	1.42331220950887
0.18275	1.423345451803407	1.423345451803407	1.423345451803407	1.423345451803407
0.183	1.4233805591220594	1.4233805591220594	1.4233805591220594	1.4233805591220594
0.18325	1.4234175299746745	1.4234175299746745	1.4234175299746745	1.4234175299746745
0.1835	1.4234563628932437	1.4234563628932437	1.4234563628932437	1.4234563628932437
0.18375	1.423497056443715	1.423497056443715	1.423497056443715	1.423497056443715
0.184	1.4235396092034878	1.4235396092034878	1.4235396092034878	1.4235396092034878
0.18425	1.423584019785384	1.423584019785384	1.423584019785384	1.423584019785384
0.1845	1.423630286825149	1.423630286825149	1.423630286825149	1.423630286825149
0.18475	1.4236784089712535	1.4236784089712535	1.4236784089712535	1.4236784089712535
0.185	1.4237283849142643	1.4237283849142643	1.4237283849142643	1.4237283849142643
0.18525	1.4237802133532496	1.4237802133532496	1.4237802133532496	1.4237802133532496
0.1855	1.423833893019608	1.423833893019608	1.423833893019608	1.423833893019608
0.18575	1.4238894226667231	1.4238894226667231	1.4238894226667231	1.4238894226667231
0.186	1.4239468010697764	1.4239468010697764	1.4239468010697764	1.4239468010697764
0.18625	1.424006027033417	1.424006027033417	1.424006027033417	1.424006027033417
0.1865	1.4240670993778703	1.4240670993778703	1.4240670993778703	1.4240670993778703
0.18675	1.4241300169512296	1.4241300169512296	1.4241300169512296	1.4241300169512296
0.187	1.4241947786311238	1.4241947786311238	1.4241947786311238	1.4241947786311238
0.18725	1.4242613833111322	1.4242613833111322	1.4242613833111322	1.4242613833111322
0.1875	1.4243298299058402	1.4243298299058402	1.4243298299058402	1.4243298299058402
0.18775	1.4244001173634468	1.4244001173634468	1.4244001173634468	1.4244001173634468
0.188	1.4244722446446287	1.4244722446446287	1.4244722446446287	1.4244722446446287
0.18825	1.4245462107445515	1.4245462107445515	1.4245462107445515	1.4245462107445515
0.1885	1.4246220146751223	1.4246220146751223	1.4246220146751223	1.4246220146751223
0.18875	1.424699655468509	1.424699655468509	1.424699655468509	1.424699655468509
0.189	1.424779132190682	1.424779132190682	1.424779132190682	1.424779132190682
0.18925	1.4248604439198096	1.4248604439198096	1.4248604439198096	1.4248604439198096
0.1895	1.4249435897616511	1.4249435897616511	1.4249435897616511	1.4249435897616511
0.18975	1.4250285688513895	1.4250285688513895	1.4250285688513895	1.4250285688513895
0.19	1.4251153803332501	1.4251153803332501	1.4251153803332501	1.4251153803332501
0.19025	1.4252040233840784	1.4252040233840784	1.4252040233840784	1.4252040233840784
0.1905	1.4252944972114725	1.4252944972114725	1.4252944972114725	1.4252944972114725
0.19075	1.4253868010267652	1.4253868010267652	1.4253868010267652	1.4253868010267652
0.191	1.4254809340783288	1.4254809340783288	1.4254809340783288	1.4254809340783288
0.19125	1.4255768956322716	1.4255768956322716	1.4255768956322716	1.4255768956322716
0.1915	1.4256746849778217	1.4256746849778217	1.4256746849778217	1.4256746849778217
0.19175	1.4257743014328668	1.4257743014328668	1.4257743014328668	1.4257743014328668
0.192	1.4258757443254133	1.4258757443254133	1.4258757443254133	1.4258757443254133
0.19225	1.4259790130204344	1.4259790130204344	1.4259790130204344	1.4259790130204344
0.1925	1.426084106897468	1.426084106897468	1.426084106897468	1.426084106897468
0.19275	1.4261910253564665	1.4261910253564665	1.4261910253564665	1.4261910253564665
0.193	1.4262997678315343	1.4262997678315343	1.4262997678315343	1.4262997678315343
0.19325	1.4264103337680507	1.4264103337680507	1.4264103337680507	1.4264103337680507
0.1935	1.426522722630841	1.426522722630841	1.426522722630841	1.426522722630841
0.19375	1.4266369339262683	1.4266369339262683	1.4266369339262683	1.4266369339262683
0.194	1.4267529671629655	1.4267529671629655	1.4267529671629655	1.4267529671629655
0.19425	1.4268708218813442	1.4268708218813442	1.4268708218813442	1.4268708218813442
0.1945	1.4269904976497256	1.4269904976497256	1.4269904976497256	1.4269904976497256
0.19475	1.42711199403974	1.42711199403974	1.42711199403974	1.42711199403974
0.195	1.4272353106690034	1.4272353106690034	1.4272353106690034	1.4272353106690034
0.19525	1.4273604471627526	1.4273604471627526	1.4273604471627526	1.4273604471627526
0.1955	1.4274874031679095	1.4274874031679095	1.4274874031679095	1.4274874031679095
0.19575	1.4276161783632897	1.4276161783632897	1.4276161783632897	1.4276161783632897
0.196	1.4277467724411796	1.4277467724411796	1.4277467724411796	1.4277467724411796
0.19625	1.4278791851221901	1.4278791851221901	1.4278791851221901	1.4278791851221901
0.1965	1.4280134161482847	1.4280134161482847	1.4280134161482847	1.4280134161482847
0.19675	1.4281494652719318	1.4281494652719318	1.4281494652719318	1.4281494652719318
0.197	1.4282873322876968	1.4282873322876968	1.4282873322876968	1.4282873322876968
0.19725	1.4284270170015727	1.4284270170015727	1.4284270170015727	1.4284270170015727
0.1975	1.4285685192356177	1.4285685192356177	1.4285685192356177	1.4285685192356177
0.19775	1.4287118388457742	1.4287118388457742	1.4287118388457742	1.4287118388457742
0.198	1.4288569757007903	1.4288569757007903	1.4288569757007903	1.4288569757007903
0.19825	1.4290039296989603	1.4290039296989603	1.4290039296989603	1.4290039296989603
0.1985	1.4291527007600626	1.4291527007600626	1.4291527007600626	1.4291527007600626
0.19875	1.4293032888141897	1.4293032888141897	1.4293032888141897	1.4293032888141897
0.199	1.4294556938270309	1.4294556938270309	1.4294556938270309	1.4294556938270309
0.19925	1.4296099157854525	1.4296099157854525	1.4296099157854525	1.4296099157854525
0.1995	1.4297659546869401	1.4297659546869401	1.4297659546869401	1.4297659546869401
0.19975	1.4299238105621064	1.4299238105621064	1.4299238105621064	1.4299238105621064
0.2	1.4300834834543568	1.4300834834543568	1.4300834834543568	1.4300834834543568
0.20025	1.4302449734410134	1.4302449734410134	1.4302449734410134	1.4302449734410134
0.2005	1.4304082806132843	1.4304082806132843	1.4304082806132843	1.4304082806132843
0.20075	1.4305734050761032	1.4305734050761032	1.4305734050761032	1.4305734050761032
0.201	1.4307403469770437	1.4307403469770437	1.4307403469770437	1.4307403469770437
0.20125	1.43090910646887	1.43090910646887	1.43090910646887	1.43090910646887
0.2015	1.4310796837292772	1.4310796837292772	1.4310796837292772	1.4310796837292772
0.20175	1.4312520789604364	1.4312520789604364	1.4312520789604364	1.4312520789604364
0.202	1.431426292383556	1.431426292383556	1.431426292383556	1.431426292383556
0.20225	1.4316023242490046	1.4316023242490046	1.4316023242490046	1.4316023242490046
0.2025	1.431780174817956	1.431780174817956	1.431780174817956	1.431780174817956
0.20275	1.4319598443760613	1.4319598443760613	1.4319598443760613	1.4319598443760613
0.203	1.4321413332425776	1.4321413332425776	1.4321413332425776	1.4321413332425776
0.20325	1.4323246417397981	1.4323246417397981	1.4323246417397981	1.4323246417397981
0.2035	1.4325097702220022	1.4325097702220022	1.4325097702220022	1.4325097702220022
0.20375	1.43269671907127	1.43269671907127	1.43269671907127	1.43269671907127
0.204	1.4328854886746043	1.4328854886746043	1.4328854886746043	1.4328854886746043
0.20425	1.4330760794536106	1.4330760794536106	1.4330760794536106	1.4330760794536106
0.2045	1.4332684918519647	1.4332684918519647	1.4332684918519647	1.4332684918519647
0.20475	1.4334627263251527	1.4334627263251527	1.4334627263251527	1.4334627263251527
0.205	1.4336587833562373	1.4336587833562373	1.4336587833562373	1.4336587833562373
0.20525	1.4338566634533823	1.4338566634533823	1.4338566634533823	1.4338566634533823
0.2055	1.4340563671436226	1.4340563671436226	1.4340563671436226	1.4340563671436226
0.20575	1.4342578949692835	1.4342578949692835	1.4342578949692835	1.4342578949692835
0.206	1.4344612475008016	1.4344612475008016	1.4344612475008016	1.4344612475008016
0.20625	1.4346664253334678	1.4346664253334678	1.4346664253334678	1.4346664253334678
0.2065	1.4348734290758756	1.4348734290758756	1.4348734290758756	1.4348734290758756
0.20675	1.4350822593644748	1.4350822593644748	1.4350822593644748	1.4350822593644748
0.207	1.435292916852175	1.435292916852175	1.435292916852175	1.435292916852175
0.20725	1.4355054022139917	1.4355054022139917	1.4355054022139917	1.4355054022139917
0.2075	1.4357197161563022	1.4357197161563022	1.4357197161563022	1.4357197161563022
0.20775	1.4359358593947977	1.4359358593947977	1.4359358593947977	1.4359358593947977
0.208	1.436153832669211	1.436153832669211	1.436153832669211	1.436153832669211
0.20825	1.4363736367458462	1.4363736367458462	1.4363736367458462	1.4363736367458462
0.2085	1.4365952724091446	1.4365952724091446	1.4365952724091446	1.4365952724091446
0.20875	1.436818740467187	1.436818740467187	1.436818740467187	1.436818740467187
0.209	1.437044041743407	1.437044041743407	1.437044041743407	1.437044041743407
0.20925	1.4372711770908806	1.4372711770908806	1.4372711770908806	1.4372711770908806
0.2095	1.437500147381847	1.437500147381847	1.437500147381847	1.437500147381847
0.20975	1.4377309535060003	1.4377309535060003	1.4377309535060003	1.4377309535060003
0.21	1.437963596376633	1.437963596376633	1.437963596376633	1.437963596376633
0.21025	1.4381980769350622	1.4381980769350622	1.4381980769350622	1.4381980769350622
0.2105	1.4384343961358919	1.4384343961358919	1.4384343961358919	1.4384343961358919
0.21075	1.4386725549570873	1.4386725549570873	1.4386725549570873	1.4386725549570873
0.211	1.4389125543968584	1.4389125543968584	1.4389125543968584	1.4389125543968584
0.21125	1.4391543954802903	1.4391543954802903	1.4391543954802903	1.4391543954802903
0.2115	1.4393980792559191	1.4393980792559191	1.4393980792559191	1.4393980792559191
0.21175	1.4396436067831677	1.4396436067831677	1.4396436067831677	1.4396436067831677
0.212	1.4398909791455845	1.4398909791455845	1.4398909791455845	1.4398909791455845
0.21225	1.440140197459697	1.440140197459697	1.440140197459697	1.440140197459697
0.2125	1.4403912628555215	1.4403912628555215	1.4403912628555215	1.4403912628555215
0.21275	1.440644176475632	1.440644176475632	1.440644176475632	1.440644176475632
0.213	1.440898939503087	1.440898939503087	1.440898939503087	1.440898939503087
0.21325	1.4411555531258418	1.4411555531258418	1.4411555531258418	1.4411555531258418
0.2135	1.4414140185661024	1.4414140185661024	1.4414140185661024	1.4414140185661024
0.21375	1.4416743370633305	1.4416743370633305	1.4416743370633305	1.4416743370633305
0.214	1.4419365098692145	1.4419365098692145	1.4419365098692145	1.4419365098692145
0.21425	1.4422005382754897	1.4422005382754897	1.4422005382754897	1.4422005382754897
0.2145	1.4424664235778148	1.4424664235778148	1.4424664235778148	1.4424664235778148
0.21475	1.4427341671072342	1.4427341671072342	1.4427341671072342	1.4427341671072342
0.215	1.4430037702071472	1.4430037702071472	1.4430037702071472	1.4430037702071472
0.21525	1.4432752342431352	1.4432752342431352	1.4432752342431352	1.4432752342431352
0.2155	1.4435485606153435	1.4435485606153435	1.4435485606153435	1.4435485606153435
0.21575	1.4438237507287741	1.4438237507287741	1.4438237507287741	1.4438237507287741
0.216	1.4441008060161005	1.4441008060161005	1.4441008060161005	1.4441008060161005
0.21625	1.4443797279373973	1.4443797279373973	1.4443797279373973	1.4443797279373973
0.2165	1.4446605179702046	1.4446605179702046	1.4446605179702046	1.4446605179702046
0.21675	1.4449431776111412	1.4449431776111412	1.4449431776111412	1.4449431776111412
0.217	1.445227708380699	1.445227708380699	1.445227708380699	1.445227708380699
0.21725	1.4455141118264598	1.4455141118264598	1.4455141118264598	1.4455141118264598
0.2175	1.4458023895118728	1.4458023895118728	1.4458023895118728	1.4458023895118728
0.21775	1.4460925430235898	1.4460925430235898	1.4460925430235898	1.4460925430235898
0.218	1.4463845739646757	1.4463845739646757	1.4463845739646757	1.4463845739646757
0.21825	1.446678483972761	1.446678483972761	1.446678483972761	1.446678483972761
0.2185	1.4469742747062742	1.4469742747062742	1.4469742747062742	1.4469742747062742
0.21875	1.4472719478280942	1.4472719478280942	1.4472719478280942	1.4472719478280942
0.219	1.447571505039301	1.447571505039301	1.447571505039301	1.447571505039301
0.21925	1.4478729480574377	1.4478729480574377	1.4478729480574377	1.4478729480574377
0.2195	1.4481762786281716	1.4481762786281716	1.4481762786281716	1.4481762786281716
0.21975	1.4484814985122845	1.4484814985122845	1.4484814985122845	1.4484814985122845
0.22	1.4487886094890507	1.4487886094890507	1.4487886094890507	1.4487886094890507
0.22025	1.449097613377649	1.449097613377649	1.449097613377649	1.449097613377649
0.2205	1.4494085119965565	1.4494085119965565	1.4494085119965565	1.4494085119965565
0.22075	1.4497213072007418	1.4497213072007418	1.4497213072007418	1.4497213072007418
0.221	1.4500360008681685	1.4500360008681685	1.4500360008681685	1.4500360008681685
0.22125	1.4503525948853064	1.4503525948853064	1.4503525948853064	1.4503525948853064
0.2215	1.450671091181355	1.450671091181355	1.450671091181355	1.450671091181355
0.22175	1.450991491691399	1.450991491691399	1.450991491691399	1.450991491691399
0.222	1.4513137983757796	1.4513137983757796	1.4513137983757796	1.4513137983757796
0.22225	1.4516380132243114	1.4516380132243114	1.4516380132243114	1.4516380132243114
0.2225	1.4519641382443418	1.4519641382443418	1.4519641382443418	1.4519641382443418
0.22275	1.4522921754623914	1.4522921754623914	1.4522921754623914	1.4522921754623914
0.223	1.4526221269339772	1.4526221269339772	1.4526221269339772	1.4526221269339772
0.22325	1.4529539947314913	1.4529539947314913	1.4529539947314913	1.4529539947314913
0.2235	1.453287780952746	1.453287780952746	1.453287780952746	1.453287780952746
0.22375	1.453623487723119	1.453623487723119	1.453623487723119	1.453623487723119
0.224	1.453961117177635	1.453961117177635	1.453961117177635	1.453961117177635
0.22425	1.4543006714849285	1.4543006714849285	1.4543006714849285	1.4543006714849285
0.2245	1.4546421528335007	1.4546421528335007	1.4546421528335007	1.4546421528335007
0.22475	1.4549855634322528	1.4549855634322528	1.4549855634322528	1.4549855634322528
0.225	1.4553309055124661	1.4553309055124661	1.4553309055124661	1.4553309055124661
0.22525	1.4556781813317228	1.4556781813317228	1.4556781813317228	1.4556781813317228
0.2255	1.456027393172843	1.456027393172843	1.456027393172843	1.456027393172843
0.22575	1.4563785433305787	1.4563785433305787	1.4563785433305787	1.4563785433305787
0.226	1.4567316341292145	1.4567316341292145	1.4567316341292145	1.4567316341292145
0.22625	1.4570866679242551	1.4570866679242551	1.4570866679242551	1.4570866679242551
0.2265	1.4574436470802417	1.4574436470802417	1.4574436470802417	1.4574436470802417
0.22675	1.4578025739853058	1.4578025739853058	1.4578025739853058	1.4578025739853058
0.227	1.458163451063505	1.458163451063505	1.458163451063505	1.458163451063505
0.22725	1.4585262807508426	1.4585262807508426	1.4585262807508426	1.4585262807508426
0.2275	1.4588910655077483	1.4588910655077483	1.4588910655077483	1.4588910655077483
0.22775	1.4592578078241596	1.4592578078241596	1.4592578078241596	1.4592578078241596
0.228	1.4596265102018011	1.4596265102018011	1.4596265102018011	1.4596265102018011
0.22825	1.459997175177856	1.459997175177856	1.459997175177856	1.459997175177856
0.2285	1.4603698053078926	1.4603698053078926	1.4603698053078926	1.4603698053078926
0.22875	1.460744403166079	1.460744403166079	1.460744403166079	1.460744403166079
0.229	1.461120971355776	1.461120971355776	1.461120971355776	1.461120971355776
0.22925	1.461499512500534	1.461499512500534	1.461499512500534	1.461499512500534
0.2295	1.4618800292524288	1.4618800292524288	1.4618800292524288	1.4618800292524288
0.22975	1.4622625242814258	1.4622625242814258	1.4622625242814258	1.4622625242814258
0.23	1.4626470002807934	1.4626470002807934	1.4626470002807934	1.4626470002807934
0.23025	1.4630334599722128	1.4630334599722128	1.4630334599722128	1.4630334599722128
0.2305	1.463421906098539	1.463421906098539	1.463421906098539	1.463421906098539
0.23075	1.463812341423702	1.463812341423702	1.463812341423702	1.463812341423702
0.231	1.4642047687400987	1.4642047687400987	1.4642047687400987	1.4642047687400987
0.23125	1.4645991908559677	1.4645991908559677	1.4645991908559677	1.4645991908559677
0.2315	1.4649956106167952	1.4649956106167952	1.4649956106167952	1.4649956106167952
0.23175	1.4653940308830777	1.4653940308830777	1.4653940308830777	1.4653940308830777
0.232	1.4657944545313524	1.4657944545313524	1.4657944545313524	1.4657944545313524
0.23225	1.466196884481514	1.466196884481514	1.466196884481514	1.466196884481514
0.2325	1.4666013236631272	1.4666013236631272	1.4666013236631272	1.4666013236631272
0.23275	1.4670077750314798	1.4670077750314798	1.4670077750314798	1.4670077750314798
0.233	1.4674162415683176	1.4674162415683176	1.4674162415683176	1.4674162415683176
0.23325	1.4678267262802895	1.4678267262802895	1.4678267262802895	1.4678267262802895
0.2335	1.4682392322024667	1.4682392322024667	1.4682392322024667	1.4682392322024667
0.23375	1.468653762383685	1.468653762383685	1.468653762383685	1.468653762383685
0.234	1.4690703198985344	1.4690703198985344	1.4690703198985344	1.4690703198985344
0.23425	1.469488907859823	1.469488907859823	1.469488907859823	1.469488907859823
0.2345	1.4699095293884454	1.4699095293884454	1.4699095293884454	1.4699095293884454
0.23475	1.470332187636871	1.470332187636871	1.470332187636871	1.470332187636871
0.235	1.4707568857887494	1.4707568857887494	1.4707568857887494	1.4707568857887494
0.23525	1.471183627033231	1.471183627033231	1.471183627033231	1.471183627033231
0.2355	1.4716124146053462	1.4716124146053462	1.4716124146053462	1.4716124146053462
0.23575	1.4720432517557844	1.4720432517557844	1.4720432517557844	1.4720432517557844
0.236	1.4724761417569063	1.4724761417569063	1.4724761417569063	1.4724761417569063
0.23625	1.472911087910564	1.472911087910564	1.472911087910564	1.472911087910564
0.2365	1.473348093536657	1.473348093536657	1.473348093536657	1.473348093536657
0.23675	1.4737871619954686	1.4737871619954686	1.4737871619954686	1.4737871619954686
0.237	1.4742282966572589	1.4742282966572589	1.4742282966572589	1.4742282966572589
0.23725	1.4746715009211366	1.4746715009211366	1.4746715009211366	1.4746715009211366
0.2375	1.4751167782179666	1.4751167782179666	1.4751167782179666	1.4751167782179666
0.23775	1.4755641319949324	1.4755641319949324	1.4755641319949324	1.4755641319949324
0.238	1.4760135657296634	1.4760135657296634	1.4760135657296634	1.4760135657296634
0.23825	1.4764650829247092	1.4764650829247092	1.4764650829247092	1.4764650829247092
0.2385	1.4769186871044817	1.4769186871044817	1.4769186871044817	1.4769186871044817
0.23875	1.4773743818251142	1.4773743818251142	1.4773743818251142	1.4773743818251142
0.239	1.4778321706662785	1.4778321706662785	1.4778321706662785	1.4778321706662785
0.23925	1.4782920572277851	1.4782920572277851	1.4782920572277851	1.4782920572277851
0.2395	1.4787540451436092	1.4787540451436092	1.4787540451436092	1.4787540451436092
0.23975	1.479218138069381	1.479218138069381	1.479218138069381	1.479218138069381
0.24	1.4796843396841286	1.4796843396841286	1.4796843396841286	1.4796843396841286
0.24025	1.4801526536960234	1.4801526536960234	1.4801526536960234	1.4801526536960234
0.2405	1.48062308384182	1.48062308384182	1.48062308384182	1.48062308384182
0.24075	1.4810956338781283	1.4810956338781283	1.4810956338781283	1.4810956338781283
0.241	1.4815703075918298	1.4815703075918298	1.4815703075918298	1.4815703075918298
0.24125	1.482047108796683	1.482047108796683	1.482047108796683	1.482047108796683
0.2415	1.4825260413320895	1.4825260413320895	1.4825260413320895	1.4825260413320895
0.24175	1.4830071090605172	1.4830071090605172	1.4830071090605172	1.4830071090605172
0.242	1.4834903158721036	1.4834903158721036	1.4834903158721036	1.4834903158721036
0.24225	1.4839756656916172	1.4839756656916172	1.4839756656916172	1.4839756656916172
0.2425	1.4844631624574969	1.4844631624574969	1.4844631624574969	1.4844631624574969
0.24275	1.4849528101441865	1.4849528101441865	1.4849528101441865	1.4849528101441865
0.243	1.4854446127512064	1.4854446127512064	1.4854446127512064	1.4854446127512064
0.24325	1.4859385742998987	1.4859385742998987	1.4859385742998987	1.4859385742998987
0.2435	1.4864346988457644	1.4864346988457644	1.4864346988457644	1.4864346988457644
0.24375	1.4869329904698603	1.4869329904698603	1.4869329904698603	1.4869329904698603
0.244	1.4874334532752027	1.4874334532752027	1.4874334532752027	1.4874334532752027
0.24425	1.4879360913962747	1.4879360913962747	1.4879360913962747	1.4879360913962747
0.2445	1.488440908993593	1.488440908993593	1.488440908993593	1.488440908993593
0.24475	1.4889479102590342	1.4889479102590342	1.4889479102590342	1.4889479102590342
0.245	1.4894570994061815	1.4894570994061815	1.4894570994061815	1.4894570994061815
0.24525	1.489968480676487	1.489968480676487	1.489968480676487	1.489968480676487
0.2455	1.4904820583461325	1.4904820583461325	1.4904820583461325	1.4904820583461325
0.24575	1.4909978367094472	1.4909978367094472	1.4909978367094472	1.4909978367094472
0.246	1.4915158200972378	1.4915158200972378	1.4915158200972378	1.4915158200972378
0.24625	1.4920360128612042	1.4920360128612042	1.4920360128612042	1.4920360128612042
0.2465	1.4925584193838444	1.4925584193838444	1.4925584193838444	1.4925584193838444
0.24675	1.4930830440789158	1.4930830440789158	1.4930830440789158	1.4930830440789158
0.247	1.4936098913856322	1.4936098913856322	1.4936098913856322	1.4936098913856322
0.24725	1.4941389657682616	1.4941389657682616	1.4941389657682616	1.4941389657682616
0.2475	1.4946702717236973	1.4946702717236973	1.4946702717236973	1.4946702717236973
0.24775	1.4952038137787045	1.4952038137787045	1.4952038137787045	1.4952038137787045
0.248	1.495739596484266	1.495739596484266	1.495739596484266	1.495739596484266
0.24825	1.4962776244202776	1.4962776244202776	1.4962776244202776	1.4962776244202776
0.2485	1.4968179021978822	1.4968179021978822	1.4968179021978822	1.4968179021978822
0.24875	1.4973604344624933	1.4973604344624933	1.4973604344624933	1.4973604344624933
0.249	1.497905225875363	1.497905225875363	1.497905225875363	1.497905225875363
0.24925	1.4984522811325849	1.4984522811325849	1.4984522811325849	1.4984522811325849
0.2495	1.4990016049669483	1.4990016049669483	1.4990016049669483	1.4990016049669483
0.24975	1.4995532021308102	1.4995532021308102	1.4995532021308102	1.4995532021308102
0.25	1.5001070774087748	1.5001070774087748	1.5001070774087748	1.5001070774087748
0.25025	1.5006632356181755	1.5006632356181755	1.5006632356181755	1.5006632356181755
0.2505	1.501221681599084	1.501221681599084	1.501221681599084	1.501221681599084
0.25075	1.501782420229176	1.501782420229176	1.501782420229176	1.501782420229176
0.251	1.5023454564136014	1.5023454564136014	1.5023454564136014	1.5023454564136014
0.25125	1.5029107950777851	1.5029107950777851	1.5029107950777851	1.5029107950777851
0.2515	1.5034784411945084	1.5034784411945084	1.5034784411945084	1.5034784411945084
0.25175	1.5040483997548937	1.5040483997548937	1.5040483997548937	1.5040483997548937
0.252	1.5046206757808753	1.5046206757808753	1.5046206757808753	1.5046206757808753
0.25225	1.5051952743299801	1.5051952743299801	1.5051952743299801	1.5051952743299801
0.2525	1.5057722004791216	1.5057722004791216	1.5057722004791216	1.5057722004791216
0.25275	1.5063514593569218	1.5063514593569218	1.5063514593569218	1.5063514593569218
0.253	1.5069330561013274	1.5069330561013274	1.5069330561013274	1.5069330561013274
0.25325	1.5075169958843464	1.5075169958843464	1.5075169958843464	1.5075169958843464
0.2535	1.5081032839277468	1.5081032839277468	1.5081032839277468	1.5081032839277468
0.25375	1.5086919254584938	1.5086919254584938	1.5086919254584938	1.5086919254584938
0.254	1.5092829257468512	1.5092829257468512	1.5092829257468512	1.5092829257468512
0.25425	1.5098762901046663	1.5098762901046663	1.5098762901046663	1.5098762901046663
0.2545	1.5104720238514135	1.5104720238514135	1.5104720238514135	1.5104720238514135
0.25475	1.5110701323579485	1.5110701323579485	1.5110701323579485	1.5110701323579485
0.255	1.5116706210243396	1.5116706210243396	1.5116706210243396	1.5116706210243396
0.25525	1.5122734952652386	1.5122734952652386	1.5122734952652386	1.5122734952652386
0.2555	1.5128787605523768	1.5128787605523768	1.5128787605523768	1.5128787605523768
0.25575	1.5134864223713158	1.5134864223713158	1.5134864223713158	1.5134864223713158
0.256	1.5140964862438115	1.5140964862438115	1.5140964862438115	1.5140964862438115
0.25625	1.5147089577316377	1.5147089577316377	1.5147089577316377	1.5147089577316377
0.2565	1.515323842413747	1.515323842413747	1.515323842413747	1.515323842413747
0.25675	1.5159411459189989	1.5159411459189989	1.5159411459189989	1.5159411459189989
0.257	1.5165608738979104	1.5165608738979104	1.5165608738979104	1.5165608738979104
0.25725	1.5171830320311546	1.5171830320311546	1.5171830320311546	1.5171830320311546
0.2575	1.5178076260477267	1.5178076260477267	1.5178076260477267	1.5178076260477267
0.25775	1.518434661688563	1.518434661688563	1.518434661688563	1.518434661688563
0.258	1.5190641447414868	1.5190641447414868	1.5190641447414868	1.5190641447414868
0.25825	1.5196960810312503	1.5196960810312503	1.5196960810312503	1.5196960810312503
0.2585	1.5203304763988146	1.5203304763988146	1.5203304763988146	1.5203304763988146
0.25875	1.5209673367367553	1.5209673367367553	1.5209673367367553	1.5209673367367553
0.259	1.5216066679617133	1.5216066679617133	1.5216066679617133	1.5216066679617133
0.25925	1.5222484760212038	1.5222484760212038	1.5222484760212038	1.5222484760212038
0.2595	1.5228927669115577	1.5228927669115577	1.5228927669115577	1.5228927669115577
0.25975	1.5235395466434165	1.5235395466434165	1.5235395466434165	1.5235395466434165
0.26	1.5241888212742807	1.5241888212742807	1.5241888212742807	1.5241888212742807
0.26025	1.5248405968986622	1.5248405968986622	1.5248405968986622	1.5248405968986622
0.2605	1.5254948796307652	1.5254948796307652	1.5254948796307652	1.5254948796307652
0.26075	1.5261516756336009	1.5261516756336009	1.5261516756336009	1.5261516756336009
0.261	1.526810991104701	1.526810991104701	1.526810991104701	1.526810991104701
0.26125	1.5274728322624633	1.5274728322624633	1.5274728322624633	1.5274728322624633
0.2615	1.5281372053748181	1.5281372053748181	1.5281372053748181	1.5281372053748181
0.26175	1.5288041167411788	1.5288041167411788	1.5288041167411788	1.5288041167411788
0.262	1.529473572689934	1.529473572689934	1.529473572689934	1.529473572689934
0.26225	1.5301455795967338	1.5301455795967338	1.5301455795967338	1.5301455795967338
0.2625	1.530820143858196	1.530820143858196	1.530820143858196	1.530820143858196
0.26275	1.5314972719239082	1.5314972719239082	1.5314972719239082	1.5314972719239082
0.263	1.5321769702651202	1.5321769702651202	1.5321769702651202	1.5321769702651202
0.26325	1.5328592453927075	1.5328592453927075	1.5328592453927075	1.5328592453927075
0.2635	1.533544103861476	1.533544103861476	1.533544103861476	1.533544103861476
0.26375	1.5342315522501755	1.5342315522501755	1.5342315522501755	1.5342315522501755
0.264	1.534921597184173	1.534921597184173	1.534921597184173	1.534921597184173
0.26425	1.5356142453247579	1.5356142453247579	1.5356142453247579	1.5356142453247579
0.2645	1.536309503360718	1.536309503360718	1.536309503360718	1.536309503360718
0.26475	1.5370073780287603	1.5370073780287603	1.5370073780287603	1.5370073780287603
0.265	1.5377078761022536	1.5377078761022536	1.5377078761022536	1.5377078761022536
0.26525	1.5384110043818886	1.5384110043818886	1.5384110043818886	1.5384110043818886
0.2655	1.5391167697166932	1.5391167697166932	1.5391167697166932	1.5391167697166932
0.26575	1.5398251789869855	1.5398251789869855	1.5398251789869855	1.5398251789869855
0.266	1.5405362391155322	1.5405362391155322	1.5405362391155322	1.5405362391155322
0.26625	1.541249957060188	1.541249957060188	1.541249957060188	1.541249957060188
0.2665	1.5419663398137147	1.5419663398137147	1.5419663398137147	1.5419663398137147
0.26675	1.5426853944204124	1.5426853944204124	1.5426853944204124	1.5426853944204124
0.267	1.5434071279481556	1.5434071279481556	1.5434071279481556	1.5434071279481556
0.26725	1.5441315475035513	1.5441315475035513	1.5441315475035513	1.5441315475035513
0.2675	1.544858660252989	1.544858660252989	1.544858660252989	1.544858660252989
0.26775	1.5455884733772156	1.5455884733772156	1.5455884733772156	1.5455884733772156
0.268	1.5463209941024798	1.5463209941024798	1.5463209941024798	1.5463209941024798
0.26825	1.5470562297085833	1.5470562297085833	1.5470562297085833	1.5470562297085833
0.2685	1.547794187498402	1.547794187498402	1.547794187498402	1.547794187498402
0.26875	1.54853487481878	1.54853487481878	1.54853487481878	1.54853487481878
0.269	1.549278299065497	1.549278299065497	1.549278299065497	1.549278299065497
0.26925	1.5500244676621728	1.5500244676621728	1.5500244676621728	1.5500244676621728
0.2695	1.55077338807905	1.55077338807905	1.55077338807905	1.55077338807905
0.26975	1.5515250678266566	1.5515250678266566	1.5515250678266566	1.5515250678266566
0.27	1.5522795144560189	1.5522795144560189	1.5522795144560189	1.5522795144560189
0.27025	1.5530367355607093	1.5530367355607093	1.5530367355607093	1.5530367355607093
0.2705	1.553796738766436	1.553796738766436	1.553796738766436	1.553796738766436
0.27075	1.554559531754713	1.554559531754713	1.554559531754713	1.554559531754713
0.271	1.5553251222411046	1.5553251222411046	1.5553251222411046	1.5553251222411046
0.27125	1.5560935179750424	1.5560935179750424	1.5560935179750424	1.5560935179750424
0.2715	1.5568647267667048	1.5568647267667048	1.5568647267667048	1.5568647267667048
0.27175	1.557638756449374	1.557638756449374	1.557638756449374	1.557638756449374
0.272	1.5584156149072386	1.5584156149072386	1.5584156149072386	1.5584156149072386
0.27225	1.5591953100727078	1.5591953100727078	1.5591953100727078	1.5591953100727078
0.2725	1.5599778499041244	1.5599778499041244	1.5599778499041244	1.5599778499041244
0.27275	1.5607632424221716	1.5607632424221716	1.5607632424221716	1.5607632424221716
0.273	1.5615514956831675	1.5615514956831675	1.5615514956831675	1.5615514956831675
0.27325	1.562342617773697	1.562342617773697	1.562342617773697	1.562342617773697
0.2735	1.5631366168482717	1.5631366168482717	1.5631366168482717	1.5631366168482717
0.27375	1.5639335010862188	1.5639335010862188	1.5639335010862188	1.5639335010862188
0.274	1.564733278712654	1.564733278712654	1.564733278712654	1.564733278712654
0.27425	1.5655359580128776	1.5655359580128776	1.5655359580128776	1.5655359580128776
0.2745	1.5663415472917048	1.5663415472917048	1.5663415472917048	1.5663415472917048
0.27475	1.5671500549205888	1.5671500549205888	1.5671500549205888	1.5671500549205888
0.275	1.567961489306236	1.567961489306236	1.567961489306236	1.567961489306236
0.27525	1.5687758588956637	1.5687758588956637	1.5687758588956637	1.5687758588956637
0.2755	1.5695931721932672	1.5695931721932672	1.5695931721932672	1.5695931721932672
0.27575	1.5704134377345331	1.5704134377345331	1.5704134377345331	1.5704134377345331
0.276	1.57123666411097	1.57123666411097	1.57123666411097	1.57123666411097
0.27625	1.572062859965535	1.572062859965535	1.572062859965535	1.572062859965535
0.2765	1.5728920339654857	1.5728920339654857	1.5728920339654857	1.5728920339654857
0.27675	1.573724194846538	1.573724194846538	1.573724194846538	1.573724194846538
0.277	1.5745593513838678	1.5745593513838678	1.5745593513838678	1.5745593513838678
0.27725	1.5753975123866795	1.5753975123866795	1.5753975123866795	1.5753975123866795
0.2775	1.5762386867402924	1.5762386867402924	1.5762386867402924	1.5762386867402924
0.27775	1.577082883345733	1.577082883345733	1.577082883345733	1.577082883345733
0.278	1.5779301111652186	1.5779301111652186	1.5779301111652186	1.5779301111652186
0.27825	1.5787803792228785	1.5787803792228785	1.5787803792228785	1.5787803792228785
0.2785	1.5796336965630253	1.5796336965630253	1.5796336965630253	1.5796336965630253
0.27875	1.5804900722980895	1.5804900722980895	1.5804900722980895	1.5804900722980895
0.279	1.581349515583168	1.581349515583168	1.581349515583168	1.581349515583168
0.27925	1.5822120356174108	1.5822120356174108	1.5822120356174108	1.5822120356174108
0.2795	1.5830776416636878	1.5830776416636878	1.5830776416636878	1.5830776416636878
0.27975	1.583946343017316	1.583946343017316	1.583946343017316	1.583946343017316
0.28	1.5848181490268523	1.5848181490268523	1.5848181490268523	1.5848181490268523
0.28025	1.5856930691008904	1.5856930691008904	1.5856930691008904	1.5856930691008904
0.2805	1.5865711126858422	1.5865711126858422	1.5865711126858422	1.5865711126858422
0.28075	1.5874522892845329	1.5874522892845329	1.5874522892845329	1.5874522892845329
0.281	1.5883366084522492	1.5883366084522492	1.5883366084522492	1.5883366084522492
0.28125	1.5892240797903714	1.5892240797903714	1.5892240797903714	1.5892240797903714
0.2815	1.590114712949744	1.590114712949744	1.590114712949744	1.590114712949744
0.28175	1.591008517637793	1.591008517637793	1.591008517637793	1.591008517637793
0.282	1.5919055036135532	1.5919055036135532	1.5919055036135532	1.5919055036135532
0.28225	1.5928056806840838	1.5928056806840838	1.5928056806840838	1.5928056806840838
0.2825	1.5937090587064398	1.5937090587064398	1.5937090587064398	1.5937090587064398
0.28275	1.5946156476046325	1.5946156476046325	1.5946156476046325	1.5946156476046325
0.283	1.5955254573348272	1.5955254573348272	1.5955254573348272	1.5955254573348272
0.28325	1.5964384979145705	1.5964384979145705	1.5964384979145705	1.5964384979145705
0.2835	1.5973547794270235	1.5973547794270235	1.5973547794270235	1.5973547794270235
0.28375	1.5982743119875864	1.5982743119875864	1.5982743119875864	1.5982743119875864
0.284	1.5991971057794414	1.5991971057794414	1.5991971057794414	1.5991971057794414
0.28425	1.6001231710376147	1.6001231710376147	1.6001231710376147	1.6001231710376147
0.2845	1.6010525180461677	1.6010525180461677	1.6010525180461677	1.6010525180461677
0.28475	1.6019851571544688	1.6019851571544688	1.6019851571544688	1.6019851571544688
0.285	1.6029210987518197	1.6029210987518197	1.6029210987518197	1.6029210987518197
0.28525	1.6038603532923108	1.6038603532923108	1.6038603532923108	1.6038603532923108
0.2855	1.6048029312924643	1.6048029312924643	1.6048029312924643	1.6048029312924643
0.28575	1.6057488433026217	1.6057488433026217	1.6057488433026217	1.6057488433026217
0.286	1.6066980999561629	1.6066980999561629	1.6066980999561629	1.6066980999561629
0.28625	1.607650711924458	1.607650711924458	1.607650711924458	1.607650711924458
0.2865	1.6086066899339957	1.6086066899339957	1.6086066899339957	1.6086066899339957
0.28675	1.6095660447875713	1.6095660447875713	1.6095660447875713	1.6095660447875713
0.287	1.6105287873265215	1.6105287873265215	1.6105287873265215	1.6105287873265215
0.28725	1.61149492845305	1.61149492845305	1.61149492845305	1.61149492845305
0.2875	1.6124644791353289	1.6124644791353289	1.6124644791353289	1.6124644791353289
0.28775	1.6134374503944533	1.6134374503944533	1.6134374503944533	1.6134374503944533
0.288	1.6144138533095087	1.6144138533095087	1.6144138533095087	1.6144138533095087
0.28825	1.6153936990203002	1.6153936990203002	1.6153936990203002	1.6153936990203002
0.2885	1.6163769987205738	1.6163769987205738	1.6163769987205738	1.6163769987205738
0.28875	1.6173637636798033	1.6173637636798033	1.6173637636798033	1.6173637636798033
0.289	1.6183540052042575	1.6183540052042575	1.6183540052042575	1.6183540052042575
0.28925	1.6180052966662077	1.6180052966662077	1.6180052966662077	1.6180052966662077
0.2895	1.617597604832049	1.617597604832049	1.617597604832049	1.617597604832049
0.28975	1.6171909580800201	1.6171909580800201	1.6171909580800201	1.6171909580800201
0.29	1.6167853568140886	1.6167853568140886	1.6167853568140886	1.6167853568140886
0.29025	1.616380801442223	1.616380801442223	1.616380801442223	1.616380801442223
0.2905	1.6159772923821487	1.6159772923821487	1.6159772923821487	1.6159772923821487
0.29075	1.615574830065502	1.615574830065502	1.615574830065502	1.615574830065502
0.291	1.6151734149227526	1.6151734149227526	1.6151734149227526	1.6151734149227526
0.29125	1.6147730474038184	1.6147730474038184	1.6147730474038184	1.6147730474038184
0.2915	1.6143737279647707	1.6143737279647707	1.6143737279647707	1.6143737279647707
0.29175	1.613975457063679	1.613975457063679	1.613975457063679	1.613975457063679
0.292	1.613578235179607	1.613578235179607	1.613578235179607	1.613578235179607
0.29225	1.6131820627904396	1.6131820627904396	1.6131820627904396	1.6131820627904396
0.2925	1.6127869403857413	1.6127869403857413	1.6127869403857413	1.6127869403857413
0.29275	1.612392868469313	1.612392868469313	1.612392868469313	1.612392868469313
0.293	1.6119998475461463	1.6119998475461463	1.6119998475461463	1.6119998475461463
0.29325	1.6116078781348644	1.6116078781348644	1.6116078781348644	1.6116078781348644
0.2935	1.611216960763565	1.611216960763565	1.611216960763565	1.611216960763565
0.29375	1.6108270959633106	1.6108270959633106	1.6108270959633106	1.6108270959633106
0.294	1.6104382842838973	1.6104382842838973	1.6104382842838973	1.6104382842838973
0.29425	1.610050526276498	1.610050526276498	1.610050526276498	1.610050526276498
0.2945	1.6096638224989908	1.6096638224989908	1.6096638224989908	1.6096638224989908
0.29475	1.609278173530516	1.609278173530516	1.609278173530516	1.609278173530516
0.295	1.608893579943326	1.608893579943326	1.608893579943326	1.608893579943326
0.29525	1.6085100423293495	1.6085100423293495	1.6085100423293495	1.6085100423293495
0.2955	1.6081275612911263	1.6081275612911263	1.6081275612911263	1.6081275612911263
0.29575	1.6077461374251112	1.6077461374251112	1.6077461374251112	1.6077461374251112
0.296	1.6073657713548695	1.6073657713548695	1.6073657713548695	1.6073657713548695
0.29625	1.6069864637031783	1.6069864637031783	1.6069864637031783	1.6069864637031783
0.2965	1.6066082150996928	1.6066082150996928	1.6066082150996928	1.6066082150996928
0.29675	1.6062310261932917	1.6062310261932917	1.6062310261932917	1.6062310261932917
0.297	1.6058548976267848	1.6058548976267848	1.6058548976267848	1.6058548976267848
0.29725	1.6054798300641568	1.6054798300641568	1.6054798300641568	1.6054798300641568
0.2975	1.6051058241766438	1.6051058241766438	1.6051058241766438	1.6051058241766438
0.29775	1.6047328806345174	1.6047328806345174	1.6047328806345174	1.6047328806345174
0.298	1.6043610001305677	1.6043610001305677	1.6043610001305677	1.6043610001305677
0.29825	1.6039901833587689	1.6039901833587689	1.6039901833587689	1.6039901833587689
0.2985	1.6036204310185922	1.6036204310185922	1.6036204310185922	1.6036204310185922
0.29875	1.6032517438282874	1.6032517438282874	1.6032517438282874	1.6032517438282874
0.299	1.6028841225045645	1.6028841225045645	1.6028841225045645	1.6028841225045645
0.29925	1.6025175677803647	1.6025175677803647	1.6025175677803647	1.6025175677803647
0.2995	1.6021520803974352	1.6021520803974352	1.6021520803974352	1.6021520803974352
0.29975	1.6017876610954134	1.6017876610954134	1.6017876610954134	1.6017876610954134
0.3	1.6014243106381494	1.6014243106381494	1.6014243106381494	1.6014243106381494
0.30025	1.6010620297912777	1.6010620297912777	1.6010620297912777	1.6010620297912777
0.3005	1.6007008193230132	1.6007008193230132	1.6007008193230132	1.6007008193230132
0.30075	1.6003406800218656	1.6003406800218656	1.6003406800218656	1.6003406800218656
0.301	1.5999816126763917	1.5999816126763917	1.5999816126763917	1.5999816126763917
0.30125	1.5996236180880434	1.5996236180880434	1.5996236180880434	1.5996236180880434
0.3015	1.599266697067467	1.599266697067467	1.599266697067467	1.599266697067467
0.30175	1.5989108504290654	1.5989108504290654	1.5989108504290654	1.5989108504290654
0.302	1.5985560790022686	1.5985560790022686	1.5985560790022686	1.5985560790022686
0.30225	1.5982023836237593	1.5982023836237593	1.5982023836237593	1.5982023836237593
0.3025	1.5978497651349572	1.5978497651349572	1.5978497651349572	1.5978497651349572
0.30275	1.597498224388812	1.597498224388812	1.597498224388812	1.597498224388812
0.303	1.5971477622486374	1.5971477622486374	1.5971477622486374	1.5971477622486374
0.30325	1.5967983795834613	1.5967983795834613	1.5967983795834613	1.5967983795834613
0.3035	1.5964500772746155	1.5964500772746155	1.5964500772746155	1.5964500772746155
0.30375	1.5961028562058615	1.5961028562058615	1.5961028562058615	1.5961028562058615
0.304	1.5957567172757845	1.5957567172757845	1.5957567172757845	1.5957567172757845
0.30425	1.5954116613931444	1.5954116613931444	1.5954116613931444	1.5954116613931444
0.3045	1.595067689465858	1.595067689465858	1.595067689465858	1.595067689465858
0.30475	1.5947248024211127	1.5947248024211127	1.5947248024211127	1.5947248024211127
0.305	1.5943830011871976	1.5943830011871976	1.5943830011871976	1.5943830011871976
0.30525	1.5940422867049076	1.5940422867049076	1.5940422867049076	1.5940422867049076
0.3055	1.5937026599258048	1.5937026599258048	1.5937026599258048	1.5937026599258048
0.30575	1.5933641218023826	1.5933641218023826	1.5933641218023826	1.5933641218023826
0.306	1.5930266733048541	1.5930266733048541	1.5930266733048541	1.5930266733048541
0.30625	1.5926903154080365	1.5926903154080365	1.5926903154080365	1.5926903154080365
0.3065	1.592355049090979	1.592355049090979	1.592355049090979	1.592355049090979
0.30675	1.5920208753517977	1.5920208753517977	1.5920208753517977	1.5920208753517977
0.307	1.5916877951878408	1.5916877951878408	1.5916877951878408	1.5916877951878408
0.30725	1.5913558096072518	1.5913558096072518	1.5913558096072518	1.5913558096072518
0.3075	1.591024919633586	1.591024919633586	1.591024919633586	1.591024919633586
0.30775	1.5906951262879263	1.5906951262879263	1.5906951262879263	1.5906951262879263
0.308	1.5903664306092773	1.5903664306092773	1.5903664306092773	1.5903664306092773
0.30825	1.590038833643604	1.590038833643604	1.590038833643604	1.590038833643604
0.3085	1.5897123364384678	1.5897123364384678	1.5897123364384678	1.5897123364384678
0.30875	1.589386940059931	1.589386940059931	1.589386940059931	1.589386940059931
0.309	1.5890626455760481	1.5890626455760481	1.5890626455760481	1.5890626455760481
0.30925	1.5887394540660886	1.5887394540660886	1.5887394540660886	1.5887394540660886
0.3095	1.5884173666209218	1.5884173666209218	1.5884173666209218	1.5884173666209218
0.30975	1.5880963843301816	1.5880963843301816	1.5880963843301816	1.5880963843301816
0.31	1.587776508305465	1.587776508305465	1.587776508305465	1.587776508305465
0.31025	1.5874577396581069	1.5874577396581069	1.5874577396581069	1.5874577396581069
0.3105	1.5871400795066686	1.5871400795066686	1.5871400795066686	1.5871400795066686
0.31075	1.5868235289888053	1.5868235289888053	1.5868235289888053	1.5868235289888053
0.311	1.5865080892394587	1.5865080892394587	1.5865080892394587	1.5865080892394587
0.31125	1.5861937614073227	1.5861937614073227	1.5861937614073227	1.5861937614073227
0.3115	1.5858805466521664	1.5858805466521664	1.5858805466521664	1.5858805466521664
0.31175	1.585568446135671	1.585568446135671	1.585568446135671	1.585568446135671
0.312	1.5852574610348151	1.5852574610348151	1.5852574610348151	1.5852574610348151
0.31225	1.584947592532461	1.584947592532461	1.584947592532461	1.584947592532461
0.3125	1.5846388418197015	1.5846388418197015	1.5846388418197015	1.5846388418197015
0.31275	1.5843312100951368	1.5843312100951368	1.5843312100951368	1.5843312100951368
0.313	1.5840246985701343	1.5840246985701343	1.5840246985701343	1.5840246985701343
0.31325	1.5837193084609167	1.5837193084609167	1.5837193084609167	1.5837193084609167
0.3135	1.5834150409965477	1.5834150409965477	1.5834150409965477	1.5834150409965477
0.31375	1.5831118974057559	1.5831118974057559	1.5831118974057559	1.5831118974057559
0.314	1.5828098789385208	1.5828098789385208	1.5828098789385208	1.5828098789385208
0.31425	1.5825089868447588	1.5825089868447588	1.5825089868447588	1.5825089868447588
0.3145	1.582209222382332	1.582209222382332	1.582209222382332	1.582209222382332
0.31475	1.5819105868267571	1.5819105868267571	1.5819105868267571	1.5819105868267571
0.315	1.5816130814504876	1.5816130814504876	1.5816130814504876	1.5816130814504876
0.31525	1.5813167075449788	1.5813167075449788	1.5813167075449788	1.5813167075449788
0.3155	1.581021466404353	1.581021466404353	1.581021466404353	1.581021466404353
0.31575	1.580727359329976	1.580727359329976	1.580727359329976	1.580727359329976
0.316	1.580434387638819	1.580434387638819	1.580434387638819	1.580434387638819
0.31625	1.5801425526518902	1.5801425526518902	1.5801425526518902	1.5801425526518902
0.3165	1.579851855695392	1.579851855695392	1.579851855695392	1.579851855695392
0.31675	1.579562298114953	1.579562298114953	1.579562298114953	1.579562298114953
0.317	1.5792738812515623	1.5792738812515623	1.5792738812515623	1.5792738812515623
0.31725	1.5789866064654676	1.5789866064654676	1.5789866064654676	1.5789866064654676
0.3175	1.5787004751234839	1.5787004751234839	1.5787004751234839	1.5787004751234839
0.31775	1.5784154885912547	1.5784154885912547	1.5784154885912547	1.5784154885912547
0.318	1.5781316482618444	1.5781316482618444	1.5781316482618444	1.5781316482618444
0.31825	1.5778489555186574	1.5778489555186574	1.5778489555186574	1.5778489555186574
0.3185	1.577567411761002	1.577567411761002	1.577567411761002	1.577567411761002
0.31875	1.5772870184054155	1.5772870184054155	1.5772870184054155	1.5772870184054155
0.319	1.5770077768601618	1.5770077768601618	1.5770077768601618	1.5770077768601618
0.31925	1.5767296885545443	1.5767296885545443	1.5767296885545443	1.5767296885545443
0.3195	1.5764527549253087	1.5764527549253087	1.5764527549253087	1.5764527549253087
0.31975	1.5761769774111858	1.5761769774111858	1.5761769774111858	1.5761769774111858
0.32	1.5759023574682003	1.5759023574682003	1.5759023574682003	1.5759023574682003
0.32025	1.57562889655383	1.57562889655383	1.57562889655383	1.57562889655383
0.3205	1.575356596140229	1.575356596140229	1.575356596140229	1.575356596140229
0.32075	1.575085457704623	1.575085457704623	1.575085457704623	1.575085457704623
0.321	1.574815482730085	1.574815482730085	1.574815482730085	1.574815482730085
0.32125	1.574546672718927	1.574546672718927	1.574546672718927	1.574546672718927
0.3215	1.5742790291710493	1.5742790291710493	1.5742790291710493	1.5742790291710493
0.32175	1.5740125535997846	1.5740125535997846	1.5740125535997846	1.5740125535997846
0.322	1.5737472475288945	1.5737472475288945	1.5737472475288945	1.5737472475288945
0.32225	1.5734831124852524	1.5734831124852524	1.5734831124852524	1.5734831124852524
0.3225	1.5732201500099605	1.5732201500099605	1.5732201500099605	1.5732201500099605
0.32275	1.5729583616534715	1.5729583616534715	1.5729583616534715	1.5729583616534715
0.323	1.5726977489695946	1.5726977489695946	1.5726977489695946	1.5726977489695946
0.32325	1.5724383135217197	1.5724383135217197	1.5724383135217197	1.5724383135217197
0.3235	1.572180056890155	1.572180056890155	1.572180056890155	1.572180056890155
0.32375	1.5719229806531778	1.5719229806531778	1.5719229806531778	1.5719229806531778
0.324	1.5716670864037687	1.5716670864037687	1.5716670864037687	1.5716670864037687
0.32425	1.57141237574193	1.57141237574193	1.57141237574193	1.57141237574193
0.3245	1.5711588502769582	1.5711588502769582	1.5711588502769582	1.5711588502769582
0.32475	1.5709065116298988	1.5709065116298988	1.5709065116298988	1.5709065116298988
0.325	1.5706553614228813	1.5706553614228813	1.5706553614228813	1.5706553614228813
0.32525	1.5704054012946977	1.5704054012946977	1.5704054012946977	1.5704054012946977
0.3255	1.5701566328880774	1.5701566328880774	1.5701566328880774	1.5701566328880774
0.32575	1.5699090578579509	1.5699090578579509	1.5699090578579509	1.5699090578579509
0.326	1.5696626778662255	1.5696626778662255	1.5696626778662255	1.5696626778662255
0.32625	1.5694174945804997	1.5694174945804997	1.5694174945804997	1.5694174945804997
0.3265	1.5691735096841872	1.5691735096841872	1.5691735096841872	1.5691735096841872
0.32675	1.5689307248658713	1.5689307248658713	1.5689307248658713	1.5689307248658713
0.327	1.5686891418195175	1.5686891418195175	1.5686891418195175	1.5686891418195175
0.32725	1.5684487622544045	1.5684487622544045	1.5684487622544045	1.5684487622544045
0.3275	1.568209587883929	1.568209587883929	1.568209587883929	1.568209587883929
0.32775	1.5679716204314222	1.5679716204314222	1.5679716204314222	1.5679716204314222
0.328	1.5677348616337188	1.5677348616337188	1.5677348616337188	1.5677348616337188
0.32825	1.5674993132258683	1.5674993132258683	1.5674993132258683	1.5674993132258683
0.3285	1.5672649769613245	1.5672649769613245	1.5672649769613245	1.5672649769613245
0.32875	1.5670318546026272	1.5670318546026272	1.5670318546026272	1.5670318546026272
0.329	1.5667999479113572	1.5667999479113572	1.5667999479113572	1.5667999479113572
0.32925	1.5665692586694242	1.5665692586694242	1.5665692586694242	1.5665692586694242
0.3295	1.5663397886634207	1.5663397886634207	1.5663397886634207	1.5663397886634207
0.32975	1.5661115396820429	1.5661115396820429	1.5661115396820429	1.5661115396820429
0.33	1.5658845135358672	1.5658845135358672	1.5658845135358672	1.5658845135358672
0.33025	1.56565871203427	1.56565871203427	1.56565871203427	1.56565871203427
0.3305	1.565434136997004	1.565434136997004	1.565434136997004	1.565434136997004
0.33075	1.5652107902592478	1.5652107902592478	1.5652107902592478	1.5652107902592478
0.331	1.5649886736550649	1.5649886736550649	1.5649886736550649	1.5649886736550649
0.33125	1.5647677890371559	1.5647677890371559	1.5647677890371559	1.5647677890371559
0.3315	1.5645481382621833	1.5645481382621833	1.5645481382621833	1.5645481382621833
0.33175	1.5643297231913622	1.5643297231913622	1.5643297231913622	1.5643297231913622
0.332	1.5641125457074014	1.5641125457074014	1.5641125457074014	1.5641125457074014
0.33225	1.5638966076896206	1.5638966076896206	1.5638966076896206	1.5638966076896206
0.3325	1.5636819110308928	1.5636819110308928	1.5636819110308928	1.5636819110308928
0.33275	1.5634684576358093	1.5634684576358093	1.5634684576358093	1.5634684576358093
0.333	1.5632562494116087	1.5632562494116087	1.5632562494116087	1.5632562494116087
0.33325	1.5630452882847259	1.5630452882847259	1.5630452882847259	1.5630452882847259
0.3335	1.5628355761794743	1.5628355761794743	1.5628355761794743	1.5628355761794743
0.33375	1.5626271150321824	1.5626271150321824	1.5626271150321824	1.5626271150321824
0.334	1.5624199067956681	1.5624199067956681	1.5624199067956681	1.5624199067956681
0.33425	1.5622139534214634	1.5622139534214634	1.5622139534214634	1.5622139534214634
0.3345	1.562009256875606	1.562009256875606	1.562009256875606	1.562009256875606
0.33475	1.5618058191347726	1.5618058191347726	1.5618058191347726	1.5618058191347726
0.335	1.561603642177971	1.561603642177971	1.561603642177971	1.561603642177971
0.33525	1.5614027280019458	1.5614027280019458	1.5614027280019458	1.5614027280019458
0.3355	1.5612030786069442	1.5612030786069442	1.5612030786069442	1.5612030786069442
0.33575	1.5610046959993429	1.5610046959993429	1.5610046959993429	1.5610046959993429
0.336	1.5608075822035246	1.5608075822035246	1.5608075822035246	1.5608075822035246
0.33625	1.5606117392469137	1.5606117392469137	1.5606117392469137	1.5606117392469137
0.3365	1.560417169166486	1.560417169166486	1.560417169166486	1.560417169166486
0.33675	1.5602238740112049	1.5602238740112049	1.5602238740112049	1.5602238740112049
0.337	1.560031855832065	1.560031855832065	1.560031855832065	1.560031855832065
0.33725	1.5598411167004291	1.5598411167004291	1.5598411167004291	1.5598411167004291
0.3375	1.5596516586886473	1.5596516586886473	1.5596516586886473	1.5596516586886473
0.33775	1.5594634838752688	1.5594634838752688	1.5594634838752688	1.5594634838752688
0.338	1.559276594360776	1.559276594360776	1.559276594360776	1.559276594360776
0.33825	1.5590909922417542	1.5590909922417542	1.5590909922417542	1.5590909922417542
0.3385	1.5589066796290283	1.5589066796290283	1.5589066796290283	1.5589066796290283
0.33875	1.5587236586480593	1.5587236586480593	1.5587236586480593	1.5587236586480593
0.339	1.5585419314223667	1.5585419314223667	1.5585419314223667	1.5585419314223667
0.33925	1.5583615000914668	1.5583615000914668	1.5583615000914668	1.5583615000914668
0.3395	1.5581823668073946	1.5581823668073946	1.5581823668073946	1.5581823668073946
0.33975	1.5580045337214603	1.5580045337214603	1.5580045337214603	1.5580045337214603
0.34	1.5578280030047549	1.5578280030047549	1.5578280030047549	1.5578280030047549
0.34025	1.557652776831771	1.557652776831771	1.557652776831771	1.557652776831771
0.3405	1.557478857383761	1.557478857383761	1.557478857383761	1.557478857383761
0.34075	1.5573062468594607	1.5573062468594607	1.5573062468594607	1.5573062468594607
0.341	1.5571349474601943	1.5571349474601943	1.5571349474601943	1.5571349474601943
0.34125	1.55696496139968	1.55696496139968	1.55696496139968	1.55696496139968
0.3415	1.556796290898538	1.556796290898538	1.556796290898538	1.556796290898538
0.34175	1.556628938188195	1.556628938188195	1.556628938188195	1.556628938188195
0.342	1.5564629055127586	1.5564629055127586	1.5564629055127586	1.5564629055127586
0.34225	1.5562981951169093	1.5562981951169093	1.5562981951169093	1.5562981951169093
0.3425	1.5561348092636036	1.5561348092636036	1.5561348092636036	1.5561348092636036
0.34275	1.5559727502217815	1.5559727502217815	1.5559727502217815	1.5559727502217815
0.343	1.5558120202664076	1.5558120202664076	1.5558120202664076	1.5558120202664076
0.34325	1.5556526216902768	1.5556526216902768	1.5556526216902768	1.5556526216902768
0.3435	1.5554945567861589	1.5554945567861589	1.5554945567861589	1.5554945567861589
0.34375	1.5553378278623287	1.5553378278623287	1.5553378278623287	1.5553378278623287
0.344	1.5551824372330667	1.5551824372330667	1.5551824372330667	1.5551824372330667
0.34425	1.5550283872250519	1.5550283872250519	1.5550283872250519	1.5550283872250519
0.3445	1.5548756801734356	1.5548756801734356	1.5548756801734356	1.5548756801734356
0.34475	1.5547243184225963	1.5547243184225963	1.5547243184225963	1.5547243184225963
0.345	1.554574304322094	1.554574304322094	1.554574304322094	1.554574304322094
0.34525	1.5544256402412704	1.5544256402412704	1.5544256402412704	1.5544256402412704
0.3455	1.5542783285503803	1.5542783285503803	1.5542783285503803	1.5542783285503803
0.34575	1.554132371628345	1.554132371628345	1.554132371628345	1.554132371628345
0.346	1.553987771874167	1.553987771874167	1.553987771874167	1.553987771874167
0.34625	1.5538445316823868	1.5538445316823868	1.5538445316823868	1.5538445316823868
0.3465	1.553702653465323	1.553702653465323	1.553702653465323	1.553702653465323
0.34675	1.5535621396485246	1.5535621396485246	1.5535621396485246	1.5535621396485246
0.347	1.5534229926552294	1.5534229926552294	1.5534229926552294	1.5534229926552294
0.34725	1.5532852149291405	1.5532852149291405	1.5532852149291405	1.5532852149291405
0.3475	1.553148808918886	1.553148808918886	1.553148808918886	1.553148808918886
0.34775	1.5530137770817305	1.5530137770817305	1.5530137770817305	1.5530137770817305
0.348	1.5528801218898443	1.5528801218898443	1.5528801218898443	1.5528801218898443
0.34825	1.5527478458175261	1.5527478458175261	1.5527478458175261	1.5527478458175261
0.3485	1.55261695135535	1.55261695135535	1.55261695135535	1.55261695135535
0.34875	1.5524874409990372	1.5524874409990372	1.5524874409990372	1.5524874409990372
0.349	1.5523593172562777	1.5523593172562777	1.5523593172562777	1.5523593172562777
0.34925	1.5522325826489674	1.5522325826489674	1.5522325826489674	1.5522325826489674
0.3495	1.5521072396955014	1.5521072396955014	1.5521072396955014	1.5521072396955014
0.34975	1.5519832909369924	1.5519832909369924	1.5519832909369924	1.5519832909369924
0.35	1.5518607389221222	1.5518607389221222	1.5518607389221222	1.5518607389221222
0.35025	1.5517395861995087	1.5517395861995087	1.5517395861995087	1.5517395861995087
0.3505	1.5516198353442745	1.5516198353442745	1.5516198353442745	1.5516198353442745
0.35075	1.551501488926816	1.551501488926816	1.551501488926816	1.551501488926816
0.351	1.551384549530227	1.551384549530227	1.551384549530227	1.551384549530227
0.35125	1.551269019756925	1.551269019756925	1.551269019756925	1.551269019756925
0.3515	1.5511549022056639	1.5511549022056639	1.5511549022056639	1.5511549022056639
0.35175	1.5510421994949801	1.5510421994949801	1.5510421994949801	1.5510421994949801
0.352	1.550930914250445	1.550930914250445	1.550930914250445	1.550930914250445
0.35225	1.550821049101975	1.550821049101975	1.550821049101975	1.550821049101975
0.3525	1.5507126067008694	1.5507126067008694	1.5507126067008694	1.5507126067008694
0.35275	1.5506055896993989	1.5506055896993989	1.5506055896993989	1.5506055896993989
0.353	1.550500000759807	1.550500000759807	1.550500000759807	1.550500000759807
0.35325	1.5503958425596547	1.5503958425596547	1.5503958425596547	1.5503958425596547
0.3535	1.5502931177829216	1.5502931177829216	1.5502931177829216	1.5502931177829216
0.35375	1.5501918291233432	1.5501918291233432	1.5501918291233432	1.5501918291233432
0.354	1.5500919792879297	1.5500919792879297	1.5500919792879297	1.5500919792879297
0.35425	1.5499935709875259	1.5499935709875259	1.5499935709875259	1.5499935709875259
0.3545	1.5498966069500013	1.5498966069500013	1.5498966069500013	1.5498966069500013
0.35475	1.5498010899119072	1.5498010899119072	1.5498010899119072	1.5498010899119072
0.355	1.5497070226128726	1.5497070226128726	1.5497070226128726	1.5497070226128726
0.35525	1.549614407813353	1.549614407813353	1.549614407813353	1.549614407813353
0.3555	1.549523248274798	1.549523248274798	1.549523248274798	1.549523248274798
0.35575	1.549433546772291	1.549433546772291	1.549433546772291	1.549433546772291
0.356	1.5493453060969702	1.5493453060969702	1.5493453060969702	1.5493453060969702
0.35625	1.5492585290367533	1.5492585290367533	1.5492585290367533	1.5492585290367533
0.3565	1.5491732184024676	1.5491732184024676	1.5491732184024676	1.5491732184024676
0.35675	1.5490893770114889	1.5490893770114889	1.5490893770114889	1.5490893770114889
0.357	1.549007007683974	1.549007007683974	1.549007007683974	1.549007007683974
0.35725	1.5489261132629624	1.5489261132629624	1.5489261132629624	1.5489261132629624
0.3575	1.5488466965920127	1.5488466965920127	1.5488466965920127	1.5488466965920127
0.35775	1.5487687605274698	1.5487687605274698	1.5487687605274698	1.5487687605274698
0.358	1.5486923079410686	1.5486923079410686	1.5486923079410686	1.5486923079410686
0.35825	1.548617341705234	1.548617341705234	1.548617341705234	1.548617341705234
0.3585	1.5485438647117176	1.5485438647117176	1.5485438647117176	1.5485438647117176
0.35875	1.5484718798596313	1.5484718798596313	1.5484718798596313	1.5484718798596313
0.359	1.548401390054594	1.548401390054594	1.548401390054594	1.548401390054594
0.35925	1.5483323982193522	1.5483323982193522	1.5483323982193522	1.5483323982193522
0.3595	1.548264907280177	1.548264907280177	1.548264907280177	1.548264907280177
0.35975	1.548198920180581	1.548198920180581	1.548198920180581	1.548198920180581
0.36	1.5481344398704493	1.5481344398704493	1.5481344398704493	1.5481344398704493
0.36025	1.5480714693073743	1.5480714693073743	1.5480714693073743	1.5480714693073743
0.3605	1.5480100114694557	1.5480100114694557	1.5480100114694557	1.5480100114694557
0.36075	1.54795006933479	1.54795006933479	1.54795006933479	1.54795006933479
0.361	1.5478916458946366	1.5478916458946366	1.5478916458946366	1.5478916458946366
0.36125	1.5478347441578426	1.5478347441578426	1.5478347441578426	1.5478347441578426
0.3615	1.5477793671337976	1.5477793671337976	1.5477793671337976	1.5477793671337976
0.36175	1.547725517846688	1.547725517846688	1.547725517846688	1.547725517846688
0.362	1.5476731993353736	1.5476731993353736	1.5476731993353736	1.5476731993353736
0.36225	1.5476224146432613	1.5476224146432613	1.5476224146432613	1.5476224146432613
0.3625	1.5475731668267343	1.5475731668267343	1.5475731668267343	1.5475731668267343
0.36275	1.5475254589544853	1.5475254589544853	1.5475254589544853	1.5475254589544853
0.363	1.547479294101577	1.547479294101577	1.547479294101577	1.547479294101577
0.36325	1.547434675361325	1.547434675361325	1.547434675361325	1.547434675361325
0.3635	1.5473916058291748	1.5473916058291748	1.5473916058291748	1.5473916058291748
0.36375	1.547350088615858	1.547350088615858	1.547350088615858	1.547350088615858
0.364	1.547310126846001	1.547310126846001	1.547310126846001	1.547310126846001
0.36425	1.5472717236445495	1.5472717236445495	1.5472717236445495	1.5472717236445495
0.3645	1.5472348821602901	1.5472348821602901	1.5472348821602901	1.5472348821602901
0.36475	1.5471996055459116	1.5471996055459116	1.5471996055459116	1.5471996055459116
0.365	1.547165896963889	1.547165896963889	1.547165896963889	1.547165896963889
0.36525	1.5471337595921841	1.5471337595921841	1.5471337595921841	1.5471337595921841
0.3655	1.5471031966134026	1.5471031966134026	1.5471031966134026	1.5471031966134026
0.36575	1.5470742112281297	1.5470742112281297	1.5470742112281297	1.5470742112281297
0.366	1.5470468066444532	1.5470468066444532	1.5470468066444532	1.5470468066444532
0.36625	1.547020986078756	1.547020986078756	1.547020986078756	1.547020986078756
0.3665	1.5469967527657806	1.5469967527657806	1.5469967527657806	1.5469967527657806
0.36675	1.5469741099457897	1.5469741099457897	1.5469741099457897	1.5469741099457897
0.367	1.546953060867905	1.546953060867905	1.546953060867905	1.546953060867905
0.36725	1.5469336087996275	1.5469336087996275	1.5469336087996275	1.5469336087996275
0.3675	1.5469157570132717	1.5469157570132717	1.5469157570132717	1.5469157570132717
0.36775	1.5468995087963953	1.5468995087963953	1.5468995087963953	1.5468995087963953
0.368	1.5468848674484126	1.5468848674484126	1.5468848674484126	1.5468848674484126
0.36825	1.5468718362704872	1.5468718362704872	1.5468718362704872	1.5468718362704872
0.3685	1.546860418588864	1.546860418588864	1.546860418588864	1.546860418588864
0.36875	1.5468506177331285	1.5468506177331285	1.5468506177331285	1.5468506177331285
0.369	1.546842437041367	1.546842437041367	1.546842437041367	1.546842437041367
0.36925	1.5468358798740474	1.5468358798740474	1.5468358798740474	1.5468358798740474
0.3695	1.5468309495902837	1.5468309495902837	1.5468309495902837	1.5468309495902837
0.36975	1.5468276495660789	1.5468276495660789	1.5468276495660789	1.5468276495660789
0.37	1.546825983194034	1.546825983194034	1.546825983194034	1.546825983194034
0.37025	1.5468259538672446	1.5468259538672446	1.5468259538672446	1.5468259538672446
0.3705	1.5468275650002725	1.5468275650002725	1.5468275650002725	1.5468275650002725
0.37075	1.5468308200139516	1.5468308200139516	1.5468308200139516	1.5468308200139516
0.371	1.5468357223387326	1.5468357223387326	1.5468357223387326	1.5468357223387326
0.37125	1.5468422754247513	1.5468422754247513	1.5468422754247513	1.5468422754247513
0.3715	1.5468504827239096	1.5468504827239096	1.5468504827239096	1.5468504827239096
0.37175	1.5468603477061238	1.5468603477061238	1.5468603477061238	1.5468603477061238
0.372	1.5468718738526748	1.5468718738526748	1.5468718738526748	1.5468718738526748
0.37225	1.546885064649194	1.546885064649194	1.546885064649194	1.546885064649194
0.3725	1.546899923604458	1.546899923604458	1.546899923604458	1.546899923604458
0.37275	1.5469164542313802	1.5469164542313802	1.5469164542313802	1.5469164542313802
0.373	1.546934660053447	1.546934660053447	1.546934660053447	1.546934660053447
0.37325	1.546954544613337	1.546954544613337	1.546954544613337	1.546954544613337
0.3735	1.5469761114582736	1.5469761114582736	1.5469761114582736	1.5469761114582736
0.37375	1.5469993641477366	1.5469993641477366	1.5469993641477366	1.5469993641477366
0.374	1.5470243062593545	1.5470243062593545	1.5470243062593545	1.5470243062593545
0.37425	1.5470509413757132	1.5470509413757132	1.5470509413757132	1.5470509413757132
0.3745	1.5470792730942498	1.5470792730942498	1.5470792730942498	1.5470792730942498
0.37475	1.5471093050254536	1.5471093050254536	1.5471093050254536	1.5471093050254536
0.375	1.5471410407893589	1.5471410407893589	1.5471410407893589	1.5471410407893589
0.37525	1.5471744840178216	1.5471744840178216	1.5471744840178216	1.5471744840178216
0.3755	1.5472096383574332	1.5472096383574332	1.5472096383574332	1.5472096383574332
0.37575	1.5472465074653117	1.5472465074653117	1.5472465074653117	1.5472465074653117
0.376	1.5472850950095254	1.5472850950095254	1.5472850950095254	1.5472850950095254
0.37625	1.5473254046700358	1.5473254046700358	1.5473254046700358	1.5473254046700358
0.3765	1.5473674401437436	1.5473674401437436	1.5473674401437436	1.5473674401437436
0.37675	1.5474112051343878	1.5474112051343878	1.5474112051343878	1.5474112051343878
0.377	1.547456703357171	1.547456703357171	1.547456703357171	1.547456703357171
0.37725	1.5475039385457539	1.5475039385457539	1.5475039385457539	1.5475039385457539
0.3775	1.5475529144386952	1.5475529144386952	1.5475529144386952	1.5475529144386952
0.37775	1.5476036347928126	1.5476036347928126	1.5476036347928126	1.5476036347928126
0.378	1.5476561033748977	1.5476561033748977	1.5476561033748977	1.5476561033748977
0.37825	1.547710323962526	1.547710323962526	1.547710323962526	1.547710323962526
0.3785	1.5477663003475983	1.5477663003475983	1.5477663003475983	1.5477663003475983
0.37875	1.5478240363329654	1.5478240363329654	1.5478240363329654	1.5478240363329654
0.379	1.5478835357359715	1.5478835357359715	1.5478835357359715	1.5478835357359715
0.37925	1.5479448023874463	1.5479448023874463	1.5479448023874463	1.5479448023874463
0.3795	1.5480078401230544	1.5480078401230544	1.5480078401230544	1.5480078401230544
0.37975	1.5480726527999409	1.5480726527999409	1.5480726527999409	1.5480726527999409
0.38	1.5481392442864454	1.5481392442864454	1.5481392442864454	1.5481392442864454
0.38025	1.5482076184556326	1.5482076184556326	1.5482076184556326	1.5482076184556326
0.3805	1.5482777792048577	1.5482777792048577	1.5482777792048577	1.5482777792048577
0.38075	1.548349730434371	1.548349730434371	1.548349730434371	1.548349730434371
0.381	1.5484234760625155	1.5484234760625155	1.5484234760625155	1.5484234760625155
0.38125	1.548499020020354	1.548499020020354	1.548499020020354	1.548499020020354
0.3815	1.5485763662453806	1.5485763662453806	1.5485763662453806	1.5485763662453806
0.38175	1.5486555186983666	1.5486555186983666	1.5486555186983666	1.5486555186983666
0.382	1.5487364813465088	1.5487364813465088	1.5487364813465088	1.5487364813465088
0.38225	1.5488192581638822	1.5488192581638822	1.5488192581638822	1.5488192581638822
0.3825	1.5489038531535735	1.5489038531535735	1.5489038531535735	1.5489038531535735
0.38275	1.5489902703188034	1.5489902703188034	1.5489902703188034	1.5489902703188034
0.383	1.5490785136748568	1.5490785136748568	1.5490785136748568	1.5490785136748568
0.38325	1.5491685872606566	1.5491685872606566	1.5491685872606566	1.5491685872606566
0.3835	1.5492604951182603	1.5492604951182603	1.5492604951182603	1.5492604951182603
0.38375	1.5493542413080779	1.5493542413080779	1.5493542413080779	1.5493542413080779
0.384	1.5494498299020385	1.5494498299020385	1.5494498299020385	1.5494498299020385
0.38425	1.5495472649834985	1.5495472649834985	1.5495472649834985	1.5495472649834985
0.3845	1.5496465506531685	1.5496465506531685	1.5496465506531685	1.5496465506531685
0.38475	1.5497476910208197	1.5497476910208197	1.5497476910208197	1.5497476910208197
0.385	1.5498506902106626	1.5498506902106626	1.5498506902106626	1.5498506902106626
0.38525	1.5499555523645456	1.5499555523645456	1.5499555523645456	1.5499555523645456
0.3855	1.550062281628911	1.550062281628911	1.550062281628911	1.550062281628911
0.38575	1.550170882170032	1.550170882170032	1.550170882170032	1.550170882170032
0.386	1.5502813581700972	1.5502813581700972	1.5502813581700972	1.5502813581700972
0.38625	1.5503937138158046	1.5503937138158046	1.5503937138158046	1.5503937138158046
0.3865	1.5505079533128763	1.5505079533128763	1.5505079533128763	1.5505079533128763
0.38675	1.5506240808821399	1.5506240808821399	1.5506240808821399	1.5506240808821399
0.387	1.5507421007550606	1.5507421007550606	1.5507421007550606	1.5507421007550606
0.38725	1.5508620171769398	1.5508620171769398	1.5508620171769398	1.5508620171769398
0.3875	1.5509838344062838	1.5509838344062838	1.5509838344062838	1.5509838344062838
0.38775	1.5511075567189179	1.5511075567189179	1.5511075567189179	1.5511075567189179
0.388	1.5512331884013273	1.5512331884013273	1.5512331884013273	1.5512331884013273
0.38825	1.5513607337502033	1.5513607337502033	1.5513607337502033	1.5513607337502033
0.3885	1.551490197086251	1.551490197086251	1.551490197086251	1.551490197086251
0.38875	1.5516215827329027	1.5516215827329027	1.5516215827329027	1.5516215827329027
0.389	1.5517548950319533	1.5517548950319533	1.5517548950319533	1.5517548950319533
0.38925	1.5518901383462245	1.5518901383462245	1.5518901383462245	1.5518901383462245
0.3895	1.552027317036985	1.552027317036985	1.552027317036985	1.552027317036985
0.38975	1.5521664354938647	1.5521664354938647	1.5521664354938647	1.5521664354938647
0.39	1.5523074981148355	1.5523074981148355	1.5523074981148355	1.5523074981148355
0.39025	1.5524505093092364	1.5524505093092364	1.5524505093092364	1.5524505093092364
0.3905	1.552595473505929	1.552595473505929	1.552595473505929	1.552595473505929
0.39075	1.5527423951436992	1.5527423951436992	1.5527423951436992	1.5527423951436992
0.391	1.552891278680146	1.552891278680146	1.552891278680146	1.552891278680146
0.39125	1.5530421285809823	1.5530421285809823	1.5530421285809823	1.5530421285809823
0.3915	1.5531949493305746	1.5531949493305746	1.5531949493305746	1.5531949493305746
0.39175	1.5533497454271037	1.5533497454271037	1.5533497454271037	1.5533497454271037
0.392	1.5535065213845012	1.5535065213845012	1.5535065213845012	1.5535065213845012
0.39225	1.5536652817261385	1.5536652817261385	1.5536652817261385	1.5536652817261385
0.3925	1.5538260309933614	1.5538260309933614	1.5538260309933614	1.5538260309933614
0.39275	1.5539887737428482	1.5539887737428482	1.5539887737428482	1.5539887737428482
0.393	1.554153514544515	1.554153514544515	1.554153514544515	1.554153514544515
0.39325	1.554320257983638	1.554320257983638	1.554320257983638	1.554320257983638
0.3935	1.5544890086567407	1.5544890086567407	1.5544890086567407	1.5544890086567407
0.39375	1.554659771180691	1.554659771180691	1.554659771180691	1.554659771180691
0.394	1.5548325501851041	1.5548325501851041	1.5548325501851041	1.5548325501851041
0.39425	1.5550073503089568	1.5550073503089568	1.5550073503089568	1.5550073503089568
0.3945	1.555184176214836	1.555184176214836	1.555184176214836	1.555184176214836
0.39475	1.5553630325760106	1.5553630325760106	1.5553630325760106	1.5553630325760106
0.395	1.5555439240772708	1.5555439240772708	1.5555439240772708	1.5555439240772708
0.39525	1.5557268554258799	1.5557268554258799	1.5557268554258799	1.5557268554258799
0.3955	1.555911831335143	1.555911831335143	1.555911831335143	1.555911831335143
0.39575	1.5560988565441873	1.5560988565441873	1.5560988565441873	1.5560988565441873
0.396	1.556287935799136	1.556287935799136	1.556287935799136	1.556287935799136
0.39625	1.5564790738594663	1.5564790738594663	1.5564790738594663	1.5564790738594663
0.3965	1.556672275511186	1.556672275511186	1.556672275511186	1.556672275511186
0.39675	1.556867545543211	1.556867545543211	1.556867545543211	1.556867545543211
0.397	1.5570648887645868	1.5570648887645868	1.5570648887645868	1.5570648887645868
0.39725	1.5572643100044234	1.5572643100044234	1.5572643100044234	1.5572643100044234
0.3975	1.5574658140991173	1.5574658140991173	1.5574658140991173	1.5574658140991173
0.39775	1.5576694059048024	1.5576694059048024	1.5576694059048024	1.5576694059048024
0.398	1.5578750902947027	1.5578750902947027	1.5578750902947027	1.5578750902947027
0.39825	1.558082872152244	1.558082872152244	1.558082872152244	1.558082872152244
0.3985	1.5582927563824098	1.5582927563824098	1.5582927563824098	1.5582927563824098
0.39875	1.5585047479009817	1.5585047479009817	1.5585047479009817	1.5585047479009817
0.399	1.5587188516427666	1.5587188516427666	1.5587188516427666	1.5587188516427666
0.39925	1.5589350725583944	1.5589350725583944	1.5589350725583944	1.5589350725583944
0.3995	1.5591534156100038	1.5591534156100038	1.5591534156100038	1.5591534156100038
0.39975	1.5593738857813262	1.5593738857813262	1.5593738857813262	1.5593738857813262
0.4	1.559596488067834	1.559596488067834	1.559596488067834	1.559596488067834
0.40025	1.5598212274823966	1.5598212274823966	1.5598212274823966	1.5598212274823966
0.4005	1.560048109057064	1.560048109057064	1.560048109057064	1.560048109057064
0.40075	1.5602771378332045	1.5602771378332045	1.5602771378332045	1.5602771378332045
0.401	1.560508318870308	1.560508318870308	1.560508318870308	1.560508318870308
0.40125	1.560741657252396	1.560741657252396	1.560741657252396	1.560741657252396
0.4015	1.5609771580674292	1.5609771580674292	1.5609771580674292	1.5609771580674292
0.40175	1.5612148264262882	1.5612148264262882	1.5612148264262882	1.5612148264262882
0.402	1.5614546674584628	1.5614546674584628	1.5614546674584628	1.5614546674584628
0.40225	1.5616966863006896	1.5616966863006896	1.5616966863006896	1.5616966863006896
0.4025	1.5619408881183692	1.5619408881183692	1.5619408881183692	1.5619408881183692
0.40275	1.5621872780838342	1.5621872780838342	1.5621872780838342	1.5621872780838342
0.403	1.5624358613857277	1.5624358613857277	1.5624358613857277	1.5624358613857277
0.40325	1.5626866432409954	1.5626866432409954	1.5626866432409954	1.5626866432409954
0.4035	1.562939628868125	1.562939628868125	1.562939628868125	1.562939628868125
0.40375	1.5631948235113722	1.5631948235113722	1.5631948235113722	1.5631948235113722
0.404	1.563452232431802	1.563452232431802	1.563452232431802	1.563452232431802
0.40425	1.5637118609012854	1.5637118609012854	1.5637118609012854	1.5637118609012854
0.4045	1.5639737142156167	1.5639737142156167	1.5639737142156167	1.5639737142156167
0.40475	1.5642377976842448	1.5642377976842448	1.5642377976842448	1.5642377976842448
0.405	1.5645041166309501	1.5645041166309501	1.5645041166309501	1.5645041166309501
0.40525	1.5647726764027066	1.5647726764027066	1.5647726764027066	1.5647726764027066
0.4055	1.5650434823594002	1.5650434823594002	1.5650434823594002	1.5650434823594002
0.40575	1.565316539878044	1.565316539878044	1.565316539878044	1.565316539878044
0.406	1.5655918543543348	1.5655918543543348	1.5655918543543348	1.5655918543543348
0.40625	1.5658694312028303	1.5658694312028303	1.5658694312028303	1.5658694312028303
0.4065	1.566149275851515	1.566149275851515	1.566149275851515	1.566149275851515
0.40675	1.5664313937468706	1.5664313937468706	1.5664313937468706	1.5664313937468706
0.407	1.5667157903574462	1.5667157903574462	1.5667157903574462	1.5667157903574462
0.40725	1.5670024711620347	1.5670024711620347	1.5670024711620347	1.5670024711620347
0.4075	1.5672914416622434	1.5672914416622434	1.5672914416622434	1.5672914416622434
0.40775	1.567582707379146	1.567582707379146	1.567582707379146	1.567582707379146
0.408	1.5678762738405332	1.5678762738405332	1.5678762738405332	1.5678762738405332
0.40825	1.5681721466056797	1.5681721466056797	1.5681721466056797	1.5681721466056797
0.4085	1.5684703312466273	1.5684703312466273	1.5684703312466273	1.5684703312466273
0.40875	1.568770833345692	1.568770833345692	1.568770833345692	1.568770833345692
0.409	1.5690736585182068	1.5690736585182068	1.5690736585182068	1.5690736585182068
0.40925	1.5693788123864958	1.5693788123864958	1.5693788123864958	1.5693788123864958
0.4095	1.5696863005899018	1.5696863005899018	1.5696863005899018	1.5696863005899018
0.40975	1.5699961287957789	1.5699961287957789	1.5699961287957789	1.5699961287957789
0.41	1.5703083026790425	1.5703083026790425	1.5703083026790425	1.5703083026790425
0.41025	1.5706228279410204	1.5706228279410204	1.5706228279410204	1.5706228279410204
0.4105	1.5709397102991056	1.5709397102991056	1.5709397102991056	1.5709397102991056
0.41075	1.5712589554825762	1.5712589554825762	1.5712589554825762	1.5712589554825762
0.411	1.5715805692490368	1.5715805692490368	1.5715805692490368	1.5715805692490368
0.41125	1.5719045573725647	1.5719045573725647	1.5719045573725647	1.5719045573725647
0.4115	1.5722309256393374	1.5722309256393374	1.5722309256393374	1.5722309256393374
0.41175	1.5725596798614658	1.5725596798614658	1.5725596798614658	1.5725596798614658
0.412	1.5728908258658731	1.5728908258658731	1.5728908258658731	1.5728908258658731
0.41225	1.5732243694991255	1.5732243694991255	1.5732243694991255	1.5732243694991255
0.4125	1.5735603166296392	1.5735603166296392	1.5735603166296392	1.5735603166296392
0.41275	1.573898673138043	1.573898673138043	1.573898673138043	1.573898673138043
0.413	1.5742394449333028	1.5742394449333028	1.5742394449333028	1.5742394449333028
0.41325	1.5745826379366863	1.5745826379366863	1.5745826379366863	1.5745826379366863
0.4135	1.574928258088294	1.574928258088294	1.574928258088294	1.574928258088294
0.41375	1.5752763113537958	1.5752763113537958	1.5752763113537958	1.5752763113537958
0.414	1.5756268037106325	1.5756268037106325	1.5756268037106325	1.5756268037106325
0.41425	1.5759797411590828	1.5759797411590828	1.5759797411590828	1.5759797411590828
0.4145	1.576335129722412	1.576335129722412	1.576335129722412	1.576335129722412
0.41475	1.5766929754373928	1.5766929754373928	1.5766929754373928	1.5766929754373928
0.415	1.577053284363882	1.577053284363882	1.577053284363882	1.577053284363882
0.41525	1.5774160625813776	1.5774160625813776	1.5774160625813776	1.5774160625813776
0.4155	1.5777813161863286	1.5777813161863286	1.5777813161863286	1.5777813161863286
0.41575	1.5781490512985148	1.5781490512985148	1.5781490512985148	1.5781490512985148
0.416	1.5785192740579823	1.5785192740579823	1.5785192740579823	1.5785192740579823
0.41625	1.5788919906185628	1.5788919906185628	1.5788919906185628	1.5788919906185628
0.4165	1.5792672071641056	1.5792672071641056	1.5792672071641056	1.5792672071641056
0.41675	1.5796449298889392	1.5796449298889392	1.5796449298889392	1.5796449298889392
0.417	1.5800251650129709	1.5800251650129709	1.5800251650129709	1.5800251650129709
0.41725	1.5804079187790039	1.5804079187790039	1.5804079187790039	1.5804079187790039
0.4175	1.5807931974392253	1.5807931974392253	1.5807931974392253	1.5807931974392253
0.41775	1.5811810072807715	1.5811810072807715	1.5811810072807715	1.5811810072807715
0.418	1.5815713546010255	1.5815713546010255	1.5815713546010255	1.5815713546010255
0.41825	1.5819642457191438	1.5819642457191438	1.5819642457191438	1.5819642457191438
0.4185	1.5823596869821062	1.5823596869821062	1.5823596869821062	1.5823596869821062
0.41875	1.582757684747376	1.582757684747376	1.582757684747376	1.582757684747376
0.419	1.5831582454011113	1.5831582454011113	1.5831582454011113	1.5831582454011113
0.41925	1.5835613753495732	1.5835613753495732	1.5835613753495732	1.5835613753495732
0.4195	1.5839670810118438	1.5839670810118438	1.5839670810118438	1.5839670810118438
0.41975	1.584375368843598	1.584375368843598	1.584375368843598	1.584375368843598
0.42	1.5847862453056303	1.5847862453056303	1.5847862453056303	1.5847862453056303
0.42025	1.5851997168861047	1.5851997168861047	1.5851997168861047	1.5851997168861047
0.4205	1.585615790101679	1.585615790101679	1.585615790101679	1.585615790101679
0.42075	1.5860344714789536	1.5860344714789536	1.5860344714789536	1.5860344714789536
0.421	1.5864557675737105	1.5864557675737105	1.5864557675737105	1.5864557675737105
0.42125	1.586879684960187	1.586879684960187	1.586879684960187	1.586879684960187
0.4215	1.5873062302348577	1.5873062302348577	1.5873062302348577	1.5873062302348577
0.42175	1.5877354100162089	1.5877354100162089	1.5877354100162089	1.5877354100162089
0.422	1.5881672309427877	1.5881672309427877	1.5881672309427877	1.5881672309427877
0.42225	1.5886016996796795	1.5886016996796795	1.5886016996796795	1.5886016996796795
0.4225	1.5890388229108126	1.5890388229108126	1.5890388229108126	1.5890388229108126
0.42275	1.5894786073381497	1.5894786073381497	1.5894786073381497	1.5894786073381497
0.423	1.589921059695849	1.589921059695849	1.589921059695849	1.589921059695849
0.42325	1.5903661867329693	1.5903661867329693	1.5903661867329693	1.5903661867329693
0.4235	1.5908139952184122	1.5908139952184122	1.5908139952184122	1.5908139952184122
0.42375	1.5912644919545385	1.5912644919545385	1.5912644919545385	1.5912644919545385
0.424	1.5917176837552287	1.5917176837552287	1.5917176837552287	1.5917176837552287
0.42425	1.5921735774602601	1.5921735774602601	1.5921735774602601	1.5921735774602601
0.4245	1.592632179940293	1.592632179940293	1.592632179940293	1.592632179940293
0.42475	1.593093498071996	1.593093498071996	1.593093498071996	1.593093498071996
0.425	1.5935575387694048	1.5935575387694048	1.5935575387694048	1.5935575387694048
0.42525	1.594024308968881	1.594024308968881	1.594024308968881	1.594024308968881
0.4255	1.5944938156180728	1.5944938156180728	1.5944938156180728	1.5944938156180728
0.42575	1.5949660657019336	1.5949660657019336	1.5949660657019336	1.5949660657019336
0.426	1.5954410662177947	1.5954410662177947	1.5954410662177947	1.5954410662177947
0.42625	1.5959188241909736	1.5959188241909736	1.5959188241909736	1.5959188241909736
0.4265	1.5963993466768867	1.5963993466768867	1.5963993466768867	1.5963993466768867
0.42675	1.5968826407401242	1.5968826407401242	1.5968826407401242	1.5968826407401242
0.427	1.5973687134799592	1.5973687134799592	1.5973687134799592	1.5973687134799592
0.42725	1.597857572017168	1.597857572017168	1.597857572017168	1.597857572017168
0.4275	1.5983492234928296	1.5983492234928296	1.5983492234928296	1.5983492234928296
0.42775	1.5988436750762505	1.5988436750762505	1.5988436750762505	1.5988436750762505
0.428	1.599340933958927	1.599340933958927	1.599340933958927	1.599340933958927
0.42825	1.5998410073558746	1.5998410073558746	1.5998410073558746	1.5998410073558746
0.4285	1.600343902508323	1.600343902508323	1.600343902508323	1.600343902508323
0.42875	1.6008496266803895	1.6008496266803895	1.6008496266803895	1.6008496266803895
0.429	1.6013581871586564	1.6013581871586564	1.6013581871586564	1.6013581871586564
0.42925	1.6018695912613028	1.6018695912613028	1.6018695912613028	1.6018695912613028
0.4295	1.602383846323475	1.602383846323475	1.602383846323475	1.602383846323475
0.42975	1.6029009597068011	1.6029009597068011	1.6029009597068011	1.6029009597068011
0.43	1.6034209388023002	1.6034209388023002	1.6034209388023002	1.6034209388023002
0.43025	1.6039437910190426	1.6039437910190426	1.6039437910190426	1.6039437910190426
0.4305	1.604469523797399	1.604469523797399	1.604469523797399	1.604469523797399
0.43075	1.6049981446002337	1.6049981446002337	1.6049981446002337	1.6049981446002337
0.431	1.605529660913463	1.605529660913463	1.605529660913463	1.605529660913463
0.43125	1.6060640802566042	1.6060640802566042	1.6060640802566042	1.6060640802566042
0.4315	1.6066014101600399	1.6066014101600399	1.6066014101600399	1.6066014101600399
0.43175	1.6071416581945717	1.6071416581945717	1.6071416581945717	1.6071416581945717
0.432	1.6076848319498558	1.6076848319498558	1.6076848319498558	1.6076848319498558
0.43225	1.6082309390394665	1.6082309390394665	1.6082309390394665	1.6082309390394665
0.4325	1.6087799871106994	1.6087799871106994	1.6087799871106994	1.6087799871106994
0.43275	1.6093319838253006	1.6093319838253006	1.6093319838253006	1.6093319838253006
0.433	1.609886936881849	1.609886936881849	1.609886936881849	1.609886936881849
0.43325	1.6104448540011969	1.6104448540011969	1.6104448540011969	1.6104448540011969
0.4335	1.611005742927031	1.611005742927031	1.611005742927031	1.611005742927031
0.43375	1.6115696114359015	1.6115696114359015	1.6115696114359015	1.6115696114359015
0.434	1.6121364673271599	1.6121364673271599	1.6121364673271599	1.6121364673271599
0.43425	1.6127063184251018	1.6127063184251018	1.6127063184251018	1.6127063184251018
0.4345	1.6132791725876419	1.6132791725876419	1.6132791725876419	1.6132791725876419
0.43475	1.6138550376922771	1.6138550376922771	1.6138550376922771	1.6138550376922771
0.435	1.6144339216465358	1.6144339216465358	1.6144339216465358	1.6144339216465358
0.43525	1.6150158323863897	1.6150158323863897	1.6150158323863897	1.6150158323863897
0.4355	1.615600777873863	1.615600777873863	1.615600777873863	1.615600777873863
0.43575	1.6161887660964185	1.6161887660964185	1.6161887660964185	1.6161887660964185
0.436	1.6167798050728934	1.6167798050728934	1.6167798050728934	1.6167798050728934
0.43625	1.6173739028477374	1.6173739028477374	1.6173739028477374	1.6173739028477374
0.4365	1.6179710674917869	1.6179710674917869	1.6179710674917869	1.6179710674917869
0.43675	1.6185713071058294	1.6185713071058294	1.6185713071058294	1.6185713071058294
0.437	1.6191746298190042	1.6191746298190042	1.6191746298190042	1.6191746298190042
0.43725	1.619781043787737	1.619781043787737	1.619781043787737	1.619781043787737
0.4375	1.6203905571953656	1.6203905571953656	1.6203905571953656	1.6203905571953656
0.43775	1.621003178254359	1.621003178254359	1.621003178254359	1.621003178254359
0.438	1.621618915207607	1.621618915207607	1.621618915207607	1.621618915207607
0.43825	1.6222377763229212	1.6222377763229212	1.6222377763229212	1.6222377763229212
0.4385	1.6228597699033722	1.6228597699033722	1.6228597699033722	1.6228597699033722
0.43875	1.62348490427085	1.62348490427085	1.62348490427085	1.62348490427085
0.439	1.6241131877855093	1.6241131877855093	1.6241131877855093	1.6241131877855093
0.43925	1.624744628833766	1.624744628833766	1.624744628833766	1.624744628833766
0.4395	1.6253792358278774	1.6253792358278774	1.6253792358278774	1.6253792358278774
0.43975	1.6260170172143547	1.6260170172143547	1.6260170172143547	1.6260170172143547
0.44	1.626657981462318	1.626657981462318	1.626657981462318	1.626657981462318
0.44025	1.6273021370833747	1.6273021370833747	1.6273021370833747	1.6273021370833747
0.4405	1.6279494926054954	1.6279494926054954	1.6279494926054954	1.6279494926054954
0.44075	1.628600056589675	1.628600056589675	1.628600056589675	1.628600056589675
0.441	1.6292538376357868	1.6292538376357868	1.6292538376357868	1.6292538376357868
0.44125	1.6299108443612227	1.6299108443612227	1.6299108443612227	1.6299108443612227
0.4415	1.630571085421841	1.630571085421841	1.630571085421841	1.630571085421841
0.44175	1.631234569501686	1.631234569501686	1.631234569501686	1.631234569501686
0.442	1.6319013053127742	1.6319013053127742	1.6319013053127742	1.6319013053127742
0.44225	1.632571301606617	1.632571301606617	1.632571301606617	1.632571301606617
0.4425	1.6332445671550084	1.6332445671550084	1.6332445671550084	1.6332445671550084
0.44275	1.6339211107627518	1.6339211107627518	1.6339211107627518	1.6339211107627518
0.443	1.6346009412745666	1.6346009412745666	1.6346009412745666	1.6346009412745666
0.44325	1.6352840675544051	1.6352840675544051	1.6352840675544051	1.6352840675544051
0.4435	1.6359704985041041	1.6359704985041041	1.6359704985041041	1.6359704985041041
0.44375	1.6366602430603574	1.6366602430603574	1.6366602430603574	1.6366602430603574
0.444	1.6373533101802737	1.6373533101802737	1.6373533101802737	1.6373533101802737
0.44425	1.6380497088649686	1.6380497088649686	1.6380497088649686	1.6380497088649686
0.4445	1.6387494481441152	1.6387494481441152	1.6387494481441152	1.6387494481441152
0.44475	1.6394525370704174	1.6394525370704174	1.6394525370704174	1.6394525370704174
0.445	1.640158984742867	1.640158984742867	1.640158984742867	1.640158984742867
0.44525	1.6408688002853313	1.6408688002853313	1.6408688002853313	1.6408688002853313
0.4455	1.6415819928500035	1.6415819928500035	1.6415819928500035	1.6415819928500035
0.44575	1.6422985716329557	1.6422985716329557	1.6422985716329557	1.6422985716329557
0.446	1.6430185458530728	1.6430185458530728	1.6430185458530728	1.6430185458530728
0.44625	1.6437419247686333	1.6437419247686333	1.6437419247686333	1.6437419247686333
0.4465	1.6444687176705648	1.6444687176705648	1.6444687176705648	1.6444687176705648
0.44675	1.6451989338742223	1.6451989338742223	1.6451989338742223	1.6451989338742223
0.447	1.6459325827432232	1.6459325827432232	1.6459325827432232	1.6459325827432232
0.44725	1.6466696736615083	1.6466696736615083	1.6466696736615083	1.6466696736615083
0.4475	1.6474102160522546	1.6474102160522546	1.6474102160522546	1.6474102160522546
0.44775	1.64815421937873	1.64815421937873	1.64815421937873	1.64815421937873
0.448	1.6489016931249172	1.6489016931249172	1.6489016931249172	1.6489016931249172
0.44825	1.6496526468221246	1.6496526468221246	1.6496526468221246	1.6496526468221246
0.4485	1.650407090025675	1.650407090025675	1.650407090025675	1.650407090025675
0.44875	1.651165032330605	1.651165032330605	1.651165032330605	1.651165032330605
0.449	1.6519264833712832	1.6519264833712832	1.6519264833712832	1.6519264833712832
0.44925	1.6526914528031833	1.6526914528031833	1.6526914528031833	1.6526914528031833
0.4495	1.6534599503306575	1.6534599503306575	1.6534599503306575	1.6534599503306575
0.44975	1.6542319856907974	1.6542319856907974	1.6542319856907974	1.6542319856907974
0.45	1.6550075686467776	1.6550075686467776	1.6550075686467776	1.6550075686467776
0.45025	1.6557867090069802	1.6557867090069802	1.6557867090069802	1.6557867090069802
0.4505	1.6565694166135905	1.6565694166135905	1.6565694166135905	1.6565694166135905
0.45075	1.6573557013398847	1.6573557013398847	1.6573557013398847	1.6573557013398847
0.451	1.658145573102546	1.658145573102546	1.658145573102546	1.658145573102546
0.45125	1.6589390418477032	1.6589390418477032	1.6589390418477032	1.6589390418477032
0.4515	1.6597361175603325	1.6597361175603325	1.6597361175603325	1.6597361175603325
0.45175	1.6605368102678402	1.6605368102678402	1.6605368102678402	1.6605368102678402
0.452	1.6613411300218703	1.6613411300218703	1.6613411300218703	1.6613411300218703
0.45225	1.6621490869221816	1.6621490869221816	1.6621490869221816	1.6621490869221816
0.4525	1.6629606911024342	1.6629606911024342	1.6629606911024342	1.6629606911024342
0.45275	1.663775952726826	1.663775952726826	1.663775952726826	1.663775952726826
0.453	1.664594882010074	1.664594882010074	1.664594882010074	1.664594882010074
0.45325	1.6654174891917908	1.6654174891917908	1.6654174891917908	1.6654174891917908
0.4535	1.666243784556688	1.666243784556688	1.666243784556688	1.666243784556688
0.45375	1.6670737784276632	1.6670737784276632	1.6670737784276632	1.6670737784276632
0.454	1.6679074811584271	1.6679074811584271	1.6679074811584271	1.6679074811584271
0.45425	1.6687449031495587	1.6687449031495587	1.6687449031495587	1.6687449031495587
0.4545	1.6695860548379868	1.6695860548379868	1.6695860548379868	1.6695860548379868
0.45475	1.6704309466963603	1.6704309466963603	1.6704309466963603	1.6704309466963603
0.455	1.6712795892379375	1.6712795892379375	1.6712795892379375	1.6712795892379375
0.45525	1.6721319930140672	1.6721319930140672	1.6721319930140672	1.6721319930140672
0.4555	1.672988168618034	1.672988168618034	1.672988168618034	1.672988168618034
0.45575	1.673848126682327	1.673848126682327	1.673848126682327	1.673848126682327
0.456	1.674711877873341	1.674711877873341	1.674711877873341	1.674711877873341
0.45625	1.6755794329067213	1.6755794329067213	1.6755794329067213	1.6755794329067213
0.4565	1.67645080253079	1.67645080253079	1.67645080253079	1.67645080253079
0.45675	1.6773259975327286	1.6773259975327286	1.6773259975327286	1.6773259975327286
0.457	1.6782050287503645	1.6782050287503645	1.6782050287503645	1.6782050287503645
0.45725	1.679087907051479	1.679087907051479	1.679087907051479	1.679087907051479
0.4575	1.6799746433475	1.6799746433475	1.6799746433475	1.6799746433475
0.45775	1.6808652485978341	1.6808652485978341	1.6808652485978341	1.6808652485978341
0.458	1.6817597337899584	1.6817597337899584	1.6817597337899584	1.6817597337899584
0.45825	1.6826581099656113	1.6826581099656113	1.6826581099656113	1.6826581099656113
0.4585	1.6835603882023822	1.6835603882023822	1.6835603882023822	1.6835603882023822
0.45875	1.6844665796141394	1.6844665796141394	1.6844665796141394	1.6844665796141394
0.459	1.685376695370881	1.685376695370881	1.685376695370881	1.685376695370881
0.45925	1.6862907466707664	1.6862907466707664	1.6862907466707664	1.6862907466707664
0.4595	1.687208744760397	1.687208744760397	1.687208744760397	1.687208744760397
0.45975	1.6881307009327167	1.6881307009327167	1.6881307009327167	1.6881307009327167
0.46	1.6890566265153673	1.6890566265153673	1.6890566265153673	1.6890566265153673
0.46025	1.6899865328852102	1.6899865328852102	1.6899865328852102	1.6899865328852102
0.4605	1.6909204314605795	1.6909204314605795	1.6909204314605795	1.6909204314605795
0.46075	1.6918583337013064	1.6918583337013064	1.6918583337013064	1.6918583337013064
0.461	1.6928002511159304	1.6928002511159304	1.6928002511159304	1.6928002511159304
0.46125	1.6937461952513015	1.6937461952513015	1.6937461952513015	1.6937461952513015
0.4615	1.6946961776993534	1.6946961776993534	1.6946961776993534	1.6946961776993534
0.46175	1.695650210102168	1.695650210102168	1.695650210102168	1.695650210102168
0.462	1.6966083041389302	1.6966083041389302	1.6966083041389302	1.6966083041389302
0.46225	1.6975704715366506	1.6975704715366506	1.6975704715366506	1.6975704715366506
0.4625	1.698536724071979	1.698536724071979	1.698536724071979	1.698536724071979
0.46275	1.6995070735552542	1.6995070735552542	1.6995070735552542	1.6995070735552542
0.463	1.7004815318537634	1.7004815318537634	1.7004815318537634	1.7004815318537634
0.46325	1.7014601108775584	1.7014601108775584	1.7014601108775584	1.7014601108775584
0.4635	1.7024428225755204	1.7024428225755204	1.7024428225755204	1.7024428225755204
0.46375	1.703429678954976	1.703429678954976	1.703429678954976	1.703429678954976
0.464	1.7044206920582095	1.7044206920582095	1.7044206920582095	1.7044206920582095
0.46425	1.7054158739803293	1.7054158739803293	1.7054158739803293	1.7054158739803293
0.4645	1.7064152368625014	1.7064152368625014	1.7064152368625014	1.7064152368625014
0.46475	1.707418792891101	1.707418792891101	1.707418792891101	1.707418792891101
0.465	1.7084265543050703	1.7084265543050703	1.7084265543050703	1.7084265543050703
0.46525	1.7094385333815665	1.7094385333815665	1.7094385333815665	1.7094385333815665
0.4655	1.7104547424532952	1.7104547424532952	1.7104547424532952	1.7104547424532952
0.46575	1.7114751939008148	1.7114751939008148	1.7114751939008148	1.7114751939008148
0.466	1.7124999001450167	1.7124999001450167	1.7124999001450167	1.7124999001450167
0.46625	1.7135288736687615	1.7135288736687615	1.7135288736687615	1.7135288736687615
0.4665	1.7145621269935678	1.7145621269935678	1.7145621269935678	1.7145621269935678
0.46675	1.7155996726874287	1.7155996726874287	1.7155996726874287	1.7155996726874287
0.467	1.7166415233811934	1.7166415233811934	1.7166415233811934	1.7166415233811934
0.46725	1.7176876917402397	1.7176876917402397	1.7176876917402397	1.7176876917402397
0.4675	1.7187381904886767	1.7187381904886767	1.7187381904886767	1.7187381904886767
0.46775	1.7197930324015898	1.7197930324015898	1.7197930324015898	1.7197930324015898
0.468	1.7208522302940856	1.7208522302940856	1.7208522302940856	1.7208522302940856
0.46825	1.7219157970451573	1.7219157970451573	1.7219157970451573	1.7219157970451573
0.4685	1.7229837455761194	1.7229837455761194	1.7229837455761194	1.7229837455761194
0.46875	1.7240560888623828	1.7240560888623828	1.7240560888623828	1.7240560888623828
0.469	1.725132839927953	1.725132839927953	1.725132839927953	1.725132839927953
0.46925	1.7262140118512284	1.7262140118512284	1.7262140118512284	1.7262140118512284
0.4695	1.727299617766346	1.727299617766346	1.727299617766346	1.727299617766346
0.46975	1.728389670848227	1.728389670848227	1.728389670848227	1.728389670848227
0.47	1.7294841843323028	1.7294841843323028	1.7294841843323028	1.7294841843323028
0.47025	1.7305831715112894	1.7305831715112894	1.7305831715112894	1.7305831715112894
0.4705	1.7316866457181974	1.7316866457181974	1.7316866457181974	1.7316866457181974
0.47075	1.732794620346619	1.732794620346619	1.732794620346619	1.732794620346619
0.471	1.7339071088492426	1.7339071088492426	1.7339071088492426	1.7339071088492426
0.47125	1.735024124720356	1.735024124720356	1.735024124720356	1.735024124720356
0.4715	1.7361456815155256	1.7361456815155256	1.7361456815155256	1.7361456815155256
0.47175	1.737271792846903	1.737271792846903	1.737271792846903	1.737271792846903
0.472	1.7384024723727511	1.7384024723727511	1.7384024723727511	1.7384024723727511
0.47225	1.7395377338170006	1.7395377338170006	1.7395377338170006	1.7395377338170006
0.4725	1.7406775909486814	1.7406775909486814	1.7406775909486814	1.7406775909486814
0.47275	1.741822057598295	1.741822057598295	1.741822057598295	1.741822057598295
0.473	1.742971147654468	1.742971147654468	1.742971147654468	1.742971147654468
0.47325	1.744124875052263	1.744124875052263	1.744124875052263	1.744124875052263
0.4735	1.7452832537928584	1.7452832537928584	1.7452832537928584	1.7452832537928584
0.47375	1.7464462979309519	1.7464462979309519	1.7464462979309519	1.7464462979309519
0.474	1.7476140215736597	1.7476140215736597	1.7476140215736597	1.7476140215736597
0.47425	1.7487864388942758	1.7487864388942758	1.7487864388942758	1.7487864388942758
0.4745	1.7499635641170599	1.7499635641170599	1.7499635641170599	1.7499635641170599
0.47475	1.7511454115242675	1.7511454115242675	1.7511454115242675	1.7511454115242675
0.475	1.7523319954606658	1.7523319954606658	1.7523319954606658	1.7523319954606658
0.47525	1.7535233303231406	1.7535233303231406	1.7535233303231406	1.7535233303231406
0.4755	1.7547194305752403	1.7547194305752403	1.7547194305752403	1.7547194305752403
0.47575	1.7559203107367805	1.7559203107367805	1.7559203107367805	1.7559203107367805
0.476	1.7571259853794565	1.7571259853794565	1.7571259853794565	1.7571259853794565
0.47625	1.7583364691456729	1.7583364691456729	1.7583364691456729	1.7583364691456729
0.4765	1.7595517767343622	1.7595517767343622	1.7595517767343622	1.7595517767343622
0.47675	1.7607719229001162	1.7607719229001162	1.7607719229001162	1.7607719229001162
0.477	1.7619969224659786	1.7619969224659786	1.7619969224659786	1.7619969224659786
0.47725	1.7632267903077745	1.7632267903077745	1.7632267903077745	1.7632267903077745
0.4775	1.7644615413707032	1.7644615413707032	1.7644615413707032	1.7644615413707032
0.47775	1.7657011906600188	1.7657011906600188	1.7657011906600188	1.7657011906600188
0.478	1.7669457532342432	1.7669457532342432	1.7669457532342432	1.7669457532342432
0.47825	1.7681952442261017	1.7681952442261017	1.7681952442261017	1.7681952442261017
0.4785	1.7694496788262988	1.7694496788262988	1.7694496788262988	1.7694496788262988
0.47875	1.7707090722843053	1.7707090722843053	1.7707090722843053	1.7707090722843053
0.479	1.7719734399220235	1.7719734399220235	1.7719734399220235	1.7719734399220235
0.47925	1.7732427971174796	1.7732427971174796	1.7732427971174796	1.7732427971174796
0.4795	1.7745171593165967	1.7745171593165967	1.7745171593165967	1.7745171593165967
0.47975	1.775796542028779	1.775796542028779	1.775796542028779	1.775796542028779
0.48	1.7770809608243763	1.7770809608243763	1.7770809608243763	1.7770809608243763
0.48025	1.7783704313475	1.7783704313475	1.7783704313475	1.7783704313475
0.4805	1.7796649693015227	1.7796649693015227	1.7796649693015227	1.7796649693015227
0.48075	1.780964590455412	1.780964590455412	1.780964590455412	1.780964590455412
0.481	1.782269310648186	1.782269310648186	1.782269310648186	1.782269310648186
0.48125	1.7835791457796357	1.7835791457796357	1.7835791457796357	1.7835791457796357
0.4815	1.7848941118237094	1.7848941118237094	1.7848941118237094	1.7848941118237094
0.48175	1.7862142248182649	1.7862142248182649	1.7862142248182649	1.7862142248182649
0.482	1.7875395008634674	1.7875395008634674	1.7875395008634674	1.7875395008634674
0.48225	1.7888699561405876	1.7888699561405876	1.7888699561405876	1.7888699561405876
0.4825	1.7902056068854466	1.7902056068854466	1.7902056068854466	1.7902056068854466
0.48275	1.7915464694067222	1.7915464694067222	1.7915464694067222	1.7915464694067222
0.483	1.7928925600934307	1.7928925600934307	1.7928925600934307	1.7928925600934307
0.48325	1.7942438953855537	1.7942438953855537	1.7942438953855537	1.7942438953855537
0.4835	1.7956004918065962	1.7956004918065962	1.7956004918065962	1.7956004918065962
0.48375	1.7969623659466565	1.7969623659466565	1.7969623659466565	1.7969623659466565
0.484	1.798329534462036	1.798329534462036	1.798329534462036	1.798329534462036
0.48425	1.7997020140913338	1.7997020140913338	1.7997020140913338	1.7997020140913338
0.4845	1.8010798216315203	1.8010798216315203	1.8010798216315203	1.8010798216315203
0.48475	1.802462973957965	1.802462973957965	1.802462973957965	1.802462973957965
0.485	1.8038514880209175	1.8038514880209175	1.8038514880209175	1.8038514880209175
0.48525	1.805245380837006	1.805245380837006	1.805245380837006	1.805245380837006
0.4855	1.8066446695019747	1.8066446695019747	1.8066446695019747	1.8066446695019747
0.48575	1.8080493711814412	1.8080493711814412	1.8080493711814412	1.8080493711814412
0.486	1.8094595031132503	1.8094595031132503	1.8094595031132503	1.8094595031132503
0.48625	1.8108750826178248	1.8108750826178248	1.8108750826178248	1.8108750826178248
0.4865	1.8122961270796665	1.8122961270796665	1.8122961270796665	1.8122961270796665
0.48675	1.8137226539644162	1.8137226539644162	1.8137226539644162	1.8137226539644162
0.487	1.8151546808165524	1.8151546808165524	1.8151546808165524	1.8151546808165524
0.48725	1.8165922252467874	1.8165922252467874	1.8165922252467874	1.8165922252467874
0.4875	1.8180353049504738	1.8180353049504738	1.8180353049504738	1.8180353049504738
0.48775	1.8194839377015437	1.8194839377015437	1.8194839377015437	1.8194839377015437
0.488	1.820938141336563	1.820938141336563	1.820938141336563	1.820938141336563
0.48825	1.8223979337918597	1.8223979337918597	1.8223979337918597	1.8223979337918597
0.4885	1.82386333306748	1.82386333306748	1.82386333306748	1.82386333306748
0.48875	1.8253343572373626	1.8253343572373626	1.8253343572373626	1.8253343572373626
0.489	1.8268110244735483	1.8268110244735483	1.8268110244735483	1.8268110244735483
0.48925	1.8282933530058836	1.8282933530058836	1.8282933530058836	1.8282933530058836
0.4895	1.8297813611649907	1.8297813611649907	1.8297813611649907	1.8297813611649907
0.48975	1.8312750673456815	1.8312750673456815	1.8312750673456815	1.8312750673456815
0.49	1.8327744900276626	1.8327744900276626	1.8327744900276626	1.8327744900276626
0.49025	1.83427964778265	1.83427964778265	1.83427964778265	1.83427964778265
0.4905	1.8357905592446853	1.8357905592446853	1.8357905592446853	1.8357905592446853
0.49075	1.83730724314785	1.83730724314785	1.83730724314785	1.83730724314785
0.491	1.838829718303225	1.838829718303225	1.838829718303225	1.838829718303225
0.49125	1.8403580035987717	1.8403580035987717	1.8403580035987717	1.8403580035987717
0.4915	1.8418921180146726	1.8418921180146726	1.8418921180146726	1.8418921180146726
0.49175	1.8434320806130091	1.8434320806130091	1.8434320806130091	1.8434320806130091
0.492	1.844977910536644	1.844977910536644	1.844977910536644	1.844977910536644
0.49225	1.8465296270189657	1.8465296270189657	1.8465296270189657	1.8465296270189657
0.4925	1.848087249377127	1.848087249377127	1.848087249377127	1.848087249377127
0.49275	1.84965079701041	1.84965079701041	1.84965079701041	1.84965079701041
0.493	1.8512202894141885	1.8512202894141885	1.8512202894141885	1.8512202894141885
0.49325	1.8527957461585745	1.8527957461585745	1.8527957461585745	1.8527957461585745
0.4935	1.8543771869117611	1.8543771869117611	1.8543771869117611	1.8543771869117611
0.49375	1.8559646314306426	1.8559646314306426	1.8559646314306426	1.8559646314306426
0.494	1.8575580995450416	1.8575580995450416	1.8575580995450416	1.8575580995450416
0.49425	1.8591576111963828	1.8591576111963828	1.8591576111963828	1.8591576111963828
0.4945	1.8607631863989145	1.8607631863989145	1.8607631863989145	1.8607631863989145
0.49475	1.8623748452642828	1.8623748452642828	1.8623748452642828	1.8623748452642828
0.495	1.8639926079968006	1.8639926079968006	1.8639926079968006	1.8639926079968006
0.49525	1.8656164948817917	1.8656164948817917	1.8656164948817917	1.8656164948817917
0.4955	1.867246526312475	1.867246526312475	1.867246526312475	1.867246526312475
0.49575	1.8688827227598244	1.8688827227598244	1.8688827227598244	1.8688827227598244
0.496	1.8705251047931362	1.8705251047931362	1.8705251047931362	1.8705251047931362
0.49625	1.8721736930805766	1.8721736930805766	1.8721736930805766	1.8721736930805766
0.4965	1.8738285083699973	1.8738285083699973	1.8738285083699973	1.8738285083699973
0.49675	1.8754895715245814	1.8754895715245814	1.8754895715245814	1.8754895715245814
0.497	1.8771569034876736	1.8771569034876736	1.8771569034876736	1.8771569034876736
0.49725	1.8788305252912028	1.8788305252912028	1.8788305252912028	1.8788305252912028
0.4975	1.8805104580899787	1.8805104580899787	1.8805104580899787	1.8805104580899787
0.49775	1.88219672310971	1.88219672310971	1.88219672310971	1.88219672310971
0.498	1.8838893416817981	1.8838893416817981	1.8838893416817981	1.8838893416817981
0.49825	1.8855883352477185	1.8855883352477185	1.8855883352477185	1.8855883352477185
0.4985	1.8872937253255722	1.8872937253255722	1.8872937253255722	1.8872937253255722
0.49875	1.8890055335483626	1.8890055335483626	1.8890055335483626	1.8890055335483626
0.499	1.8907237816467561	1.8907237816467561	1.8907237816467561	1.8907237816467561
0.49925	1.8924484914447055	1.8924484914447055	1.8924484914447055	1.8924484914447055
0.4995	1.8941796848762784	1.8941796848762784	1.8941796848762784	1.8941796848762784
0.49975	1.895917383970386	1.895917383970386	1.895917383970386	1.895917383970386
0.5	1.897661610859686	1.897661610859686	1.897661610859686	1.897661610859686
0.50025	1.899412387778889	1.899412387778889	1.899412387778889	1.899412387778889
0.5005	1.9011697370727136	1.9011697370727136	1.9011697370727136	1.9011697370727136
0.50075	1.9029336811789794	1.9029336811789794	1.9029336811789794	1.9029336811789794
0.501	1.9047042426476086	1.9047042426476086	1.9047042426476086	1.9047042426476086
0.50125	1.9064814441291882	1.9064814441291882	1.9064814441291882	1.9064814441291882
0.5015	1.9082653083865484	1.9082653083865484	1.9082653083865484	1.9082653083865484
0.50175	1.9100558582837635	1.9100558582837635	1.9100558582837635	1.9100558582837635
0.502	1.9118531167927977	1.9118531167927977	1.9118531167927977	1.9118531167927977
0.50225	1.9136571069935437	1.9136571069935437	1.9136571069935437	1.9136571069935437
0.5025	1.915467852073282	1.915467852073282	1.915467852073282	1.915467852073282
0.50275	1.9172853753345247	1.9172853753345247	1.9172853753345247	1.9172853753345247
0.503	1.9191097001833697	1.9191097001833697	1.9191097001833697	1.9191097001833697
0.50325	1.9209408501328435	1.9209408501328435	1.9209408501328435	1.9209408501328435
0.5035	1.9227788488169415	1.9227788488169415	1.9227788488169415	1.9227788488169415
0.50375	1.9246237199767002	1.9246237199767002	1.9246237199767002	1.9246237199767002
0.504	1.926475487463591	1.926475487463591	1.926475487463591	1.926475487463591
0.50425	1.9283341752440701	1.9283341752440701	1.9283341752440701	1.9283341752440701
0.5045	1.9301998073973794	1.9301998073973794	1.9301998073973794	1.9301998073973794
0.50475	1.9320724081235336	1.9320724081235336	1.9320724081235336	1.9320724081235336
0.505	1.9339520017258343	1.9339520017258343	1.9339520017258343	1.9339520017258343
0.50525	1.9358386126352949	1.9358386126352949	1.9358386126352949	1.9358386126352949
0.5055	1.9377322653908555	1.9377322653908555	1.9377322653908555	1.9377322653908555
0.50575	1.9396329846525127	1.9396329846525127	1.9396329846525127	1.9396329846525127
0.506	1.9415407952025783	1.9415407952025783	1.9415407952025783	1.9415407952025783
0.50625	1.9434557219348962	1.9434557219348962	1.9434557219348962	1.9434557219348962
0.5065	1.9453777898640474	1.9453777898640474	1.9453777898640474	1.9453777898640474
0.50675	1.947307024129479	1.947307024129479	1.947307024129479	1.947307024129479
0.507	1.9492434499864026	1.9492434499864026	1.9492434499864026	1.9492434499864026
0.50725	1.951187092815087	1.951187092815087	1.951187092815087	1.951187092815087
0.5075	1.9531379781209837	1.9531379781209837	1.9531379781209837	1.9531379781209837
0.50775	1.9550961315249848	1.9550961315249848	1.9550961315249848	1.9550961315249848
0.508	1.957061578775659	1.957061578775659	1.957061578775659	1.957061578775659
0.50825	1.9590343457493975	1.9590343457493975	1.9590343457493975	1.9590343457493975
0.5085	1.9610144584487998	1.9610144584487998	1.9610144584487998	1.9610144584487998
0.50875	1.96300194299109	1.96300194299109	1.96300194299109	1.96300194299109
0.509	1.964996825637436	1.964996825637436	1.964996825637436	1.964996825637436
0.50925	1.9669991327667933	1.9669991327667933	1.9669991327667933	1.9669991327667933
0.5095	1.9690088908877088	1.9690088908877088	1.9690088908877088	1.9690088908877088
0.50975	1.9710261266408213	1.9710261266408213	1.9710261266408213	1.9710261266408213
0.51	1.9730508667936892	1.9730508667936892	1.9730508667936892	1.9730508667936892
0.51025	1.9750831382521539	1.9750831382521539	1.9750831382521539	1.9750831382521539
0.5105	1.977122968043932	1.977122968043932	1.977122968043932	1.977122968043932
0.51075	1.9791703833406722	1.9791703833406722	1.9791703833406722	1.9791703833406722
0.511	1.9812254114349588	1.9812254114349588	1.9812254114349588	1.9812254114349588
0.51125	1.9832880797648293	1.9832880797648293	1.9832880797648293	1.9832880797648293
0.5115	1.9853584159038762	1.9853584159038762	1.9853584159038762	1.9853584159038762
0.51175	1.9874364475488133	1.9874364475488133	1.9874364475488133	1.9874364475488133
0.512	1.9895222025507575	1.9895222025507575	1.9895222025507575	1.9895222025507575
0.51225	1.9916157088854574	1.9916157088854574	1.9916157088854574	1.9916157088854574
0.5125	1.9937169946744726	1.9937169946744726	1.9937169946744726	1.9937169946744726
0.51275	1.9958260881799825	1.9958260881799825	1.9958260881799825	1.9958260881799825
0.513	1.9979430177952644	1.9979430177952644	1.9979430177952644	1.9979430177952644
0.51325	2.0000678120654447	2.0000678120654447	2.0000678120654447	2.0000678120654447
0.5135	2.00220049967868	2.00220049967868	2.00220049967868	2.00220049967868
0.51375	2.004341109455992	2.004341109455992	2.004341109455992	2.004341109455992
0.514	2.006489670372746	2.006489670372746	2.006489670372746	2.006489670372746
0.51425	2.0086462115448724	2.0086462115448724	2.0086462115448724	2.0086462115448724
0.5145	2.0108107622308915	2.0108107622308915	2.0108107622308915	2.0108107622308915
0.51475	2.012983351849329	2.012983351849329	2.012983351849329	2.012983351849329
0.515	2.0151640099543866	2.0151640099543866	2.0151640099543866	2.0151640099543866
0.51525	2.0173527662484005	2.0173527662484005	2.0173527662484005	2.0173527662484005
0.5155	2.0195496505938606	2.0195496505938606	2.0195496505938606	2.0195496505938606
0.51575	2.0217546929945125	2.0217546929945125	2.0217546929945125	2.0217546929945125
0.516	2.0239679236135197	2.0239679236135197	2.0239679236135197	2.0239679236135197
0.51625	2.0261893727607037	2.0261893727607037	2.0261893727607037	2.0261893727607037
0.5165	2.0284190709040026	2.0284190709040026	2.0284190709040026	2.0284190709040026
0.51675	2.0306570486622624	2.0306570486622624	2.0306570486622624	2.0306570486622624
0.517	2.0329033368123426	2.0329033368123426	2.0329033368123426	2.0329033368123426
0.51725	2.0351579662887835	2.0351579662887835	2.0351579662887835	2.0351579662887835
0.5175	2.037420968184117	2.037420968184117	2.037420968184117	2.037420968184117
0.51775	2.0396923737485224	2.0396923737485224	2.0396923737485224	2.0396923737485224
0.518	2.0419722143881724	2.0419722143881724	2.0419722143881724	2.0419722143881724
0.51825	2.0442605216794525	2.0442605216794525	2.0442605216794525	2.0442605216794525
0.5185	2.0465573273528483	2.0465573273528483	2.0465573273528483	2.0465573273528483
0.51875	2.0488626633084714	2.0488626633084714	2.0488626633084714	2.0488626633084714
0.519	2.0511765616010753	2.0511765616010753	2.0511765616010753	2.0511765616010753
0.51925	2.053499054459485	2.053499054459485	2.053499054459485	2.053499054459485
0.5195	2.0558301742748544	2.0558301742748544	2.0558301742748544	2.0558301742748544
0.51975	2.05816995360932	2.05816995360932	2.05816995360932	2.05816995360932
0.52	2.060518425187315	2.060518425187315	2.060518425187315	2.060518425187315
0.52025	2.062875621906835	2.062875621906835	2.062875621906835	2.062875621906835
0.5205	2.0652415768418066	2.0652415768418066	2.0652415768418066	2.0652415768418066
0.52075	2.0676163232256277	2.0676163232256277	2.0676163232256277	2.0676163232256277
0.521	2.069999894472825	2.069999894472825	2.069999894472825	2.069999894472825
0.52125	2.072392324174305	2.072392324174305	2.072392324174305	2.072392324174305
0.5215	2.074793646089942	2.074793646089942	2.074793646089942	2.074793646089942
0.52175	2.0772038941593816	2.0772038941593816	2.0772038941593816	2.0772038941593816
0.522	2.0796231025030845	2.0796231025030845	2.0796231025030845	2.0796231025030845
0.52225	2.0820513054128837	2.0820513054128837	2.0820513054128837	2.0820513054128837
0.5225	2.0844885373629065	2.0844885373629065	2.0844885373629065	2.0844885373629065
0.52275	2.0869348330159663	2.0869348330159663	2.0869348330159663	2.0869348330159663
0.523	2.089390227210764	2.089390227210764	2.0911584423690392	2.089390227210764
0.52325	2.0918547549655626	2.0918547549655626	2.097629130493909	2.0918547549655626
0.5235	2.0943284514912754	2.0943284514912754	2.1040765860235107	2.0943284514912754
0.52375	2.096811352186659	2.096811352186659	2.110501172079566	2.096811352186659
0.524	2.0993034926307006	2.0993034926307006	2.1169032444074354	2.0993034926307006
0.52425	2.101804908589702	2.101804908589702	2.1232831515881996	2.101804908589702
0.5245	2.104315636029212	2.104315636029212	2.1296412352454523	2.104315636029212
0.52475	2.106835711101799	2.106835711101799	2.135977830233558	2.106835711101799
0.525	2.109365170148783	2.109365170148783	2.1422932648255877	2.109365170148783
0.52525	2.1119040497067774	2.1119040497067774	2.1485878608971443	2.1119040497067774
0.5255	2.114452386514368	2.114452386514368	2.1548619341037996	2.114452386514368
0.52575	2.1170102174997645	2.1170102174997645	2.1611157940436705	2.1170102174997645
0.526	2.1195775797893677	2.1195775797893677	2.1673497444239542	2.1195775797893677
0.52625	2.1221545107082984	2.1221545107082984	2.173564083218345	2.1221545107082984
0.5265	2.124741047789203	2.124741047789203	2.1797591028228123	2.124741047789203
0.52675	2.12733722875707	2.12733722875707	2.185935090195233	2.12733722875707
0.527	2.129943091546141	2.129943091546141	2.1920923270049797	2.129943091546141
0.52725	2.1325586742943274	2.1325586742943274	2.1982310897675554	2.1325586742943274
0.5275	2.135184015341739	2.135184015341739	2.2043516499763145	2.135184015341739
0.52775	2.137819153245796	2.137819153245796	2.2104542742379705	2.137819153245796
0.528	2.140464126762382	2.140464126762382	2.216539224387725	2.140464126762382
0.52825	2.143118974859567	2.143118974859567	2.222606757615936	2.143118974859567
0.5285	2.14578373672039	2.14578373672039	2.2286571265855724	2.14578373672039
0.52875	2.1484584517470187	2.1484584517470187	2.2346905795468244	2.1484584517470187
0.529	2.1511431595381816	2.1511431595381816	2.2407073604355245	2.1511431595381816
0.52925	2.153837899929036	2.153837899929036	2.2467077089973753	2.153837899929036
0.5295	2.1565427129631582	2.1565427129631582	2.2526918608772157	2.1565427129631582
0.52975	2.1592576388980413	2.1592576388980413	2.2586600477207113	2.1592576388980413
0.53	2.161982718224786	2.161982718224786	2.2646124972795962	2.161982718224786
0.53025	2.1647179916418877	2.1647179916418877	2.2705494334926994	2.1647179916418877
0.5305	2.1674635000857676	2.1674635000857676	2.276471076590356	2.1674635000857676
0.53075	2.170219284715906	2.170219284715906	2.2823776431751948	2.170219284715906
0.531	2.1729853869032443	2.1729853869032443	2.288269346301686	2.1729853869032443
0.53125	2.175761848269374	2.175761848269374	2.294146395576703	2.175761848269374
0.5315	2.178548710650768	2.178548710650768	2.3000089972230184	2.178548710650768
0.53175	2.1813460161223635	2.1813460161223635	2.3058573541677534	2.1813460161223635
0.532	2.184153806993407	2.184153806993407	2.311691666115881	2.184153806993407
0.53225	2.1869721258045853	2.1869721258045853	2.317512129621995	2.1869721258045853
0.5325	2.1898010153289107	2.1898010153289107	2.3233189381618455	2.1898010153289107
0.53275	2.1926405185893136	2.1926405185893136	2.3291122822092882	2.1926405185893136
0.533	2.19549067884348	2.19549067884348	2.334892349296464	2.19549067884348
0.53325	2.198351539588165	2.198351539588165	2.340659324080769	2.198351539588165
0.5335	2.2012231445688073	2.2012231445688073	2.346413388412616	2.2012231445688073
0.53375	2.2041055377672185	2.2041055377672185	2.3521547213912153	2.2041055377672185
0.534	2.206998763423763	2.206998763423763	2.3578834994344917	2.206998763423763
0.53425	2.209902866023436	2.209902866023436	2.363599896330789	2.209902866023436
0.5345	2.212817890287742	2.212817890287742	2.3693040832917505	2.212817890287742
0.53475	2.2157438812172363	2.2157438812172363	2.3749962290264186	2.2157438812172363
0.535	2.2186808840523873	2.2186808840523873	2.380676499777061	2.2186808840523873
0.53525	2.2216289442771915	2.2216289442771915	2.3863450593726423	2.2216289442771915
0.5355	2.224588107656762	2.224588107656762	2.3920020692964683	2.224588107656762
0.53575	2.227558420196438	2.227558420196438	2.3976476887168534	2.227558420196438
0.536	2.2305399281825244	2.2305399281825244	2.403282074553356	2.2305399281825244
0.53625	2.23353267814552	2.23353267814552	2.4089053815068486	2.23353267814552
0.5365	2.236536716883615	2.236536716883615	2.414517762115395	2.236536716883615
0.53675	2.2395520914836102	2.2395520914836102	2.4201193668077914	2.2395520914836102
0.537	2.2425788492771224	2.2425788492771224	2.4257103439269416	2.2425788492771224
0.53725	2.2456170378710394	2.2456170378710394	2.4312908397853197	2.2456170378710394
0.5375	2.248666705152436	2.248666705152436	2.436860998707976	2.248666705152436
0.53775	2.251727899283642	2.251727899283642	2.442420963069991	2.251727899283642
0.538	2.254800668700982	2.254800668700982	2.447970873334643	2.254800668700982
0.53825	2.2578850621156867	2.2578850621156867	2.4535108680914655	2.2578850621156867
0.5385	2.2609811285242376	2.2609811285242376	2.4590410840976085	2.2609811285242376
0.53875	2.2640889172080603	2.2640889172080603	2.4645616563134505	2.2640889172080603
0.539	2.2672084777338806	2.2672084777338806	2.470072717937661	2.2672084777338806
0.53925	2.270339859948475	2.270339859948475	2.4755744004388585	2.270339859948475
0.5395	2.2734831139883402	2.2734831139883402	2.4810668335930606	2.2734831139883402
0.53975	2.276638290299078	2.276638290299078	2.486550145524492	2.276638290299078
0.54	2.279805439602064	2.279805439602064	2.492024462722471	2.279805439602064
0.54025	2.282984612912692	2.282984612912692	2.4974899100800956	2.282984612912692
0.5405	2.286175861555839	2.286175861555839	2.5029175491090934	2.286175861555839
0.54075	2.289379237150639	2.289379237150639	2.5082666730588534	2.289379237150639
0.541	2.292594791617225	2.292594791617225	2.513539245595489	2.292594791617225
0.54125	2.2958225771922507	2.2958225771922507	2.5187371625545776	2.2958225771922507
0.5415	2.2990626463982102	2.2990626463982102	2.523862254917778	2.2990626463982102
0.54175	2.302315052081581	2.302315052081581	2.528916291672227	2.302315052081581
0.542	2.3055798473981906	2.3055798473981906	2.533900982587793	2.3055798473981906
0.54225	2.308857085815187	2.308857085815187	2.538817980698432	2.308857085815187
0.5425	2.312146821122902	2.312146821122902	2.5436688847799243	2.312146821122902
0.54275	2.3154491074103647	2.3154491074103647	2.5484552416390143	2.3154491074103647
0.543	2.3187639991154017	2.3187639991154017	2.553178548274663	2.3187639991154017
0.54325	2.3220915509787883	2.3220915509787883	2.557840253985941	2.3220915509787883
0.5435	2.325431818070832	2.325431818070832	2.5624417622888482	2.325431818070832
0.54375	2.3287848557946336	2.3287848557946336	2.56698443280224	2.3287848557946336
0.544	2.332150719885951	2.332150719885951	2.5714695830276324	2.332150719885951
0.54425	2.3355294664037856	2.3355294664037856	2.575898490003671	2.3355294664037856
0.5445	2.338921151746684	2.338921151746684	2.5802723919303654	2.338921151746684
0.54475	2.3423258326602716	2.3423258326602716	2.5845924896766106	2.3423258326602716
0.545	2.345743566216339	2.345743566216339	2.5888599482379577	2.345743566216339
0.54525	2.3491744098400185	2.3491744098400185	2.5930758981063393	2.3491744098400185
0.5455	2.3526184212997325	2.3526184212997325	2.5972414366014585	2.3526184212997325
0.54575	2.3560756587105613	2.3560756587105613	2.60135762910727	2.3560756587105613
0.546	2.359546180539213	2.359546180539213	2.605425510267179	2.359546180539213
0.54625	2.363030045613988	2.363030045613988	2.609446085138808	2.363030045613988
0.5465	2.366527313101873	2.366527313101873	2.613420330276165	2.366527313101873
0.54675	2.370038042546783	2.370038042546783	2.617349194761234	2.370038042546783
0.547	2.3735622938535483	2.3735622938535483	2.621233601201115	2.3735622938535483
0.54725	2.3771001272757197	2.3771001272757197	2.625074446686726	2.3771001272757197
0.5475	2.3806516034480634	2.3806516034480634	2.628872603681337	2.3806516034480634
0.54775	2.384216783377446	2.384216783377446	2.6326289209041955	2.384216783377446
0.548	2.3877957284377183	2.3877957284377183	2.6363442241556143	2.3877957284377183
0.54825	2.3913885003782127	2.3913885003782127	2.6400193171054545	2.3913885003782127
0.5485	2.394995161328175	2.394995161328175	2.6436549820705415	2.394995161328175
0.54875	2.398615773802286	2.398615773802286	2.6472519807243935	2.398615773802286
0.549	2.4022504007008356	2.4022504007008356	2.650811054790841	2.4022504007008356
0.54925	2.40589910530619	2.40589910530619	2.654332926752228	2.40589910530619
0.5495	2.409561951296975	2.409561951296975	2.657818300455403	2.409561951296975
0.54975	2.413239002743196	2.413239002743196	2.661267861726657	2.413239002743196
0.55	2.416930324109055	2.416930324109055	2.6646822789827493	2.416930324109055
0.55025	2.4206359802680915	2.4206359802680915	2.668062203788688	2.4206359802680915
0.5505	2.424356036487486	2.424356036487486	2.6714082714054115	2.424356036487486
0.55075	2.4280905584453607	2.4280905584453607	2.674721101292899	2.4280905584453607
0.551	2.4318396122329298	2.4318396122329298	2.67800129764967	2.4318396122329298
0.55125	2.4356032643447567	2.4356032643447567	2.681249449863078	2.4356032643447567
0.5515	2.439381581698821	2.439381581698821	2.684466132986048	2.439381581698821
0.55175	2.4431746316353395	2.4431746316353395	2.6876519081850048	2.4431746316353395
0.552	2.4469824819071704	2.4469824819071704	2.6908073231698517	2.4469824819071704
0.55225	2.450805200698108	2.450805200698108	2.6939329126046023	2.450805200698108
0.5525	2.4546428566261196	2.4546428566261196	2.697029198496542	2.4546428566261196
0.55275	2.458495518733013	2.458495518733013	2.7000966905935844	2.458495518733013
0.553	2.462363256510552	2.462363256510552	2.7031358867459296	2.462363256510552
0.55325	2.4662461398760036	2.4662461398760036	2.706147273263225	2.4662461398760036
0.5535	2.4701442391918866	2.4701442391918866	2.709131325254392	2.4701442391918866
0.55375	2.47405762527323	2.47405762527323	2.7120885069588283	2.47405762527323
0.554	2.477986369389152	2.477986369389152	2.7150192720620017	2.477986369389152
0.55425	2.481930543253938	2.481930543253938	2.7179240640025317	2.481930543253938
0.5545	2.485890219031256	2.485890219031256	2.720803316280281	2.485890219031256
0.55475	2.489865469374407	2.489865469374407	2.72365745271867	2.489865469374407
0.555	2.493856367377358	2.493856367377358	2.726486887748756	2.493856367377358
0.55525	2.4978629866042112	2.4978629866042112	2.72929202669506	2.4978629866042112
0.5555	2.5018854011022875	2.5018854011022875	2.7320732660013642	2.5018854011022875
0.55575	2.5059236853937	2.5059236853937	2.7348309934914656	2.5059236853937
0.556	2.509977914470354	2.509977914470354	2.7375655886190975	2.509977914470354
0.55625	2.5140481638173813	2.5140204393428984	2.7402774226765594	2.5140204393428984
0.5565	2.518134509410264	2.51802205955607	2.7429668590423146	2.51802205955607
0.55675	2.5222370277033583	2.5219835306693685	2.7456342533775233	2.5219835306693685
0.557	2.5263557956674014	2.5259055890469098	2.7482799538375446	2.5259055890469098
0.55725	2.5304908907477195	2.529788952508614	2.7509043012925627	2.529788952508614
0.5575	2.5346423909135414	2.53363432091177	2.7535076294979954	2.53363432091177
0.55775	2.538810374642856	2.537442376748515	2.756090265298662	2.537442376748515
0.558	2.542994920906717	2.541213785689073	2.758652528796104	2.541213785689073
0.55825	2.5471961092140627	2.544949197145182	2.761194733552165	2.544949197145182
0.5585	2.5514140195854345	2.548649244762454	2.7637171867371997	2.548649244762454
0.55875	2.555648732562073	2.5523145469141646	2.766220189294296	2.5523145469141646
0.559	2.5599003292238836	2.555945707195831	2.7687040361182285	2.555945707195831
0.55925	2.564168891184506	2.5595433148675344	2.7711690161954743	2.5595433148675344
0.5595	2.5684545005874835	2.5631079453016237	2.773615412762228	2.5631079453016237
0.55975	2.572757240115618	2.5666401604054165	2.7760435034493627	2.5666401604054165
0.56	2.577077193022425	2.570140509015284	2.778453560410308	2.570140509015284
0.56025	2.581414443088016	2.573609527321113	2.7808458504899844	2.573609527321113
0.5605	2.5857690746595967	2.5770477392032047	2.783220635316765	2.5770477392032047
0.56075	2.5901411726522285	2.5804556566334678	2.7855781714683783	2.5804556566334678
0.561	2.5945308225237476	2.583833780000828	2.787918710571559	2.583833780000828
0.56125	2.5989381103371043	2.5871825984521823	2.79024249942619	2.5871825984521823
0.5615	2.603363122692403	2.5905025902401237	2.792549780144629	2.5905025902401237
0.56175	2.6078059467992873	2.593794223010349	2.794840790239066	2.593794223010349
0.562	2.6122666704437356	2.597057954117309	2.7971157627447503	2.597057954117309
0.56225	2.6167453819923385	2.6002942309103387	2.799374926321194	2.6002942309103387
0.5625	2.6212421704196562	2.603503491030043	2.8016185053706533	2.603503491030043
0.56275	2.6257571252849483	2.60668616266247	2.803846720121255	2.60668616266247
0.563	2.630290336782022	2.609842664805009	2.8060597867282726	2.609842664805009
0.56325	2.6348418956707436	2.6129734075425346	2.808257917391764	2.6129734075425346
0.5635	2.639411893365876	2.6160787922612485	2.8104413204179655	2.6160787922612485
0.56375	2.6440004218781854	2.6191592119005462	2.8126102003242597	2.6191592119005462
0.564	2.648607573863028	2.6222150511906666	2.814764757935318	2.6222150511906666
0.56425	2.653233442590501	2.625246686855024	2.8169051904492077	2.625246686855024
0.5645	2.657878121971487	2.6282544878372938	2.819031691533101	2.6282544878372938
0.56475	2.662541706575866	2.631238815510887	2.8211444514061554	2.631238815510887
0.565	2.6672242915875777	2.6342000238620193	2.8232436569005754	2.6342000238620193
0.56525	2.671925972874429	2.637138459700969	2.8253294915551392	2.637138459700969
0.5655	2.676646846949102	2.6400544628491907	2.827402135688778	2.6400544628491907
0.56575	2.681387010990735	2.64294836630341	2.829461766455202	2.64294836630341
0.566	2.686146562852945	2.645820496432695	2.8315085579342214	2.645820496432695
0.56625	2.690925601054063	2.648671173128852	2.833542681180173	2.648671173128852
0.5665	2.6957242248087416	2.6515007099880448	2.8355643043050263	2.6515007099880448
0.56675	2.7005425340061984	2.6543094144685226	2.837573592540996	2.6543094144685226
0.567	2.70538062923937	2.657097588025467	2.839570708283601	2.657097588025467
0.56725	2.7102386117963926	2.65986552628219	2.8415558111740684	2.65986552628219
0.5675	2.7151165836716684	2.6626135191689637	2.8435290581524417	2.6626135191689637
0.56775	2.720014647577421	2.6653418510715947	2.845490603523281	2.6653418510715947
0.568	2.7249329069309303	2.6680508009442927	2.8474405989884803	2.6680508009442927
0.56825	2.7298714658852603	2.6707406424636617	2.8493791937237853	2.6707406424636617
0.5685	2.734830429325034	2.67341164415208	2.8513065344272754	2.67341164415208
0.56875	2.7398099028646556	2.676064069508109	2.8532227653773528	2.676064069508109
0.569	2.7448099928696306	2.67869817710414	2.8551280284603435	2.67869817710414
0.56925	2.74983080645384	2.681314220726727	2.857022463243013	2.681314220726727
0.5695	2.754872451480949	2.6839124494949136	2.8589062070252274	2.6839124494949136
0.56975	2.759935036588096	2.6864931079425403	2.860779394858852	2.6864931079425403
0.57	2.7650186711906217	2.6890564361518092	2.8626421596197362	2.6890564361518092
0.57025	2.770123465464343	2.69160266984866	2.8644946320435953	2.69160266984866
0.5705	2.775249530360931	2.69413204049575	2.866336940761324	2.69413204049575
0.57075	2.780396977662659	2.69664477540585	2.868169212356523	2.69664477540585
0.571	2.785565919917229	2.699141097836562	2.86999157140608	2.699141097836562
0.57125	2.7907564704878416	2.701621227057342	2.8718041404948362	2.701621227057342
0.5715	2.7959687435516867	2.7040853784740255	2.873607040289199	2.7040853784740255
0.57175	2.8012028540903446	2.706533763707875	2.8754003895669498	2.706533763707875
0.572	2.8064589179591986	2.708966590653966	2.877184305227929	2.708966590653966
0.57225	2.811737051789846	2.711384063598268	2.8789589023647397	2.711384063598268
0.5725	2.8170373730923535	2.713786383294039	2.880724294294222	2.713786383294039
0.57275	2.8223600002306477	2.7161737470149245	2.8824805925670587	2.7161737470149245
0.573	2.827705052390335	2.718546348650309	2.8842279070208097	2.718546348650309
0.57325	2.8330726496721317	2.7209043787873526	2.8859663458209335	2.7209043787873526
0.5735	2.838462913020499	2.7232480247673956	2.8876960154774185	2.7232480247673956
0.57375	2.8438759642516773	2.7255774707536027	2.88941702087382	2.7255774707536027
0.574	2.8493119261036197	2.727892897828018	2.8911294653267463	2.727892897828018
0.57425	2.8547709221974578	2.730194484016719	2.892833450574701	2.730194484016719
0.5745	2.8602530770435637	2.732482404387102	2.8945290768399548	2.732482404387102
0.57475	2.865758516095465	2.7347568311066595	2.8962164428529857	2.7347568311066595
0.575	2.8712873657151223	2.7370179334779627	2.897895645854185	2.7370179334779627
0.57525	2.876839753189718	2.7392658780348005	2.8995667816575135	2.7392658780348005
0.5755	2.8824158067659806	2.741500828584983	2.9012299446618637	2.741500828584983
0.57575	2.8880156556184766	2.7437229462570065	2.902885227867157	2.7437229462570065
0.576	2.893639429889949	2.74593238957044	2.904532722914972	2.74593238957044
0.57625	2.899287260686131	2.7481293144888563	2.906172520112577	2.7481293144888563
0.5765	2.9049592800980997	2.7503138744625932	2.9078047084476224	2.7503138744625932
0.57675	2.9106556211920127	2.7524862204834086	2.9094293756154728	2.7524862204834086
0.577	2.91637641801699	2.7546465011460026	2.907562374521818	2.7546465011460026
0.57725	2.9221218056593585	2.756794862685602	2.905687452202497	2.756794862685602
0.5775	2.927891920185627	2.7589314490216528	2.9038045378967605	2.7589314490216528
0.57775	2.9336868986824856	2.7610564018164907	2.901913560086159	2.7610564018164907
0.578	2.9395068792967574	2.7631698605113257	2.9000144464941076	2.7631698605113257
0.57825	2.945352001203277	2.7652719623804214	2.8981071240605654	2.7652719623804214
0.5785	2.951222404616404	2.7673628425561425	2.8961915189315204	2.7673628425561425
0.57875	2.957118230823399	2.7694426340940606	2.8942675564555422	2.7694426340940606
0.579	2.963039622181578	2.771511467996991	2.8923351611678276	2.771511467996991
0.57925	2.9689867221268815	2.7735694732571194	2.8903942567778476	2.7735694732571194
0.5795	2.9749596751887664	2.775616776907908	2.888444766158922	2.775616776907908
0.57975	2.9809586270044584	2.777653504040976	2.886486611337238	2.777653504040976
0.58	2.9869837243094692	2.7796797778632847	2.8845197134727005	2.7796797778632847
0.58025	2.9930351149776504	2.7816957197267387	2.8825439928561076	2.7816957197267387
0.5805	2.9991129480042087	2.7837014491553247	2.8805593688869253	2.7837014491553247
0.58075	3.0052173735325582	2.7856970838931194	2.878565760065476	2.7856970838931194
0.581	3.0113485428876734	2.7876827399251467	2.8765630839869347	2.7876827399251467
0.58125	3.0175066085142044	2.7896585315251947	2.874551257303349	2.7896585315251947
0.5815	3.0236917240693653	2.7916245712742724	2.872530195736934	2.7916245712742724
0.58175	3.029904044391566	2.7935809701032857	2.870499814051571	2.7935809701032857
0.582	3.0361437255204136	2.7955278373145944	2.8684600260412467	2.7955278373145944
0.58225	3.0424109247193907	2.7974652806136353	2.8664107445188662	2.7974652806136353
0.5825	3.04870580044053	2.7993934061498087	2.8643518812858053	2.7993934061498087
0.58275	3.0550285124190144	2.8013123185306688	2.862283347143751	2.8013123185306688
0.583	3.0613792216153017	2.8032221208558936	2.860205051856092	2.8032221208558936
0.58325	3.0677580902494905	2.80512291474525	2.858116904139321	2.80512291474525
0.5835	3.0741652818214966	2.8070148003727797	2.8560188116493705	2.8070148003727797
0.58375	3.0806009611162533	2.8088978764713053	2.8539106809626777	2.8088978764713053
0.584	3.0870652942180774	2.8107722403821516	2.851792417559887	2.8107722403821516
0.58425	3.093558448526162	2.8126379880689143	2.84966392580953	2.8126379880689143
0.5845	3.100080592752225	2.8144952141458135	2.8475251089455416	2.8144952141458135
0.58475	3.1066318969507254	2.8163440118959087	2.845375869054939	2.8163440118959087
0.585	3.113212532547263	2.8181844732953665	2.84321610706442	2.8181844732953665
0.58525	3.1198226723034126	2.8200166890491523	2.8410457227061086	2.8200166890491523
0.5855	3.1264624903645384	2.8218407486002217	2.838864614509657	2.8218407486002217
0.58575	3.1331321622823873	2.8236567401511343	2.8366726797856594	2.8236567401511343
0.586	3.139831865013157	2.825464750692145	2.834469814600819	2.825464750692145
0.58625	3.1465617769117737	2.8272648660213355	2.8322559137514856	2.8272648660213355
0.5865	3.146398559077542	2.8290571707665335	2.830030870754296	2.8290571707665335
0.58675	3.138293189138371	2.830841748399322	2.827794577823671	2.827794577823671
0.587	3.1302370613025907	2.832618681255552	2.8255469258452726	2.8255469258452726
0.58725	3.1222297515349218	2.834388050568067	2.8232878043516023	2.8232878043516023
0.5875	3.114270840616783	2.836149936465992	2.82101710151198	2.82101710151198
0.58775	3.1063599141175717	2.8379044180061657	2.818734704098557	2.818734704098557
0.588	3.0984965623124934	2.8396515731868166	2.816440497463189	2.816440497463189
0.58825	3.090680380133347	2.8413914789710017	2.8141343655286013	2.8141343655286013
0.5885	3.0829109670804042	2.843124211296861	2.8118161907391457	2.8118161907391457
0.58875	3.07518792714665	2.8448498450909665	2.809485854055838	2.809485854055838
0.589	3.0675108688097388	2.8465684543030996	2.8071432349297556	2.8071432349297556
0.58925	3.0598794049232723	2.8482801119076093	2.8047882112609557	2.8047882112609557
0.5895	3.0522931526496144	2.8499848899175295	2.8024206593904077	2.8024206593904077
0.58975	3.0447517334310255	2.8516828594105657	2.8000404540616435	2.8000404540616435
0.59	3.0372547729165555	2.8533740905400613	2.7976474683997514	2.7976474683997514
0.59025	3.0298019009065342	2.85505865255101	2.7952415738742027	2.7952415738742027
0.5905	3.0223927512849813	2.8567366137915227	2.7928226402822123	2.7928226402822123
0.59075	3.0150269619661683	2.858408041728267	2.7903905357092733	2.7903905357092733
0.591	3.007704174854898	2.8600730029659593	2.78794512650176	2.78794512650176
0.59125	3.000424035779383	2.86173156325714	2.785486277246007	2.785486277246007
0.5915	2.9931861944303653	2.8633837875134573	2.7830138507147364	2.7830138507147364
0.59175	2.9859903043302176	2.865029739826352	2.780527707857244	2.780527707857244
0.592	2.9788360227461648	2.8666694834685824	2.778027707758743	2.778027707758743
0.59225	2.971723010692043	2.868303080924775	2.775513707598102	2.775513707598102
0.5925	2.964650932819467	2.8699305938844764	2.772985562628823	2.772985562628823
0.59275	2.957619457404924	2.8715520832667267	2.770443126131163	2.770443126131163
0.593	2.9506282563040473	2.87316760923333	2.7678862493829257	2.7678862493829257
0.59325	2.9436770048666268	2.8747772311881143	2.7653147816225334	2.7653147816225334
0.5935	2.936765381949951	2.876381007809193	2.762728570006593	2.762728570006593
0.59375	2.9298930697997174	2.8779789970356826	2.760127459575709	2.760127459575709
0.594	2.923059754078018	2.8795712561040263	2.7575112932124877	2.7575112932124877
0.59425	2.916265123741635	2.8811578415328034	2.7548799116109315	2.7548799116109315
0.5945	2.9095088710847747	2.882738809163281	2.752233153210313	2.752233153210313
0.59475	2.9027906916228883	2.884314214145186	2.749570854185135	2.749570854185135
0.595	2.896110284081302	2.8858841109578406	2.746892848376587	2.746892848376587
0.59525	2.889467350345841	2.8874485534179444	2.7441989672607487	2.7441989672607487
0.5955	2.882861595427757	2.8852341325449955	2.7414890399014746	2.7414890399014746
0.59575	2.876292727433773	2.8830077071185225	2.738762892899498	2.738762892899498
0.596	2.8697604574868194	2.880769157676526	2.736020350345607	2.736020350345607
0.59625	2.863264499729823	2.8785183632436633	2.73326123378301	2.73326123378301
0.5965	2.8568045712603336	2.8762552012848572	2.730485362136748	2.730485362136748
0.59675	2.850380392105583	2.8739795476968912	2.7276925516805197	2.7276925516805197
0.597	2.843991685176046	2.8716912767712395	2.724882615973932	2.724882615973932
0.59725	2.837638176231214	2.8693902611719855	2.7220553658141866	2.7220553658141866
0.5975	2.8313195938527818	2.867076371906349	2.719210609179549	2.719210609179549
0.59775	2.8250356693850254	2.864749478290936	2.7163481511678067	2.7163481511678067
0.598	2.818786136933455	2.8624094479321007	2.713467793947995	2.713467793947995
0.59825	2.8125707332974064	2.8600561466796792	2.710569336684667	2.710569336684667
0.5985	2.8063891979455	2.8576894386199356	2.7076525755005267	2.7076525755005267
0.59875	2.800241272999354	2.8553091860204733	2.7047173033900873	2.7047173033900873
0.599	2.794126703177381	2.852915249310694	2.7017633101679768	2.7017633101679768
0.59925	2.7880452357778385	2.850507487051838	2.6987903824058708	2.6987903824058708
0.5995	2.7819966206180897	2.8480857558882002	2.6957983033495516	2.6957983033495516
0.59975	2.7759806100566933	2.845649910529682	2.6927868528663486	2.6927868528663486
0.6	2.769996958913507	2.843199803709486	2.6897558073665784	2.6897558073665784
0.60025	2.7640454244522235	2.84073528614244	2.6867049397245495	2.6867049397245495
0.6005	2.758125766348787	2.8382562065010393	2.683634019216128	2.683634019216128
0.60075	2.7522377466726353	2.8357624113629	2.6805428114265073	2.6805428114265073
0.601	2.746381129873	2.83325374518405	2.6774310781826087	2.6774310781826087
0.60125	2.7405556826777406	2.8307300502614248	2.6742985774734054	2.6742985774734054
0.6015	2.7347611741463265	2.8281911666748862	2.6711450633483875	2.6711450633483875
0.60175	2.728997375609991	2.8256369322626367	2.6679702858481407	2.6679702858481407
0.602	2.723264060625809	2.823067182576078	2.664773990912865	2.664773990912865
0.60225	2.7175610049846943	2.820481750830203	2.6615559202849837	2.6615559202849837
0.6025	2.7118879866493115	2.8178804678668703	2.65831581142308	2.65831581142308
0.60275	2.7062447857585927	2.815263162105888	2.6550533974020687	2.6550533974020687
0.603	2.700631184578997	2.812629659490037	2.6517684068056	2.6517684068056
0.60325	2.695046967485708	2.809979783462287	2.648460563649043	2.648460563649043
0.6035	2.6894919209492087	2.80731335488845	2.645129587245963	2.645129587245963
0.60375	2.683965833483336	2.8046301920159316	2.641775192108979	2.641775192108979
0.604	2.6784684956480436	2.8019301104442675	2.638397087860427	2.638397087860427
0.60425	2.672999700017435	2.79921292303425	2.634994979079559	2.634994979079559
0.6045	2.6675592411317925	2.796478439886676	2.6315685652173664	2.6315685652173664
0.60475	2.6621469155116304	2.7937264682734906	2.6281175404615715	2.6281175404615715
0.605	2.6567625216285555	2.790956812577798	2.6246415936082284	2.6246415936082284
0.60525	2.6514058598224337	2.7881692742498685	2.621140407947028	2.621140407947028
0.6055	2.6460767323774452	2.7853636517328915	2.6176136611138254	2.6176136611138254
0.60575	2.640774943433738	2.782539740408094	2.6140610249600638	2.6140610249600638
0.606	2.635500298963497	2.779697332532734	2.6104821654123764	2.6104821654123764
0.60625	2.6302526067875913	2.7768362171804144	2.606876742331802	2.606876742331802
0.6065	2.625031676515961	2.773956180168351	2.603244409357016	2.603244409357016
0.60675	2.6198373195598528	2.77105700399028	2.599584813750272	2.599584813750272
0.607	2.6146693490835795	2.768138467748254	2.5958975962390642	2.5958975962390642
0.60725	2.6095275799906044	2.7652003470901265	2.5921823908602946	2.5921823908602946
0.6075	2.6044118289228657	2.762242414124901	2.5884388247788146	2.5884388247788146
0.60775	2.599321914210417	2.7592644373482367	2.584666518112681	2.584666518112681
0.608	2.5942576558795496	2.7562661815794804	2.5808650837662075	2.5808650837662075
0.60825	2.58921887561702	2.753247407863212	2.577034127223667	2.577034127223667
0.6085	2.584205396734656	2.7502078734050897	2.5731732463733095	2.5731732463733095
0.60875	2.5792170442000475	2.7471473314807113	2.5692820313001787	2.5692820313001787
0.609	2.5742536445810282	2.744065531345815	2.565360064075862	2.565360064075862
0.60925	2.5693150260135784	2.7409622181593645	2.561406918556612	2.561406918556612
0.6095	2.564401018229977	2.737837132884824	2.5574221601547835	2.5574221601547835
0.60975	2.5595114525052978	2.734690012203019	2.55340534561694	2.55340534561694
0.61	2.5546461616438685	2.7315205884099782	2.549356022781616	2.549356022781616
0.61025	2.5498049799819116	2.728328589321534	2.5452737303384496	2.5452737303384496
0.6105	2.5449877433405304	2.7251137381818973	2.541157997585511	2.541157997585511
0.61075	2.540194289039176	2.7218757535409446	2.5370083441493465	2.5370083441493465
0.611	2.5354244558571204	2.7186143491581167	2.532824279725364	2.532824279725364
0.61125	2.530678084023117	2.715329233904442	2.5286053038098166	2.5286053038098166
0.6115	2.5259550152049193	2.7120201116311997	2.5243509053914237	2.5243509053914237
0.61175	2.521255092482252	2.7086866810464936	2.5200605626437587	2.5200605626437587
0.612	2.516578160352201	2.705328635627066	2.5157337426453337	2.5157337426453337
0.61225	2.51192406467611	2.7019456634751924	2.511369901036747	2.511369901036747
0.6125	2.5072926527017665	2.698537447178637	2.506968481672559	2.506968481672559
0.61275	2.502683773046706	2.695103663707787	2.502528916301703	2.502528916301703
0.613	2.4980972756298145	2.6916439842610522	2.4980506241868414	2.4980506241868414
0.61325	2.4935330117395833	2.688158074135652	2.4935330117395833	2.4935330117395833
0.6135	2.4889908339490123	2.6846455925812474	2.4889908339490123	2.4889908339490123
0.61375	2.484470596136129	2.681106192646562	2.484470596136129	2.484470596136129
0.614	2.47997215348077	2.6775395210389625	2.47997215348077	2.47997215348077
0.61425	2.475495362393577	2.6739452179636953	2.475495362393577	2.475495362393577
0.6145	2.471040080570474	2.67032291695318	2.471040080570474	2.471040080570474
0.61475	2.466606166951407	2.6666722447111924	2.466606166951407	2.466606166951407
0.615	2.4621934816846407	2.6629928209392797	2.4621934816846407	2.4621934816846407
0.61525	2.457801886146967	2.6592842581468203	2.457801886146967	2.457801886146967
0.6155	2.453431242914709	2.6555461614922184	2.453431242914709	2.453431242914709
0.61575	2.449081415747806	2.6517781285646094	2.449081415747806	2.449081415747806
0.616	2.444752269598819	2.647979749208587	2.444752269598819	2.444752269598819
0.61625	2.440443670566658	2.6441506053200032	2.440443670566658	2.440443670566658
0.6165	2.4361554858987513	2.6402902706218003	2.4361554858987513	2.4361554858987513
0.61675	2.431887584000996	2.6363983104724356	2.431887584000996	2.431887584000996
0.617	2.427639834393848	2.6324742816189812	2.427639834393848	2.427639834393848
0.61725	2.4234121077131325	2.6285177319871287	2.4234121077131325	2.4234121077131325
0.6175	2.4192042756847743	2.624528200427762	2.4192042756847743	2.4192042756847743
0.61775	2.4150162111609235	2.620505216479322	2.4150162111609235	2.4150162111609235
0.618	2.410847788043276	2.6164483001085936	2.410847788043276	2.410847788043276
0.61825	2.406698881292526	2.612356961446618	2.406698881292526	2.406698881292526
0.6185	2.4025693669715595	2.608230700521815	2.4025693669715595	2.4025693669715595
0.61875	2.3984591221433256	2.6040690069643526	2.3984591221433256	2.3984591221433256
0.619	2.3943680249293595	2.599871359728797	2.3943680249293595	2.3943680249293595
0.61925	2.390295954473479	2.5956372267785035	2.390295954473479	2.390295954473479
0.6195	2.3862427909180544	2.5913660647688896	2.3862427909180544	2.3862427909180544
0.61975	2.3822084154236407	2.5870573187445673	2.3822084154236407	2.3822084154236407
0.62	2.378192710151333	2.5827104217703947	2.378192710151333	2.378192710151333
0.62025	2.374195558211316	2.5783247945955385	2.374195558211316	2.374195558211316
0.6205	2.3702168437180156	2.573899845300389	2.3702168437180156	2.3702168437180156
0.62075	2.366256451735915	2.56943496889818	2.366256451735915	2.366256451735915
0.621	2.3623142682765295	2.5649295469572535	2.3623142682765295	2.3623142682765295
0.62125	2.358390180300598	2.560382947186126	2.358390180300598	2.358390180300598
0.6215	2.354484075698099	2.5557945230287133	2.354484075698099	2.354484075698099
0.62175	2.35059584328944	2.551163613197929	2.35059584328944	2.35059584328944
0.622	2.3467253727873683	2.5464895412379973	2.3467253727873683	2.3467253727873683
0.62225	2.3428725548397624	2.5417716150522196	2.3428725548397624	2.3428725548397624
0.6225	2.339037280959163	2.5370091264044623	2.339037280959163	2.339037280959163
0.62275	2.3352194435653155	2.5322013503961918	2.3352194435653155	2.3352194435653155
0.623	2.3314189359501594	2.527347544950772	2.3314189359501594	2.3314189359501594
0.62325	2.327635652262506	2.5224469502583955	2.327635652262506	2.327635652262506
0.6235	2.3238694875215167	2.5174987881674857	2.3238694875215167	2.3238694875215167
0.62375	2.3201203375978414	2.5125022616244004	2.3201203375978414	2.3201203375978414
0.624	2.3163880991943695	2.5074565540179634	2.3163880991943695	2.3163880991943695
0.62425	2.3126726698566724	2.502360828523922	2.3126726698566724	2.3126726698566724
0.6245	2.3089739479555185	2.497214227445377	2.3089739479555185	2.3089739479555185
0.62475	2.3052918326695364	2.4920158714748073	2.3052918326695364	2.3052918326695364
0.625	2.3016262239906355	2.486764858965431	2.3016262239906355	2.3016262239906355
0.62525	2.297977022720622	2.481460265145182	2.297977022720622	2.297977022720622
0.6255	2.294344130439777	2.4761011413221814	2.294344130439777	2.294344130439777
0.62575	2.290727449517519	2.47068651401942	2.290727449517519	2.290727449517519
0.626	2.2871268831156195	2.4652153840987037	2.2871268831156195	2.2871268831156195
0.62625	2.2835423351368056	2.4596867258412085	2.2835423351368056	2.2835423351368056
0.6265	2.279973710265832	2.4540994859529937	2.279973710265832	2.279973710265832
0.62675	2.276420913943481	2.4484525825931716	2.276420913943481	2.276420913943481
0.627	2.2728838523440307	2.442744904272091	2.2728838523440307	2.2728838523440307
0.62725	2.2693624323923154	2.436975308748366	2.2693624323923154	2.2693624323923154
0.6275	2.2658565617368582	2.4311777706541418	2.2658565617368582	2.2658565617368582
0.62775	2.262366148759106	2.4253709437420095	2.262366148759106	2.262366148759106
0.628	2.258891102556757	2.4195546670012735	2.258891102556757	2.258891102556757
0.62825	2.255431332940594	2.41372877740783	2.255431332940594	2.255431332940594
0.6285	2.2519867504137174	2.407893109872823	2.2519867504137174	2.2519867504137174
0.62875	2.2485572661947795	2.4020474972097263	2.2485572661947795	2.2485572661947795
0.629	2.245142792180926	2.396191770073252	2.245142792180926	2.245142792180926
0.62925	2.2417432409549813	2.390325756916836	2.2417432409549813	2.2417432409549813
0.6295	2.2383585257826697	2.384449283944127	2.2383585257826697	2.2383585257826697
0.62975	2.2349885605907636	2.3785621750508534	2.2349885605907636	2.2349885605907636
0.63	2.2316332599855953	2.3726642517830783	2.2316332599855953	2.2316332599855953
0.63025	2.228292539216972	2.366755333269743	2.228292539216972	2.228292539216972
0.6305	2.224966314191682	2.360835236175788	2.224966314191682	2.224966314191682
0.63075	2.2216545014648745	2.354903774643889	2.2216545014648745	2.2216545014648745
0.631	2.218357018231465	2.348960760234533	2.218357018231465	2.218357018231465
0.63125	2.2150737823169955	2.343006001864222	2.2150737823169955	2.2150737823169955
0.6315	2.2118047121672326	2.3370393057413255	2.2118047121672326	2.2118047121672326
0.63175	2.2085497268689296	2.3310604753143265	2.2085497268689296	2.2085497268689296
0.632	2.205308746105831	2.325069311188819	2.205308746105831	2.205308746105831
0.63225	2.20208169018032	2.319065611072492	2.20208169018032	2.20208169018032
0.6325	2.1988684799987546	2.3130491697014395	2.1988684799987546	2.1988684799987546
0.63275	2.1956690370583893	2.3070197787654454	2.1956690370583893	2.1956690370583893
0.633	2.192483283465821	2.3009772268452098	2.192483283465821	2.192483283465821
0.63325	2.1893111418947218	2.294921299319964	2.1893111418947218	2.1893111418947218
0.6335	2.186152535610417	2.2888517783031395	2.186152535610417	2.186152535610417
0.63375	2.1830073884606302	2.282768442560368	2.1830073884606302	2.1830073884606302
0.634	2.1798756248482247	2.276671067416713	2.1798756248482247	2.1798756248482247
0.63425	2.1767571697634827	2.2705594246887744	2.1767571697634827	2.1767571697634827
0.6345	2.1736519487405195	2.264433282579195	2.1736519487405195	2.1736519487405195
0.63475	2.17055988786657	2.258292405592994	2.17055988786657	2.17055988786657
0.635	2.167480913787453	2.2521365544490286	2.167480913787453	2.167480913787453
0.63525	2.1644149536980386	2.245965485981981	2.1644149536980386	2.1644149536980386
0.6355	2.161361935329369	2.2397789530394308	2.161361935329369	2.161361935329369
0.63575	2.158321786934483	2.233576704375486	2.158321786934483	2.158321786934483
0.636	2.1552944373167215	2.227358484560538	2.1552944373167215	2.1552944373167215
0.63625	2.15227981579426	2.2211240338583216	2.15227981579426	2.15227981579426
0.6365	2.1492778522024762	2.214873088116809	2.1492778522024762	2.1492778522024762
0.63675	2.1462884769031727	2.2086053786587967	2.1462884769031727	2.1462884769031727
0.637	2.1433116207649445	2.202320632155119	2.1433116207649445	2.1433116207649445
0.63725	2.1403472151571363	2.1960185705003754	2.1403472151571363	2.1403472151571363
0.6375	2.137395191955732	2.189698910689949	2.137395191955732	2.137395191955732
0.63775	2.1344554835345213	2.1833613646860512	2.1344554835345213	2.1344554835345213
0.638	2.131528022765306	2.1770056392833834	2.131528022765306	2.131528022765306
0.63825	2.1286127429933503	2.1706314359586667	2.1286127429933503	2.1286127429933503
0.6385	2.1257095780626982	2.164238450738671	2.1257095780626982	2.1257095780626982
0.63875	2.1228184622916992	2.1578263740398556	2.1228184622916992	2.1228184622916992
0.639	2.1199393304672913	2.1513948905115994	2.1199393304672913	2.1199393304672913
0.63925	2.1170721178625516	2.1449436788849003	2.1170721178625516	2.1170721178625516
0.6395	2.1142167602078303	2.1384724117934977	2.1142167602078303	2.1142167602078303
0.63975	2.1113731936927373	2.1319807556036445	2.1113731936927373	2.1113731936927373
0.64	2.1085413549734326	2.1254683702401405	2.1085413549734326	2.1085413549734326
0.64025	2.1057211811616368	2.1189349089973026	2.1057211811616368	2.1057211811616368
0.6405	2.1029126098084805	2.1123800183406614	2.1029126098084805	2.1029126098084805
0.64075	2.100115578921359	2.1058033377173624	2.100115578921359	2.100115578921359
0.641	2.097330026949723	2.099204499344323	2.097330026949723	2.097330026949723
0.64125	2.0945558927797707	2.0945558927797707	2.0945558927797707	2.0945558927797707
0.6415	2.0917931157312637	2.0917931157312637	2.0917931157312637	2.0917931157312637
0.64175	2.0890416355556356	2.0890416355556356	2.0890416355556356	2.0890416355556356
0.642	2.0863013924327514	2.0863013924327514	2.0863013924327514	2.0863013924327514
0.64225	2.083572326971697	2.083572326971697	2.083572326971697	2.083572326971697
0.6425	2.080854380185276	2.080854380185276	2.080854380185276	2.080854380185276
0.64275	2.0781474935153468	2.0781474935153468	2.0781474935153468	2.0781474935153468
0.643	2.0754516088217287	2.0754516088217287	2.0754516088217287	2.0754516088217287
0.64325	2.0727666683575885	2.0727666683575885	2.0727666683575885	2.0727666683575885
0.6435	2.0700926147908025	2.0700926147908025	2.0700926147908025	2.0700926147908025
0.64375	2.0674293911814248	2.0674293911814248	2.0674293911814248	2.0674293911814248
0.644	2.0647769410106167	2.0647769410106167	2.0647769410106167	2.0647769410106167
0.64425	2.0621352081361475	2.0621352081361475	2.0621352081361475	2.0621352081361475
0.6445	2.059504136799506	2.059504136799506	2.059504136799506	2.059504136799506
0.64475	2.056883671654057	2.056883671654057	2.056883671654057	2.056883671654057
0.645	2.0542737577234798	2.0542737577234798	2.0542737577234798	2.0542737577234798
0.64525	2.0516743404107394	2.0516743404107394	2.0516743404107394	2.0516743404107394
0.6455	2.049085365505657	2.049085365505657	2.049085365505657	2.049085365505657
0.64575	2.0465067791725984	2.0465067791725984	2.0465067791725984	2.0465067791725984
0.646	2.043938527938296	2.043938527938296	2.043938527938296	2.043938527938296
0.64625	2.0413805587083664	2.0413805587083664	2.0413805587083664	2.0413805587083664
0.6465	2.0388328187545373	2.0388328187545373	2.0388328187545373	2.0388328187545373
0.64675	2.0362952557020253	2.0362952557020253	2.0362952557020253	2.0362952557020253
0.647	2.033767817531515	2.033767817531515	2.033767817531515	2.033767817531515
0.64725	2.0312504526061823	2.0312504526061823	2.0312504526061823	2.0312504526061823
0.6475	2.0287431096214417	2.0287431096214417	2.0287431096214417	2.0287431096214417
0.64775	2.0262457376171246	2.0262457376171246	2.0262457376171246	2.0262457376171246
0.648	2.0237582860037637	2.0237582860037637	2.0237582860037637	2.0237582860037637
0.64825	2.021280704510914	2.021280704510914	2.021280704510914	2.021280704510914
0.6485	2.0188129432315893	2.0188129432315893	2.0188129432315893	2.0188129432315893
0.64875	2.016354952586339	2.016354952586339	2.016354952586339	2.016354952586339
0.649	2.0139066833327934	2.0139066833327934	2.0139066833327934	2.0139066833327934
0.64925	2.0114680865633976	2.0114680865633976	2.0114680865633976	2.0114680865633976
0.6495	2.00903911369951	2.00903911369951	2.00903911369951	2.00903911369951
0.64975	2.0066197164922794	2.0066197164922794	2.0066197164922794	2.0066197164922794
0.65	2.004209847017381	2.004209847017381	2.004209847017381	2.004209847017381
0.65025	2.001809457672873	2.001809457672873	2.001809457672873	2.001809457672873
0.6505	1.999418501172843	1.999418501172843	1.999418501172843	1.999418501172843
0.65075	1.997036930553835	1.997036930553835	1.997036930553835	1.997036930553835
0.651	1.9946646991636348	1.9946646991636348	1.9946646991636348	1.9946646991636348
0.65125	1.9923017606628775	1.9923017606628775	1.9923017606628775	1.9923017606628775
0.6515	1.989948069024233	1.989948069024233	1.989948069024233	1.989948069024233
0.65175	1.9876035785153698	1.9876035785153698	1.9876035785153698	1.9876035785153698
0.652	1.9852682437258475	1.9852682437258475	1.9852682437258475	1.9852682437258475
0.65225	1.9829420195386744	1.9829420195386744	1.9829420195386744	1.9829420195386744
0.6525	1.9806248611261086	1.9806248611261086	1.9806248611261086	1.9806248611261086
0.65275	1.9783167239752146	1.9783167239752146	1.9783167239752146	1.9783167239752146
0.653	1.9760175638567037	1.9760175638567037	1.9760175638567037	1.9760175638567037
0.65325	1.9737273368344395	1.9737273368344395	1.9737273368344395	1.9737273368344395
0.6535	1.9714459992641897	1.9714459992641897	1.9714459992641897	1.9714459992641897
0.65375	1.9691735077882497	1.9691735077882497	1.9691735077882497	1.9691735077882497
0.654	1.9669098193336527	1.9669098193336527	1.9669098193336527	1.9669098193336527
0.65425	1.9646548911121577	1.9646548911121577	1.9646548911121577	1.9646548911121577
0.6545	1.9624086806126353	1.9624086806126353	1.9624086806126353	1.9624086806126353
0.65475	1.960171145599955	1.960171145599955	1.960171145599955	1.960171145599955
0.655	1.9579422441261114	1.9579422441261114	1.9579422441261114	1.9579422441261114
0.65525	1.9557219345074899	1.9557219345074899	1.9557219345074899	1.9557219345074899
0.6555	1.9535101753314255	1.9535101753314255	1.9535101753314255	1.9535101753314255
0.65575	1.9513069254597633	1.9513069254597633	1.9513069254597633	1.9513069254597633
0.656	1.9491121440190937	1.9491121440190937	1.9491121440190937	1.9491121440190937
0.65625	1.946925790400753	1.946925790400753	1.946925790400753	1.946925790400753
0.6565	1.94474782426441	1.94474782426441	1.94474782426441	1.94474782426441
0.65675	1.942578205516802	1.942578205516802	1.942578205516802	1.942578205516802
0.657	1.9404168943407911	1.9404168943407911	1.9404168943407911	1.9404168943407911
0.65725	1.9382638511731	1.9382638511731	1.9382638511731	1.9382638511731
0.6575	1.936119036688162	1.936119036688162	1.936119036688162	1.936119036688162
0.65775	1.9339824118343136	1.9339824118343136	1.9339824118343136	1.9339824118343136
0.658	1.9318539378008999	1.9318539378008999	1.9318539378008999	1.9318539378008999
0.65825	1.929733576020885	1.929733576020885	1.929733576020885	1.929733576020885
0.6585	1.9276212881954302	1.9276212881954302	1.9276212881954302	1.9276212881954302
0.65875	1.9255170362471739	1.9255170362471739	1.9255170362471739	1.9255170362471739
0.659	1.9234207823438039	1.9234207823438039	1.9234207823438039	1.9234207823438039
0.65925	1.9213324889168393	1.9213324889168393	1.9213324889168393	1.9213324889168393
0.6595	1.9192521186135645	1.9192521186135645	1.9192521186135645	1.9192521186135645
0.65975	1.9171796343266296	1.9171796343266296	1.9171796343266296	1.9171796343266296
0.66	1.9151149991870464	1.9151149991870464	1.9151149991870464	1.9151149991870464
0.66025	1.9130581765533943	1.9130581765533943	1.9130581765533943	1.9130581765533943
0.6605	1.9110091300283254	1.9110091300283254	1.9110091300283254	1.9110091300283254
0.66075	1.9089678234283494	1.9089678234283494	1.9089678234283494	1.9089678234283494
0.661	1.9069342208114486	1.9069342208114486	1.9069342208114486	1.9069342208114486
0.66125	1.9049082864597051	1.9049082864597051	1.9049082864597051	1.9049082864597051
0.6615	1.9028899848692773	1.9028899848692773	1.9028899848692773	1.9028899848692773
0.66175	1.9008792807800101	1.9008792807800101	1.9008792807800101	1.9008792807800101
0.662	1.8988761391367501	1.8988761391367501	1.8988761391367501	1.8988761391367501
0.66225	1.89688052510528	1.89688052510528	1.89688052510528	1.89688052510528
0.6625	1.8948924040842041	1.8948924040842041	1.8948924040842041	1.8948924040842041
0.66275	1.8929117416676857	1.8929117416676857	1.8929117416676857	1.8929117416676857
0.663	1.8909385036781796	1.8909385036781796	1.8909385036781796	1.8909385036781796
0.66325	1.8889726561526976	1.8889726561526976	1.8889726561526976	1.8889726561526976
0.6635	1.887014165338416	1.887014165338416	1.887014165338416	1.887014165338416
0.66375	1.885062997676984	1.885062997676984	1.885062997676984	1.885062997676984
0.664	1.883119119838591	1.883119119838591	1.883119119838591	1.883119119838591
0.66425	1.8811824987029513	1.8811824987029513	1.8811824987029513	1.8811824987029513
0.6645	1.8792531013292264	1.8792531013292264	1.8792531013292264	1.8792531013292264
0.66475	1.877330895007141	1.877330895007141	1.877330895007141	1.877330895007141
0.665	1.8754158472113125	1.8754158472113125	1.8754158472113125	1.8754158472113125
0.66525	1.873507925630269	1.873507925630269	1.873507925630269	1.873507925630269
0.6655	1.8716070981450694	1.8716070981450694	1.8716070981450694	1.8716070981450694
0.66575	1.8697133328309954	1.8697133328309954	1.8697133328309954	1.8697133328309954
0.666	1.867826597968244	1.867826597968244	1.867826597968244	1.867826597968244
0.66625	1.865946862018664	1.865946862018664	1.865946862018664	1.865946862018664
0.6665	1.8640740936581655	1.8640740936581655	1.8640740936581655	1.8640740936581655
0.66675	1.8622082617381257	1.8622082617381257	1.8622082617381257	1.8622082617381257
0.667	1.860349335298798	1.860349335298798	1.860349335298798	1.860349335298798
0.66725	1.8584972835831044	1.8584972835831044	1.8584972835831044	1.8584972835831044
0.6675	1.8566520760135796	1.8566520760135796	1.8566520760135796	1.8566520760135796
0.66775	1.8548136821977848	1.8548136821977848	1.8548136821977848	1.8548136821977848
0.668	1.8529820719326286	1.8529820719326286	1.8529820719326286	1.8529820719326286
0.66825	1.8511572151946116	1.8511572151946116	1.8511572151946116	1.8511572151946116
0.6685	1.849339082144178	1.849339082144178	1.849339082144178	1.849339082144178
0.66875	1.8475276431273941	1.8475276431273941	1.8475276431273941	1.8475276431273941
0.669	1.84572286865952	1.84572286865952	1.84572286865952	1.84572286865952
0.66925	1.8439247294439163	1.8439247294439163	1.8439247294439163	1.8439247294439163
0.6695	1.842133196358223	1.842133196358223	1.842133196358223	1.842133196358223
0.66975	1.8403482404530203	1.8403482404530203	1.8403482404530203	1.8403482404530203
0.67	1.83856983295206	1.83856983295206	1.83856983295206	1.83856983295206
0.67025	1.8367979452643197	1.8367979452643197	1.8367979452643197	1.8367979452643197
0.6705	1.835032548955466	1.835032548955466	1.835032548955466	1.835032548955466
0.67075	1.833273615767608	1.833273615767608	1.833273615767608	1.833273615767608
0.671	1.8315211176199961	1.8315211176199961	1.8315211176199961	1.8315211176199961
0.67125	1.8297750265827835	1.8297750265827835	1.8297750265827835	1.8297750265827835
0.6715	1.828035314914002	1.828035314914002	1.828035314914002	1.828035314914002
0.67175	1.8263019550251476	1.8263019550251476	1.8263019550251476	1.8263019550251476
0.672	1.8245749194886491	1.8245749194886491	1.8245749194886491	1.8245749194886491
0.67225	1.8228541810498338	1.8228541810498338	1.8228541810498338	1.8228541810498338
0.6725	1.8211397126150344	1.8211397126150344	1.8211397126150344	1.8211397126150344
0.67275	1.8194314872473436	1.8194314872473436	1.8194314872473436	1.8194314872473436
0.673	1.817729478173984	1.817729478173984	1.817729478173984	1.817729478173984
0.67325	1.8160336587750978	1.8160336587750978	1.8160336587750978	1.8160336587750978
0.6735	1.8143440025936228	1.8143440025936228	1.8143440025936228	1.8143440025936228
0.67375	1.8126604833360371	1.8126604833360371	1.8126604833360371	1.8126604833360371
0.674	1.8109830748462221	1.8109830748462221	1.8109830748462221	1.8109830748462221
0.67425	1.8093117511388321	1.8093117511388321	1.8093117511388321	1.8093117511388321
0.6745	1.8076464863741755	1.8076464863741755	1.8076464863741755	1.8076464863741755
0.67475	1.8059872548625682	1.8059872548625682	1.8059872548625682	1.8059872548625682
0.675	1.804334031078067	1.804334031078067	1.804334031078067	1.804334031078067
0.67525	1.8026867896325993	1.8026867896325993	1.8026867896325993	1.8026867896325993
0.6755	1.8010455052858139	1.8010455052858139	1.8010455052858139	1.8010455052858139
0.67575	1.799410152956747	1.799410152956747	1.799410152956747	1.799410152956747
0.676	1.7977807077049583	1.7977807077049583	1.7977807077049583	1.7977807077049583
0.67625	1.7961571447320086	1.7961571447320086	1.7961571447320086	1.7961571447320086
0.6765	1.7945394393921636	1.7945394393921636	1.7945394393921636	1.7945394393921636
0.67675	1.7929275671790235	1.7929275671790235	1.7929275671790235	1.7929275671790235
0.677	1.7913215037313348	1.7913215037313348	1.7913215037313348	1.7913215037313348
0.67725	1.7897212248261338	1.7897212248261338	1.7897212248261338	1.7897212248261338
0.6775	1.788126706388435	1.788126706388435	1.788126706388435	1.788126706388435
0.67775	1.786537924475556	1.786537924475556	1.786537924475556	1.786537924475556
0.678	1.7849548552873002	1.7849548552873002	1.7849548552873002	1.7849548552873002
0.67825	1.7833774751649683	1.7833774751649683	1.7833774751649683	1.7833774751649683
0.6785	1.781805760580677	1.781805760580677	1.781805760580677	1.781805760580677
0.67875	1.7802396881440896	1.7802396881440896	1.7802396881440896	1.7802396881440896
0.679	1.7786792346057434	1.7786792346057434	1.7786792346057434	1.7786792346057434
0.67925	1.7771243768464762	1.7771243768464762	1.7771243768464762	1.7771243768464762
0.6795	1.7755750918764965	1.7755750918764965	1.7755750918764965	1.7755750918764965
0.67975	1.7740313568463675	1.7740313568463675	1.7740313568463675	1.7740313568463675
0.68	1.772493149033576	1.772493149033576	1.772493149033576	1.772493149033576
0.68025	1.7709604458454915	1.7709604458454915	1.7709604458454915	1.7709604458454915
0.6805	1.7694332248241431	1.7694332248241431	1.7694332248241431	1.7694332248241431
0.68075	1.767911463637608	1.767911463637608	1.767911463637608	1.767911463637608
0.681	1.7663951400810116	1.7663951400810116	1.7663951400810116	1.7663951400810116
0.68125	1.764884232077088	1.764884232077088	1.764884232077088	1.764884232077088
0.6815	1.7633787176762203	1.7633787176762203	1.7633787176762203	1.7633787176762203
0.68175	1.7618785750512362	1.7618785750512362	1.7618785750512362	1.7618785750512362
0.682	1.7603837825101936	1.7603837825101936	1.7603837825101936	1.7603837825101936
0.68225	1.7588943184691423	1.7588943184691423	1.7588943184691423	1.7588943184691423
0.6825	1.757410161473428	1.757410161473428	1.757410161473428	1.757410161473428
0.68275	1.7559312902018755	1.7559312902018755	1.7559312902018755	1.7559312902018755
0.683	1.7544576834373036	1.7544576834373036	1.7544576834373036	1.7544576834373036
0.68325	1.7529893200882745	1.7529893200882745	1.7529893200882745	1.7529893200882745
0.6835	1.751526179193328	1.751526179193328	1.751526179193328	1.751526179193328
0.68375	1.750068239899531	1.750068239899531	1.750068239899531	1.750068239899531
0.684	1.7486154814705503	1.7486154814705503	1.7486154814705503	1.7486154814705503
0.68425	1.747167883296096	1.747167883296096	1.747167883296096	1.747167883296096
0.6845	1.7457254248771334	1.7457254248771334	1.7457254248771334	1.7457254248771334
0.68475	1.7442880858315337	1.7442880858315337	1.7442880858315337	1.7442880858315337
0.685	1.7428558458904828	1.7428558458904828	1.7428558458904828	1.7428558458904828
0.68525	1.7414286849051195	1.7414286849051195	1.7414286849051195	1.7414286849051195
0.6855	1.7400065828314342	1.7400065828314342	1.7400065828314342	1.7400065828314342
0.68575	1.7385895197451071	1.7385895197451071	1.7385895197451071	1.7385895197451071
0.686	1.7371774758324148	1.7371774758324148	1.7371774758324148	1.7371774758324148
0.68625	1.7357704313908955	1.7357704313908955	1.7357704313908955	1.7357704313908955
0.6865	1.7343683668272025	1.7343683668272025	1.7343683668272025	1.7343683668272025
0.68675	1.7329712626581233	1.7329712626581233	1.7329712626581233	1.7329712626581233
0.687	1.7315790995120919	1.7315790995120919	1.7315790995120919	1.7315790995120919
0.68725	1.7301918581234708	1.7301918581234708	1.7301918581234708	1.7301918581234708
0.6875	1.728809519336689	1.728809519336689	1.728809519336689	1.728809519336689
0.68775	1.7274320641004954	1.7274320641004954	1.7274320641004954	1.7274320641004954
0.688	1.726059473471133	1.726059473471133	1.726059473471133	1.726059473471133
0.68825	1.7246917286117809	1.7246917286117809	1.7246917286117809	1.7246917286117809
0.6885	1.7233288107900193	1.7233288107900193	1.7233288107900193	1.7233288107900193
0.68875	1.7219707013785888	1.7219707013785888	1.7219707013785888	1.7219707013785888
0.689	1.720617381850567	1.720617381850567	1.720617381850567	1.720617381850567
0.68925	1.7192688337840722	1.7192688337840722	1.7192688337840722	1.7192688337840722
0.6895	1.717925038862053	1.717925038862053	1.717925038862053	1.717925038862053
0.68975	1.7165859788679894	1.7165859788679894	1.7165859788679894	1.7165859788679894
0.69	1.7152516356793401	1.7152516356793401	1.7152516356793401	1.7152516356793401
0.69025	1.713921991286098	1.713921991286098	1.713921991286098	1.713921991286098
0.6905	1.712597027768244	1.712597027768244	1.712597027768244	1.712597027768244
0.69075	1.7112767273129388	1.7112767273129388	1.7112767273129388	1.7112767273129388
0.691	1.7099610721972958	1.7099610721972958	1.7099610721972958	1.7099610721972958
0.69125	1.7086500447997528	1.7086500447997528	1.7086500447997528	1.7086500447997528
0.6915	1.7073436276025478	1.7073436276025478	1.7073436276025478	1.7073436276025478
0.69175	1.70604180317421	1.70604180317421	1.70604180317421	1.70604180317421
0.692	1.7047445541848192	1.7047445541848192	1.7047445541848192	1.7047445541848192
0.69225	1.703451863399586	1.703451863399586	1.703451863399586	1.703451863399586
0.6925	1.702163713675638	1.702163713675638	1.702163713675638	1.702163713675638
0.69275	1.7008800879706292	1.7008800879706292	1.7008800879706292	1.7008800879706292
0.693	1.699600969329277	1.699600969329277	1.699600969329277	1.699600969329277
0.69325	1.6983263408919838	1.6983263408919838	1.6983263408919838	1.6983263408919838
0.6935	1.697056185893821	1.697056185893821	1.697056185893821	1.697056185893821
0.69375	1.6957904876577816	1.6957904876577816	1.6957904876577816	1.6957904876577816
0.694	1.6945292296002386	1.6945292296002386	1.6945292296002386	1.6945292296002386
0.69425	1.6932723952272715	1.6932723952272715	1.6932723952272715	1.6932723952272715
0.6945	1.6920199681371826	1.6920199681371826	1.6920199681371826	1.6920199681371826
0.69475	1.6907719320185777	1.6907719320185777	1.6907719320185777	1.6907719320185777
0.695	1.6895282706462342	1.6895282706462342	1.6895282706462342	1.6895282706462342
0.69525	1.6882889678800985	1.6882889678800985	1.6882889678800985	1.6882889678800985
0.6955	1.6870540076790597	1.6870540076790597	1.6870540076790597	1.6870540076790597
0.69575	1.6858233740821544	1.6858233740821544	1.6858233740821544	1.6858233740821544
0.696	1.6845970512127213	1.6845970512127213	1.6845970512127213	1.6845970512127213
0.69625	1.6833750232851632	1.6833750232851632	1.6833750232851632	1.6833750232851632
0.6965	1.682157274601404	1.682157274601404	1.682157274601404	1.682157274601404
0.69675	1.6809437895451613	1.6809437895451613	1.6809437895451613	1.6809437895451613
0.697	1.679734552582203	1.679734552582203	1.679734552582203	1.679734552582203
0.69725	1.6785295482700815	1.6785295482700815	1.6785295482700815	1.6785295482700815
0.6975	1.677328761243495	1.677328761243495	1.677328761243495	1.677328761243495
0.69775	1.6761321762265888	1.6761321762265888	1.6761321762265888	1.6761321762265888
0.698	1.6749397780203676	1.6749397780203676	1.6749397780203676	1.6749397780203676
0.69825	1.673751551509007	1.673751551509007	1.673751551509007	1.673751551509007
0.6985	1.672567481666179	1.672567481666179	1.672567481666179	1.672567481666179
0.69875	1.6713875535340994	1.6713875535340994	1.6713875535340994	1.6713875535340994
0.699	1.6702117522467486	1.6702117522467486	1.6702117522467486	1.6702117522467486
0.69925	1.6690400630119209	1.6690400630119209	1.6690400630119209	1.6690400630119209
0.6995	1.6678724711171613	1.6678724711171613	1.6678724711171613	1.6678724711171613
0.69975	1.6667089619406408	1.6667089619406408	1.6667089619406408	1.6667089619406408
0.7	1.6655495209209996	1.6655495209209996	1.6655495209209996	1.6655495209209996
0.70025	1.6643941335881043	1.6643941335881043	1.6643941335881043	1.6643941335881043
0.7005	1.663242785547819	1.663242785547819	1.663242785547819	1.663242785547819
0.70075	1.662095462479838	1.662095462479838	1.662095462479838	1.662095462479838
0.701	1.6609521501459446	1.6609521501459446	1.6609521501459446	1.6609521501459446
0.70125	1.6598128343790164	1.6598128343790164	1.6598128343790164	1.6598128343790164
0.7015	1.6586775010914243	1.6586775010914243	1.6586775010914243	1.6586775010914243
0.70175	1.6575461362724337	1.6575461362724337	1.6575461362724337	1.6575461362724337
0.702	1.6564187259809746	1.6564187259809746	1.6564187259809746	1.6564187259809746
0.70225	1.6552952563560175	1.6552952563560175	1.6552952563560175	1.6552952563560175
0.7025	1.6541757136140598	1.6541757136140598	1.6541757136140598	1.6541757136140598
0.70275	1.6530600840324412	1.6530600840324412	1.6530600840324412	1.6530600840324412
0.703	1.651948353977493	1.651948353977493	1.651948353977493	1.651948353977493
0.70325	1.6508405098749874	1.6508405098749874	1.6508405098749874	1.6508405098749874
0.7035	1.6497365382338207	1.6497365382338207	1.6497365382338207	1.6497365382338207
0.70375	1.6486364256310324	1.6486364256310324	1.6486364256310324	1.6486364256310324
0.704	1.6475401587133638	1.6475401587133638	1.6475401587133638	1.6475401587133638
0.70425	1.6464477242025832	1.6464477242025832	1.6464477242025832	1.6464477242025832
0.7045	1.6453591088889208	1.6453591088889208	1.6453591088889208	1.6453591088889208
0.70475	1.6442742996363862	1.6442742996363862	1.6442742996363862	1.6442742996363862
0.705	1.643193283368284	1.643193283368284	1.643193283368284	1.643193283368284
0.70525	1.642116047097159	1.642116047097159	1.642116047097159	1.642116047097159
0.7055	1.6410425778899413	1.6410425778899413	1.6410425778899413	1.6410425778899413
0.70575	1.63997286288273	1.63997286288273	1.63997286288273	1.63997286288273
0.706	1.6389068892859948	1.6389068892859948	1.6389068892859948	1.6389068892859948
0.70625	1.6378446443779995	1.6378446443779995	1.6378446443779995	1.6378446443779995
0.7065	1.6367861155012016	1.6367861155012016	1.6367861155012016	1.6367861155012016
0.70675	1.635731290067542	1.635731290067542	1.635731290067542	1.635731290067542
0.707	1.6346801555542854	1.6346801555542854	1.6346801555542854	1.6346801555542854
0.70725	1.633632699508884	1.633632699508884	1.633632699508884	1.633632699508884
0.7075	1.6325889095413326	1.6325889095413326	1.6325889095413326	1.6325889095413326
0.70775	1.631548773327017	1.631548773327017	1.631548773327017	1.631548773327017
0.708	1.6305122786126964	1.6305122786126964	1.6305122786126964	1.6305122786126964
0.70825	1.629479413202748	1.629479413202748	1.629479413202748	1.629479413202748
0.7085	1.628450164972592	1.628450164972592	1.628450164972592	1.628450164972592
0.70875	1.6274245218573895	1.6274245218573895	1.6274245218573895	1.6274245218573895
0.709	1.6264024718564207	1.6264024718564207	1.6264024718564207	1.6264024718564207
0.70925	1.625384003037104	1.625384003037104	1.625384003037104	1.625384003037104
0.7095	1.624369103526645	1.624369103526645	1.624369103526645	1.624369103526645
0.70975	1.6233577615148702	1.6233577615148702	1.6233577615148702	1.6233577615148702
0.71	1.6223499652581668	1.6223499652581668	1.6223499652581668	1.6223499652581668
0.71025	1.621345703068692	1.621345703068692	1.621345703068692	1.621345703068692
0.7105	1.6203449633248836	1.6203449633248836	1.6203449633248836	1.6203449633248836
0.71075	1.6193477344674727	1.6193477344674727	1.6193477344674727	1.6193477344674727
0.711	1.6183540049974328	1.6183540049974328	1.6183540049974328	1.6183540049974328
0.71125	1.6173637634740259	1.6173637634740259	1.6173637634740259	1.6173637634740259
0.7115	1.6163769985188972	1.6163769985188972	1.6163769985188972	1.6163769985188972
0.71175	1.615393698817283	1.615393698817283	1.615393698817283	1.615393698817283
0.712	1.614413853109233	1.614413853109233	1.614413853109233	1.614413853109233
0.71225	1.6134374501944193	1.6134374501944193	1.6134374501944193	1.6134374501944193
0.7125	1.6124644789358118	1.6124644789358118	1.6124644789358118	1.6124644789358118
0.71275	1.6114949282569286	1.6114949282569286	1.6114949282569286	1.6114949282569286
0.713	1.6105287871295726	1.6105287871295726	1.6105287871295726	1.6105287871295726
0.71325	1.6095660445908577	1.6095660445908577	1.6095660445908577	1.6095660445908577
0.7135	1.6086066897417217	1.6086066897417217	1.6086066897417217	1.6086066897417217
0.71375	1.6076507117312344	1.6076507117312344	1.6076507117312344	1.6076507117312344
0.714	1.606698099766032	1.606698099766032	1.606698099766032	1.606698099766032
0.71425	1.6057488431146736	1.6057488431146736	1.6057488431146736	1.6057488431146736
0.7145	1.604802931101098	1.604802931101098	1.604802931101098	1.604802931101098
0.71475	1.6038603531054678	1.6038603531054678	1.6038603531054678	1.6038603531054678
0.715	1.6029210985657045	1.6029210985657045	1.6029210985657045	1.6029210985657045
0.71525	1.6019851569677908	1.6019851569677908	1.6019851569677908	1.6019851569677908
0.7155	1.601052517863872	1.601052517863872	1.601052517863872	1.601052517863872
0.71575	1.6001231708555306	1.6001231708555306	1.6001231708555306	1.6001231708555306
0.716	1.5991971055996286	1.5991971055996286	1.5991971055996286	1.5991971055996286
0.71625	1.5982743118075933	1.5982743118075933	1.5982743118075933	1.5982743118075933
0.7165	1.5973547792455687	1.5973547792455687	1.5973547792455687	1.5973547792455687
0.71675	1.5964384977399053	1.5964384977399053	1.5964384977399053	1.5964384977399053
0.717	1.5955254571573865	1.5955254571573865	1.5955254571573865	1.5955254571573865
0.71725	1.5946156474277797	1.5946156474277797	1.5946156474277797	1.5946156474277797
0.7175	1.5937090585350722	1.5937090585350722	1.5937090585350722	1.5937090585350722
0.71775	1.592805680511754	1.592805680511754	1.592805680511754	1.592805680511754
0.718	1.5919055034415361	1.5919055034415361	1.5919055034415361	1.5919055034415361
0.71825	1.5910085174686615	1.5910085174686615	1.5910085174686615	1.5910085174686615
0.7185	1.5901147127815118	1.5901147127815118	1.5901147127815118	1.5901147127815118
0.71875	1.5892240796214427	1.5892240796214427	1.5892240796214427	1.5892240796214427
0.719	1.588336608288225	1.588336608288225	1.588336608288225	1.588336608288225
0.71925	1.5874522891203673	1.5874522891203673	1.5874522891203673	1.5874522891203673
0.7195	1.5865711125226236	1.5865711125226236	1.5865711125226236	1.5865711125226236
0.71975	1.585693068938881	1.585693068938881	1.585693068938881	1.585693068938881
0.72	1.5848181488661663	1.5848181488661663	1.5848181488661663	1.5848181488661663
0.72025	1.5839463428546374	1.5839463428546374	1.5839463428546374	1.5839463428546374
0.7205	1.5830776415072785	1.5830776415072785	1.5830776415072785	1.5830776415072785
0.72075	1.582212035462957	1.582212035462957	1.582212035462957	1.582212035462957
0.721	1.5813495154262236	1.5813495154262236	1.5813495154262236	1.5813495154262236
0.72125	1.5804900721456066	1.5804900721456066	1.5804900721456066	1.5804900721456066
0.7215	1.5796336964091915	1.5796336964091915	1.5796336964091915	1.5796336964091915
0.72175	1.5787803790694723	1.5787803790694723	1.5787803790694723	1.5787803790694723
0.722	1.577930111018786	1.577930111018786	1.577930111018786	1.577930111018786
0.72225	1.5770828831961738	1.5770828831961738	1.5770828831961738	1.5770828831961738
0.7225	1.5762386865905158	1.5762386865905158	1.5762386865905158	1.5762386865905158
0.72275	1.5753975122433554	1.5753975122433554	1.5753975122433554	1.5753975122433554
0.723	1.57455935123806	1.57455935123806	1.57455935123806	1.57455935123806
0.72325	1.5737241947043872	1.5737241947043872	1.5737241947043872	1.5737241947043872
0.7235	1.5728920338242365	1.5728920338242365	1.5728920338242365	1.5728920338242365
0.72375	1.572062859822817	1.572062859822817	1.572062859822817	1.572062859822817
0.724	1.5712366639736524	1.5712366639736524	1.5712366639736524	1.5712366639736524
0.72425	1.5704134375956023	1.5704134375956023	1.5704134375956023	1.5704134375956023
0.7245	1.5695931720552299	1.5695931720552299	1.5695931720552299	1.5695931720552299
0.72475	1.5687758587610185	1.5687758587610185	1.5687758587610185	1.5687758587610185
0.725	1.5679614891713571	1.5679614891713571	1.5679614891713571	1.5679614891713571
0.72525	1.567150054790816	1.567150054790816	1.567150054790816	1.567150054790816
0.7255	1.5663415471609476	1.5663415471609476	1.5663415471609476	1.5663415471609476
0.72575	1.565535957881022	1.565535957881022	1.565535957881022	1.565535957881022
0.726	1.5647332785872563	1.5647332785872563	1.5647332785872563	1.5647332785872563
0.72625	1.5639335009573498	1.5639335009573498	1.5639335009573498	1.5639335009573498
0.7265	1.5631366167217606	1.5631366167217606	1.5631366167217606	1.5631366167217606
0.72675	1.5623426176520196	1.5623426176520196	1.5623426176520196	1.5623426176520196
0.727	1.561551495557909	1.561551495557909	1.561551495557909	1.561551495557909
0.72725	1.5607632423019655	1.5607632423019655	1.5607632423019655	1.5607632423019655
0.7275	1.559977849785148	1.559977849785148	1.559977849785148	1.559977849785148
0.72775	1.5591953099526277	1.5591953099526277	1.5591953099526277	1.5591953099526277
0.728	1.5584156147913366	1.5584156147913366	1.5584156147913366	1.5584156147913366
0.72825	1.5576387563318603	1.5576387563318603	1.5576387563318603	1.5576387563318603
0.7285	1.5568647266518851	1.5568647266518851	1.5568647266518851	1.5568647266518851
0.72875	1.556093517862796	1.556093517862796	1.556093517862796	1.556093517862796
0.729	1.5553251221293365	1.5553251221293365	1.5553251221293365	1.5553251221293365
0.72925	1.5545595316468412	1.5545595316468412	1.5545595316468412	1.5545595316468412
0.7295	1.5537967386575693	1.5537967386575693	1.5537967386575693	1.5537967386575693
0.72975	1.5530367354516512	1.5530367354516512	1.5530367354516512	1.5530367354516512
0.73	1.5522795143498125	1.5522795143498125	1.5522795143498125	1.5522795143498125
0.73025	1.551525067723228	1.551525067723228	1.551525067723228	1.551525067723228
0.7305	1.5507733879757215	1.5507733879757215	1.5507733879757215	1.5507733879757215
0.73075	1.550024467561019	1.550024467561019	1.550024467561019	1.550024467561019
0.731	1.5492782989655345	1.5492782989655345	1.5492782989655345	1.5492782989655345
0.73125	1.5485348747212135	1.5485348747212135	1.5485348747212135	1.5485348747212135
0.7315	1.5477941874023846	1.5477941874023846	1.5477941874023846	1.5477941874023846
0.73175	1.5470562296109067	1.5470562296109067	1.5470562296109067	1.5470562296109067
0.732	1.5463209940098	1.5463209940098	1.5463209940098	1.5463209940098
0.73225	1.545588473283105	1.545588473283105	1.545588473283105	1.545588473283105
0.7325	1.5448586601598733	1.5448586601598733	1.5448586601598733	1.5448586601598733
0.73275	1.5441315474167476	1.5441315474167476	1.5441315474167476	1.5441315474167476
0.733	1.5434071278578145	1.5434071278578145	1.5434071278578145	1.5434071278578145
0.73325	1.5426853943344276	1.5426853943344276	1.5426853943344276	1.5426853943344276
0.7335	1.541966339729977	1.541966339729977	1.541966339729977	1.541966339729977
0.73375	1.5412499569744296	1.5412499569744296	1.5412499569744296	1.5412499569744296
0.734	1.5405362390330979	1.5405362390330979	1.5405362390330979	1.5405362390330979
0.73425	1.5398251789061816	1.5398251789061816	1.5398251789061816	1.5398251789061816
0.7345	1.5391167696368635	1.5391167696368635	1.5391167696368635	1.5391167696368635
0.73475	1.5384110043041752	1.5384110043041752	1.5384110043041752	1.5384110043041752
0.735	1.5377078760237135	1.5377078760237135	1.5377078760237135	1.5377078760237135
0.73525	1.5370073779556088	1.5370073779556088	1.5370073779556088	1.5370073779556088
0.7355	1.5363095032874534	1.5363095032874534	1.5363095032874534	1.5363095032874534
0.73575	1.535614245251267	1.535614245251267	1.535614245251267	1.535614245251267
0.736	1.5349215971150432	1.5349215971150432	1.5349215971150432	1.5349215971150432
0.73625	1.534231552180864	1.534231552180864	1.534231552180864	1.534231552180864
0.7365	1.5335441037941913	1.5335441037941913	1.5335441037941913	1.5335441037941913
0.73675	1.5328592453264405	1.5328592453264405	1.5328592453264405	1.5328592453264405
0.737	1.532176970199447	1.532176970199447	1.532176970199447	1.532176970199447
0.73725	1.531497271862504	1.531497271862504	1.531497271862504	1.531497271862504
0.7375	1.53082014379827	1.53082014379827	1.53082014379827	1.53082014379827
0.73775	1.5301455795340797	1.5301455795340797	1.5301455795340797	1.5301455795340797
0.738	1.5294735726321322	1.5294735726321322	1.5294735726321322	1.5294735726321322
0.73825	1.5288041166846058	1.5288041166846058	1.5288041166846058	1.5288041166846058
0.7385	1.5281372053193587	1.5281372053193587	1.5281372053193587	1.5281372053193587
0.73875	1.5274728322072937	1.5274728322072937	1.5274728322072937	1.5274728322072937
0.739	1.5268109910517038	1.5268109910517038	1.5268109910517038	1.5268109910517038
0.73925	1.5261516755844775	1.5261516755844775	1.5261516755844775	1.5261516755844775
0.7395	1.5254948795816838	1.5254948795816838	1.5254948795816838	1.5254948795816838
0.73975	1.5248405968503935	1.5248405968503935	1.5248405968503935	1.5248405968503935
0.74	1.5241888212297585	1.5241888212297585	1.5241888212297585	1.5241888212297585
0.74025	1.5235395465974584	1.5235395465974584	1.5235395465974584	1.5235395465974584
0.7405	1.5228927668665193	1.5228927668665193	1.5228927668665193	1.5228927668665193
0.74075	1.522248475981723	1.522248475981723	1.522248475981723	1.522248475981723
0.741	1.5216066679208589	1.5216066679208589	1.5216066679208589	1.5216066679208589
0.74125	1.5209673366997374	1.5209673366997374	1.5209673366997374	1.5209673366997374
0.7415	1.5203304763627055	1.5203304763627055	1.5203304763627055	1.5203304763627055
0.74175	1.519696080993831	1.519696080993831	1.519696080993831	1.519696080993831
0.742	1.5190641447109343	1.5190641447109343	1.5190641447109343	1.5190641447109343
0.74225	1.518434661654996	1.518434661654996	1.518434661654996	1.518434661654996
0.7425	1.517807626015937	1.517807626015937	1.517807626015937	1.517807626015937
0.74275	1.5171830320036495	1.5171830320036495	1.5171830320036495	1.5171830320036495
0.743	1.516560873869904	1.516560873869904	1.516560873869904	1.516560873869904
0.74325	1.5159411458953167	1.5159411458953167	1.5159411458953167	1.5159411458953167
0.7435	1.515323842389386	1.515323842389386	1.515323842389386	1.515323842389386
0.74375	1.5147089577084047	1.5147089577084047	1.5147089577084047	1.5147089577084047
0.744	1.514096486223035	1.514096486223035	1.514096486223035	1.514096486223035
0.74425	1.513486422351886	1.513486422351886	1.513486422351886	1.513486422351886
0.7445	1.5128787605340055	1.5128787605340055	1.5128787605340055	1.5128787605340055
0.74475	1.5122734952493757	1.5122734952493757	1.5122734952493757	1.5122734952493757
0.745	1.5116706210102249	1.5116706210102249	1.5116706210102249	1.5116706210102249
0.74525	1.5110701323462115	1.5110701323462115	1.5110701323462115	1.5110701323462115
0.7455	1.5104720238403788	1.5104720238403788	1.5104720238403788	1.5104720238403788
0.74575	1.509876290093009	1.509876290093009	1.509876290093009	1.509876290093009
0.746	1.5092829257409128	1.5092829257409128	1.5092829257409128	1.5092829257409128
0.74625	1.508691925451116	1.508691925451116	1.508691925451116	1.508691925451116
0.7465	1.5081032839221018	1.5081032839221018	1.5081032839221018	1.5081032839221018
0.74675	1.5075169958834274	1.5075169958834274	1.5075169958834274	1.5075169958834274
0.747	1.506933056098167	1.506933056098167	1.506933056098167	1.506933056098167
0.74725	1.5063514593588736	1.5063514593588736	1.5063514593588736	1.5063514593588736
0.7475	1.5057722004827936	1.5057722004827936	1.5057722004827936	1.5057722004827936
0.74775	1.505195274331129	1.505195274331129	1.505195274331129	1.505195274331129
0.748	1.50462067578615	1.50462067578615	1.50462067578615	1.50462067578615
0.74825	1.5040483997618221	1.5040483997618221	1.5040483997618221	1.5040483997618221
0.7485	1.503478441202805	1.503478441202805	1.503478441202805	1.503478441202805
0.74875	1.5029107950883664	1.5029107950883664	1.5029107950883664	1.5029107950883664
0.749	1.502345456424346	1.502345456424346	1.502345456424346	1.502345456424346
0.74925	1.5017824202431072	1.5017824202431072	1.5017824202431072	1.5017824202431072
0.7495	1.5012216816147161	1.5012216816147161	1.5012216816147161	1.5012216816147161
0.74975	1.500663235634568	1.500663235634568	1.500663235634568	1.500663235634568
0.75	1.500107077427437	1.500107077427437	1.500107077427437	1.500107077427437
0.75025	1.4995532021516194	1.4995532021516194	1.4995532021516194	1.4995532021516194
0.7505	1.4990016049881667	1.4990016049881667	1.4990016049881667	1.4990016049881667
0.75075	1.498452281157369	1.498452281157369	1.498452281157369	1.498452281157369
0.751	1.4979052258989956	1.4979052258989956	1.4979052258989956	1.4979052258989956
0.75125	1.497360434489004	1.497360434489004	1.497360434489004	1.497360434489004
0.7515	1.4968179022300998	1.4968179022300998	1.4968179022300998	1.4968179022300998
0.75175	1.4962776244504314	1.4962776244504314	1.4962776244504314	1.4962776244504314
0.752	1.4957395965146272	1.4957395965146272	1.4957395965146272	1.4957395965146272
0.75225	1.4952038138119308	1.4952038138119308	1.4952038138119308	1.4952038138119308
0.7525	1.494670271760574	1.494670271760574	1.494670271760574	1.494670271760574
0.75275	1.4941389658052815	1.4941389658052815	1.4941389658052815	1.4941389658052815
0.753	1.493609891423532	1.493609891423532	1.493609891423532	1.493609891423532
0.75325	1.4930830441223766	1.4930830441223766	1.4930830441223766	1.4930830441223766
0.7535	1.4925584194270465	1.4925584194270465	1.4925584194270465	1.4925584194270465
0.75375	1.4920360129031927	1.4920360129031927	1.4920360129031927	1.4920360129031927
0.754	1.4915158201434797	1.4915158201434797	1.4915158201434797	1.4915158201434797
0.75425	1.490997836756839	1.490997836756839	1.490997836756839	1.490997836756839
0.7545	1.4904820583957954	1.4904820583957954	1.4904820583957954	1.4904820583957954
0.75475	1.4899684807293194	1.4899684807293194	1.4899684807293194	1.4899684807293194
0.755	1.4894570994568452	1.4894570994568452	1.4894570994568452	1.4894570994568452
0.75525	1.4889479103145464	1.4889479103145464	1.4889479103145464	1.4889479103145464
0.7555	1.4884409090510289	1.4884409090510289	1.4884409090510289	1.4884409090510289
0.75575	1.4879360914535031	1.4879360914535031	1.4879360914535031	1.4879360914535031
0.756	1.4874334533359796	1.4874334533359796	1.4874334533359796	1.4874334533359796
0.75625	1.486932990531436	1.486932990531436	1.486932990531436	1.486932990531436
0.7565	1.4864346989097583	1.4864346989097583	1.4864346989097583	1.4864346989097583
0.75675	1.4859385743655271	1.4859385743655271	1.4859385743655271	1.4859385743655271
0.757	1.4854446128171839	1.4854446128171839	1.4854446128171839	1.4854446128171839
0.75725	1.4849528102133025	1.4849528102133025	1.4849528102133025	1.4849528102133025
0.7575	1.4844631625291878	1.4844631625291878	1.4844631625291878	1.4844631625291878
0.75775	1.4839756657640972	1.4839756657640972	1.4839756657640972	1.4839756657640972
0.758	1.483490315946098	1.483490315946098	1.483490315946098	1.483490315946098
0.75825	1.4830071091361339	1.4830071091361339	1.4830071091361339	1.4830071091361339
0.7585	1.4825260414101038	1.4825260414101038	1.4825260414101038	1.4825260414101038
0.75875	1.4820471088759817	1.4820471088759817	1.4820471088759817	1.4820471088759817
0.759	1.4815703076741356	1.4815703076741356	1.4815703076741356	1.4815703076741356
0.75925	1.4810956339628805	1.4810956339628805	1.4810956339628805	1.4810956339628805
0.7595	1.4806230839271273	1.4806230839271273	1.4806230839271273	1.4806230839271273
0.75975	1.4801526537831071	1.4801526537831071	1.4801526537831071	1.4801526537831071
0.76	1.4796843397720452	1.4796843397720452	1.4796843397720452	1.4796843397720452
0.76025	1.479218138158738	1.479218138158738	1.479218138158738	1.479218138158738
0.7605	1.4787540452368397	1.4787540452368397	1.4787540452368397	1.4787540452368397
0.76075	1.478292057323281	1.478292057323281	1.478292057323281	1.478292057323281
0.761	1.477832170762601	1.477832170762601	1.477832170762601	1.477832170762601
0.76125	1.4773743819232006	1.4773743819232006	1.4773743819232006	1.4773743819232006
0.7615	1.4769186872044393	1.4769186872044393	1.4769186872044393	1.4769186872044393
0.76175	1.4764650830251023	1.4764650830251023	1.4764650830251023	1.4764650830251023
0.762	1.4760135658333606	1.4760135658333606	1.4760135658333606	1.4760135658333606
0.76225	1.4755641321013782	1.4755641321013782	1.4755641321013782	1.4755641321013782
0.7625	1.475116778324622	1.475116778324622	1.475116778324622	1.475116778324622
0.76275	1.4746715010320222	1.4746715010320222	1.4746715010320222	1.4746715010320222
0.763	1.4742282967673082	1.4742282967673082	1.4742282967673082	1.4742282967673082
0.76325	1.4737871621077618	1.4737871621077618	1.4737871621077618	1.4737871621077618
0.7635	1.4733480936544336	1.4733480936544336	1.4733480936544336	1.4733480936544336
0.76375	1.47291108802514	1.47291108802514	1.47291108802514	1.47291108802514
0.764	1.4724761418742698	1.4724761418742698	1.4724761418742698	1.4724761418742698
0.76425	1.472043251876535	1.472043251876535	1.472043251876535	1.472043251876535
0.7645	1.4716124147292606	1.4716124147292606	1.4716124147292606	1.4716124147292606
0.76475	1.4711836271575662	1.4711836271575662	1.4711836271575662	1.4711836271575662
0.765	1.4707568859135607	1.4707568859135607	1.4707568859135607	1.4707568859135607
0.76525	1.4703321877675486	1.4703321877675486	1.4703321877675486	1.4703321877675486
0.7655	1.4699095295168867	1.4699095295168867	1.4699095295168867	1.4699095295168867
0.76575	1.469488907992455	1.469488907992455	1.469488907992455	1.469488907992455
0.766	1.4690703200334136	1.4690703200334136	1.4690703200334136	1.4690703200334136
0.76625	1.46865376251715	1.46865376251715	1.46865376251715	1.46865376251715
0.7665	1.4682392323418594	1.4682392323418594	1.4682392323418594	1.4682392323418594
0.76675	1.4678267264215679	1.4678267264215679	1.4678267264215679	1.4678267264215679
0.767	1.4674162417089176	1.4674162417089176	1.4674162417089176	1.4674162417089176
0.76725	1.4670077751751074	1.4670077751751074	1.4670077751751074	1.4670077751751074
0.7675	1.4666013238076006	1.4666013238076006	1.4666013238076006	1.4666013238076006
0.76775	1.4661968846294997	1.4661968846294997	1.4661968846294997	1.4661968846294997
0.768	1.4657944546825754	1.4657944546825754	1.4657944546825754	1.4657944546825754
0.76825	1.4653940310314457	1.4653940310314457	1.4653940310314457	1.4653940310314457
0.7685	1.4649956107723634	1.4649956107723634	1.4649956107723634	1.4649956107723634
0.76875	1.4645991910132439	1.4645991910132439	1.4645991910132439	1.4645991910132439
0.769	1.4642047688952278	1.4642047688952278	1.4642047688952278	1.4642047688952278
0.76925	1.463812341583956	1.463812341583956	1.463812341583956	1.463812341583956
0.7695	1.4634219062588156	1.4634219062588156	1.4634219062588156	1.4634219062588156
0.76975	1.463033460134843	1.463033460134843	1.463033460134843	1.463033460134843
0.77	1.4626470004466419	1.4626470004466419	1.4626470004466419	1.4626470004466419
0.77025	1.4622625244476741	1.4622625244476741	1.4622625244476741	1.4622625244476741
0.7705	1.4618800294217826	1.4618800294217826	1.4618800294217826	1.4618800294217826
0.77075	1.461499512674342	1.461499512674342	1.461499512674342	1.461499512674342
0.771	1.4611209715282512	1.4611209715282512	1.4611209715282512	1.4611209715282512
0.77125	1.4607444033413826	1.4607444033413826	1.4607444033413826	1.4607444033413826
0.7715	1.460369805485644	1.460369805485644	1.460369805485644	1.460369805485644
0.77175	1.4599971753577832	1.4599971753577832	1.4599971753577832	1.4599971753577832
0.772	1.4596265103834707	1.4596265103834707	1.4596265103834707	1.4596265103834707
0.77225	1.4592578080073548	1.4592578080073548	1.4592578080073548	1.4592578080073548
0.7725	1.4588910656930607	1.4588910656930607	1.4588910656930607	1.4588910656930607
0.77275	1.4585262809376782	1.4585262809376782	1.4585262809376782	1.4585262809376782
0.773	1.4581634512532085	1.4581634512532085	1.4581634512532085	1.4581634512532085
0.77325	1.4578025741778207	1.4578025741778207	1.4578025741778207	1.4578025741778207
0.7735	1.4574436472730923	1.4574436472730923	1.4574436472730923	1.4574436472730923
0.77375	1.4570866681192687	1.4570866681192687	1.4570866681192687	1.4570866681192687
0.774	1.4567316343304724	1.4567316343304724	1.4567316343304724	1.4567316343304724
0.77425	1.4563785435293224	1.4563785435293224	1.4563785435293224	1.4563785435293224
0.7745	1.4560273933744972	1.4560273933744972	1.4560273933744972	1.4560273933744972
0.77475	1.4556781815376258	1.4556781815376258	1.4556781815376258	1.4556781815376258
0.775	1.4553309057170372	1.4553309057170372	1.4553309057170372	1.4553309057170372
0.77525	1.45498556363946	1.45498556363946	1.45498556363946	1.45498556363946
0.7755	1.454642153044415	1.454642153044415	1.454642153044415	1.454642153044415
0.77575	1.454300671697832	1.454300671697832	1.454300671697832	1.454300671697832
0.776	1.453961117392579	1.453961117392579	1.453961117392579	1.453961117392579
0.77625	1.453623487938926	1.453623487938926	1.453623487938926	1.453623487938926
0.7765	1.4532877811735343	1.4532877811735343	1.4532877811735343	1.4532877811735343
0.77675	1.452953994952659	1.452953994952659	1.452953994952659	1.452953994952659
0.777	1.4526221271552566	1.4526221271552566	1.4526221271552566	1.4526221271552566
0.77725	1.4522921756882163	1.4522921756882163	1.4522921756882163	1.4522921756882163
0.7775	1.451964138471133	1.451964138471133	1.451964138471133	1.451964138471133
0.77775	1.4516380134530815	1.4516380134530815	1.4516380134530815	1.4516380134530815
0.778	1.4513137986080193	1.4513137986080193	1.4513137986080193	1.4513137986080193
0.77825	1.4509914919246552	1.4509914919246552	1.4509914919246552	1.4509914919246552
0.7785	1.450671091417173	1.450671091417173	1.450671091417173	1.450671091417173
0.77875	1.450352595125015	1.450352595125015	1.450352595125015	1.450352595125015
0.779	1.4500360011073459	1.4500360011073459	1.4500360011073459	1.4500360011073459
0.77925	1.4497213074447637	1.4497213074447637	1.4497213074447637	1.4497213074447637
0.7795	1.449408512239304	1.449408512239304	1.449408512239304	1.449408512239304
0.77975	1.4490976136228444	1.4490976136228444	1.4490976136228444	1.4490976136228444
0.78	1.4487886097423246	1.4487886097423246	1.4487886097423246	1.4487886097423246
0.78025	1.4484814987613075	1.4484814987613075	1.4484814987613075	1.4484814987613075
0.7805	1.4481762788824535	1.4481762788824535	1.4481762788824535	1.4481762788824535
0.78075	1.4478729483138422	1.4478729483138422	1.4478729483138422	1.4478729483138422
0.781	1.4475715052964466	1.4475715052964466	1.4475715052964466	1.4475715052964466
0.78125	1.447271948088049	1.447271948088049	1.447271948088049	1.447271948088049
0.7815	1.446974274966547	1.446974274966547	1.446974274966547	1.446974274966547
0.78175	1.4466784842393932	1.4466784842393932	1.4466784842393932	1.4466784842393932
0.782	1.4463845742324706	1.4463845742324706	1.4463845742324706	1.4463845742324706
0.78225	1.4460925432916463	1.4460925432916463	1.4460925432916463	1.4460925432916463
0.7825	1.4458023897807744	1.4458023897807744	1.4458023897807744	1.4458023897807744
0.78275	1.4455141121004396	1.4455141121004396	1.4455141121004396	1.4455141121004396
0.783	1.4452277086586947	1.4452277086586947	1.4452277086586947	1.4452277086586947
0.78325	1.4449431778878108	1.4449431778878108	1.4449431778878108	1.4449431778878108
0.7835	1.444660518250412	1.444660518250412	1.444660518250412	1.444660518250412
0.78375	1.4443797282199795	1.4443797282199795	1.4443797282199795	1.4443797282199795
0.784	1.4441008063003156	1.4441008063003156	1.4441008063003156	1.4441008063003156
0.78425	1.443823751016257	1.443823751016257	1.443823751016257	1.443823751016257
0.7845	1.4435485609033498	1.4435485609033498	1.4435485609033498	1.4435485609033498
0.78475	1.443275234536835	1.443275234536835	1.443275234536835	1.443275234536835
0.785	1.4430037705001038	1.4430037705001038	1.4430037705001038	1.4430037705001038
0.78525	1.442734167400923	1.442734167400923	1.442734167400923	1.442734167400923
0.7855	1.4424664238778742	1.4424664238778742	1.4424664238778742	1.4424664238778742
0.78575	1.4422005385755456	1.4422005385755456	1.4422005385755456	1.4422005385755456
0.786	1.4419365101732662	1.4419365101732662	1.4419365101732662	1.4419365101732662
0.78625	1.4416743373679541	1.4416743373679541	1.4416743373679541	1.4416743373679541
0.7865	1.441414018875508	1.441414018875508	1.441414018875508	1.441414018875508
0.78675	1.4411555534363474	1.4411555534363474	1.4411555534363474	1.4411555534363474
0.787	1.44089893981427	1.44089893981427	1.44089893981427	1.44089893981427
0.78725	1.4406441767900668	1.4406441767900668	1.4406441767900668	1.4406441767900668
0.7875	1.4403912631711067	1.4403912631711067	1.4403912631711067	1.4403912631711067
0.78775	1.4401401977817374	1.4401401977817374	1.4401401977817374	1.4401401977817374
0.788	1.4398909794678283	1.4398909794678283	1.4398909794678283	1.4398909794678283
0.78825	1.4396436071047218	1.4396436071047218	1.4396436071047218	1.4396436071047218
0.7885	1.4393980795833434	1.4393980795833434	1.4393980795833434	1.4393980795833434
0.78875	1.439154395811014	1.439154395811014	1.439154395811014	1.439154395811014
0.789	1.4389125547277855	1.4389125547277855	1.4389125547277855	1.4389125547277855
0.78925	1.4386725552885835	1.4386725552885835	1.4386725552885835	1.4386725552885835
0.7895	1.438434396470893	1.438434396470893	1.438434396470893	1.438434396470893
0.78975	1.4381980772750869	1.4381980772750869	1.4381980772750869	1.4381980772750869
0.79	1.4379635967181172	1.4379635967181172	1.4379635967181172	1.4379635967181172
0.79025	1.4377309538485237	1.4377309538485237	1.4377309538485237	1.4377309538485237
0.7905	1.4375001477278706	1.4375001477278706	1.4375001477278706	1.4375001477278706
0.79075	1.4372711774397247	1.4372711774397247	1.4372711774397247	1.4372711774397247
0.791	1.4370440420938662	1.4370440420938662	1.4370440420938662	1.4370440420938662
0.79125	1.436818740818684	1.436818740818684	1.436818740818684	1.436818740818684
0.7915	1.4365952727655484	1.4365952727655484	1.4365952727655484	1.4365952727655484
0.79175	1.436373637104754	1.436373637104754	1.436373637104754	1.436373637104754
0.792	1.4361538330289487	1.4361538330289487	1.4361538330289487	1.4361538330289487
0.79225	1.4359358597557295	1.4359358597557295	1.4359358597557295	1.4359358597557295
0.7925	1.4357197165227615	1.4357197165227615	1.4357197165227615	1.4357197165227615
0.79275	1.4355054025829523	1.4355054025829523	1.4355054025829523	1.4355054025829523
0.793	1.4352929172211828	1.4352929172211828	1.4352929172211828	1.4352929172211828
0.79325	1.435082259737022	1.435082259737022	1.435082259737022	1.435082259737022
0.7935	1.4348734294509728	1.4348734294509728	1.4348734294509728	1.4348734294509728
0.79375	1.4346664257123152	1.4346664257123152	1.4346664257123152	1.4346664257123152
0.794	1.4344612478815724	1.4344612478815724	1.4344612478815724	1.4344612478815724
0.79425	1.43425789535109	1.43425789535109	1.43425789535109	1.43425789535109
0.7945	1.43405636752704	1.43405636752704	1.43405636752704	1.43405636752704
0.79475	1.4338566638425767	1.4338566638425767	1.4338566638425767	1.4338566638425767
0.795	1.4336587837482908	1.4336587837482908	1.4336587837482908	1.4336587837482908
0.79525	1.4334627267169928	1.4334627267169928	1.4334627267169928	1.4334627267169928
0.7955	1.4332684922469752	1.4332684922469752	1.4332684922469752	1.4332684922469752
0.79575	1.4330760798518967	1.4330760798518967	1.4330760798518967	1.4330760798518967
0.796	1.4328854890755915	1.4328854890755915	1.4328854890755915	1.4328854890755915
0.79625	1.4326967194734488	1.4326967194734488	1.4326967194734488	1.4326967194734488
0.7965	1.4325097706287784	1.4325097706287784	1.4325097706287784	1.4325097706287784
0.79675	1.4323246421464457	1.4323246421464457	1.4323246421464457	1.4323246421464457
0.797	1.4321413336533273	1.4321413336533273	1.4321413336533273	1.4321413336533273
0.79725	1.4319598447914024	1.4319598447914024	1.4319598447914024	1.4319598447914024
0.7975	1.4317801752326993	1.4317801752326993	1.4317801752326993	1.4317801752326993
0.79775	1.4316023246685765	1.4316023246685765	1.4316023246685765	1.4316023246685765
0.798	1.4314262928047365	1.4314262928047365	1.4314262928047365	1.4314262928047365
0.79825	1.431252079383898	1.431252079383898	1.431252079383898	1.431252079383898
0.7985	1.4310796841548148	1.4310796841548148	1.4310796841548148	1.4310796841548148
0.79875	1.4309091068958113	1.4309091068958113	1.4309091068958113	1.4309091068958113
0.799	1.43074034741057	1.43074034741057	1.43074034741057	1.43074034741057
0.79925	1.4305734055120651	1.4305734055120651	1.4305734055120651	1.4305734055120651
0.7995	1.4304082810486793	1.4304082810486793	1.4304082810486793	1.4304082810486793
0.79975	1.430244973882785	1.430244973882785	1.430244973882785	1.430244973882785
0.8	1.430083483895718	1.430083483895718	1.430083483895718	1.430083483895718
0.80025	1.4299238110051269	1.4299238110051269	1.4299238110051269	1.4299238110051269
0.8005	1.4297659551354525	1.4297659551354525	1.4297659551354525	1.4297659551354525
0.80075	1.4296099162342832	1.4296099162342832	1.4296099162342832	1.4296099162342832
0.801	1.4294556942813519	1.4294556942813519	1.4294556942813519	1.4294556942813519
0.80125	1.4293032892717217	1.4293032892717217	1.4293032892717217	1.4293032892717217
0.8015	1.4291527012187393	1.4291527012187393	1.4291527012187393	1.4291527012187393
0.80175	1.4290039301595083	1.4290039301595083	1.4290039301595083	1.4290039301595083
0.802	1.428856976164035	1.428856976164035	1.428856976164035	1.428856976164035
0.80225	1.42871183931285	1.42871183931285	1.42871183931285	1.42871183931285
0.8025	1.42856851970446	1.42856851970446	1.42856851970446	1.42856851970446
0.80275	1.4284270174716676	1.4284270174716676	1.4284270174716676	1.4284270174716676
0.803	1.4282873327631227	1.4282873327631227	1.4282873327631227	1.4282873327631227
0.80325	1.4281494657519629	1.4281494657519629	1.4281494657519629	1.4281494657519629
0.8035	1.4280134166263656	1.4280134166263656	1.4280134166263656	1.4280134166263656
0.80375	1.4278791856061714	1.4278791856061714	1.4278791856061714	1.4278791856061714
0.804	1.4277467729286322	1.4277467729286322	1.4277467729286322	1.4277467729286322
0.80425	1.4276161788511665	1.4276161788511665	1.4276161788511665	1.4276161788511665
0.8045	1.427487403659413	1.427487403659413	1.427487403659413	1.427487403659413
0.80475	1.4273604476564408	1.4273604476564408	1.4273604476564408	1.4273604476564408
0.805	1.427235311166318	1.427235311166318	1.427235311166318	1.427235311166318
0.80525	1.4271119945399573	1.4271119945399573	1.4271119945399573	1.4271119945399573
0.8055	1.4269904981518682	1.4269904981518682	1.4269904981518682	1.4269904981518682
0.80575	1.4268708223889204	1.4268708223889204	1.4268708223889204	1.4268708223889204
0.806	1.426752967671076	1.426752967671076	1.426752967671076	1.426752967671076
0.80625	1.4266369344363552	1.4266369344363552	1.4266369344363552	1.4266369344363552
0.8065	1.4265227231454831	1.4265227231454831	1.4265227231454831	1.4265227231454831
0.80675	1.426410334283026	1.426410334283026	1.426410334283026	1.426410334283026
0.807	1.4262997683515288	1.4262997683515288	1.4262997683515288	1.4262997683515288
0.80725	1.4261910258813748	1.4261910258813748	1.4261910258813748	1.4261910258813748
0.8075	1.4260841074229154	1.4260841074229154	1.4260841074229154	1.4260841074229154
0.80775	1.4259790135499253	1.4259790135499253	1.4259790135499253	1.4259790135499253
0.808	1.425875744856526	1.425875744856526	1.425875744856526	1.425875744856526
0.80825	1.4257743019648792	1.4257743019648792	1.4257743019648792	1.4257743019648792
0.8085	1.4256746855167068	1.4256746855167068	1.4256746855167068	1.4256746855167068
0.80875	1.4255768961714972	1.4255768961714972	1.4255768961714972	1.4255768961714972
0.809	1.4254809346214945	1.4254809346214945	1.4254809346214945	1.4254809346214945
0.80925	1.4253868015734572	1.4253868015734572	1.4253868015734572	1.4253868015734572
0.8095	1.425294497759791	1.425294497759791	1.425294497759791	1.425294497759791
0.80975	1.4252040239390666	1.4252040239390666	1.4252040239390666	1.4252040239390666
0.81	1.4251153808872439	1.4251153808872439	1.4251153808872439	1.4251153808872439
0.81025	1.425028569407061	1.425028569407061	1.425028569407061	1.425028569407061
0.8105	1.4249435903240424	1.4249435903240424	1.4249435903240424	1.4249435903240424
0.81075	1.4248604444825488	1.4248604444825488	1.4248604444825488	1.4248604444825488
0.811	1.4247791327576742	1.4247791327576742	1.4247791327576742	1.4247791327576742
0.81125	1.4246996560388785	1.4246996560388785	1.4246996560388785	1.4246996560388785
0.8115	1.4246220152465086	1.4246220152465086	1.4246220152465086	1.4246220152465086
0.81175	1.4245462113219935	1.4245462113219935	1.4245462113219935	1.4245462113219935
0.812	1.424472245223552	1.424472245223552	1.424472245223552	1.424472245223552
0.81225	1.4244001179443637	1.4244001179443637	1.4244001179443637	1.4244001179443637
0.8125	1.4243298304909089	1.4243298304909089	1.4243298304909089	1.4243298304909089
0.81275	1.4242613838979448	1.4242613838979448	1.4242613838979448	1.4242613838979448
0.813	1.4241947792243033	1.4241947792243033	1.4241947792243033	1.4241947792243033
0.81325	1.424130017546512	1.424130017546512	1.424130017546512	1.424130017546512
0.8135	1.4240670999729945	1.4240670999729945	1.4240670999729945	1.4240670999729945
0.81375	1.4240060276338808	1.4240060276338808	1.4240060276338808	1.4240060276338808
0.814	1.423946801673838	1.423946801673838	1.423946801673838	1.423946801673838
0.81425	1.4238894232735078	1.4238894232735078	1.4238894232735078	1.4238894232735078
0.8145	1.4238338936288575	1.4238338936288575	1.4238338936288575	1.4238338936288575
0.81475	1.4237802139647626	1.4237802139647626	1.4237802139647626	1.4237802139647626
0.815	1.4237283855301492	1.4237283855301492	1.4237283855301492	1.4237283855301492
0.81525	1.4236784095918675	1.4236784095918675	1.4236784095918675	1.4236784095918675
0.8155	1.423630287446539	1.423630287446539	1.423630287446539	1.423630287446539
0.81575	1.4235840204125831	1.4235840204125831	1.4235840204125831	1.4235840204125831
0.816	1.4235396098318303	1.4235396098318303	1.4235396098318303	1.4235396098318303
0.81625	1.423497057073867	1.423497057073867	1.423497057073867	1.423497057073867
0.8165	1.4234563635289486	1.4234563635289486	1.4234563635289486	1.4234563635289486
0.81675	1.423417530612961	1.423417530612961	1.423417530612961	1.423417530612961
0.817	1.423380559764419	1.423380559764419	1.423380559764419	1.423380559764419
0.81725	1.4233454524488123	1.4233454524488123	1.4233454524488123	1.4233454524488123
0.8175	1.4233122101539861	1.4233122101539861	1.4233122101539861	1.4233122101539861
0.81775	1.423280834393872	1.423280834393872	1.423280834393872	1.423280834393872
0.818	1.4232513267061069	1.4232513267061069	1.4232513267061069	1.4232513267061069
0.81825	1.4232236886543785	1.4232236886543785	1.4232236886543785	1.4232236886543785
0.8185	1.423197921823658	1.423197921823658	1.423197921823658	1.423197921823658
0.81875	1.4231740278265472	1.4231740278265472	1.4231740278265472	1.4231740278265472
0.819	1.423152008301055	1.423152008301055	1.423152008301055	1.423152008301055
0.81925	1.4231318649063311	1.4231318649063311	1.4231318649063311	1.4231318649063311
0.8195	1.423113599330054	1.423113599330054	1.423113599330054	1.423113599330054
0.81975	1.4230972132870896	1.4230972132870896	1.4230972132870896	1.4230972132870896
0.82	1.4230827085083477	1.4230827085083477	1.4230827085083477	1.4230827085083477
0.82025	1.4230700867589787	1.4230700867589787	1.4230700867589787	1.4230700867589787
0.8205	1.4230593498265356	1.4230593498265356	1.4230593498265356	1.4230593498265356
0.82075	1.4230504995211737	1.4230504995211737	1.4230504995211737	1.4230504995211737
0.821	1.4230435376848156	1.4230435376848156	1.4230435376848156	1.4230435376848156
0.82125	1.423038466171818	1.423038466171818	1.423038466171818	1.423038466171818
0.8215	1.4230352868811278	1.4230352868811278	1.4230352868811278	1.4230352868811278
0.82175	1.4230340017226477	1.4230340017226477	1.4230340017226477	1.4230340017226477
0.822	1.4230346126316318	1.4230346126316318	1.4230346126316318	1.4230346126316318
0.82225	1.4230371215848863	1.4230371215848863	1.4230371215848863	1.4230371215848863
0.8225	1.4230415305627928	1.4230415305627928	1.4230415305627928	1.4230415305627928
0.82275	1.4230478415858117	1.4230478415858117	1.4230478415858117	1.4230478415858117
0.823	1.4230560567028891	1.4230560567028891	1.4230560567028891	1.4230560567028891
0.82325	1.4230661779741298	1.4230661779741298	1.4230661779741298	1.4230661779741298
0.8235	1.423078207500653	1.423078207500653	1.423078207500653	1.423078207500653
0.82375	1.4230921474052665	1.4230921474052665	1.4230921474052665	1.4230921474052665
0.824	1.4231079998322587	1.4231079998322587	1.4231079998322587	1.4231079998322587
0.82425	1.4231257669557613	1.4231257669557613	1.4231257669557613	1.4231257669557613
0.8245	1.4231454509796149	1.4231454509796149	1.4231454509796149	1.4231454509796149
0.82475	1.423167054127121	1.423167054127121	1.423167054127121	1.423167054127121
0.825	1.4231905786566814	1.4231905786566814	1.4231905786566814	1.4231905786566814
0.82525	1.4232160268440135	1.4232160268440135	1.4232160268440135	1.4232160268440135
0.8255	1.4232434009980173	1.4232434009980173	1.4232434009980173	1.4232434009980173
0.82575	1.423272703455763	1.423272703455763	1.423272703455763	1.423272703455763
0.826	1.4233039365709006	1.4233039365709006	1.4233039365709006	1.4233039365709006
0.82625	1.4233371027391122	1.4233371027391122	1.4233371027391122	1.4233371027391122
0.8265	1.4233722043722883	1.4233722043722883	1.4233722043722883	1.4233722043722883
0.82675	1.4234092439115182	1.4234092439115182	1.4234092439115182	1.4234092439115182
0.827	1.4234482238295065	1.4234482238295065	1.4234482238295065	1.4234482238295065
0.82725	1.4234891466175608	1.4234891466175608	1.4234891466175608	1.4234891466175608
0.8275	1.4235320148073192	1.4235320148073192	1.4235320148073192	1.4235320148073192
0.82775	1.4235768309481975	1.4235768309481975	1.4235768309481975	1.4235768309481975
0.828	1.4236235976161178	1.4236235976161178	1.4236235976161178	1.4236235976161178
0.82825	1.4236723174225085	1.4236723174225085	1.4236723174225085	1.4236723174225085
0.8285	1.4237229930010986	1.4237229930010986	1.4237229930010986	1.4237229930010986
0.82875	1.423775627017073	1.423775627017073	1.423775627017073	1.423775627017073
0.829	1.4238302221584127	1.4238302221584127	1.4238302221584127	1.4238302221584127
0.82925	1.423886781147825	1.423886781147825	1.423886781147825	1.423886781147825
0.8295	1.4239453067298458	1.4239453067298458	1.4239453067298458	1.4239453067298458
0.82975	1.424005801682002	1.424005801682002	1.424005801682002	1.424005801682002
0.83	1.4240682688092352	1.4240682688092352	1.4240682688092352	1.4240682688092352
0.83025	1.4241327109445945	1.4241327109445945	1.4241327109445945	1.4241327109445945
0.8305	1.424199130945117	1.424199130945117	1.424199130945117	1.424199130945117
0.83075	1.4242675317063893	1.4242675317063893	1.4242675317063893	1.4242675317063893
0.831	1.4243379161508105	1.4243379161508105	1.4243379161508105	1.4243379161508105
0.83125	1.424410287215036	1.424410287215036	1.424410287215036	1.424410287215036
0.8315	1.424484647883921	1.424484647883921	1.424484647883921	1.424484647883921
0.83175	1.424561001166262	1.424561001166262	1.424561001166262	1.424561001166262
0.832	1.4246393500909107	1.4246393500909107	1.4246393500909107	1.4246393500909107
0.83225	1.424719697726437	1.424719697726437	1.424719697726437	1.424719697726437
0.8325	1.4248020471654539	1.4248020471654539	1.4248020471654539	1.4248020471654539
0.83275	1.4248864015353442	1.4248864015353442	1.4248864015353442	1.4248864015353442
0.833	1.4249727639889853	1.4249727639889853	1.4249727639889853	1.4249727639889853
0.83325	1.4250611377057636	1.4250611377057636	1.4250611377057636	1.4250611377057636
0.8335	1.4251515259025764	1.4251515259025764	1.4251515259025764	1.4251515259025764
0.83375	1.4252439318274495	1.4252439318274495	1.4252439318274495	1.4252439318274495
0.834	1.4253383587457837	1.4253383587457837	1.4253383587457837	1.4253383587457837
0.83425	1.4254348099625138	1.4254348099625138	1.4254348099625138	1.4254348099625138
0.8345	1.425533288821702	1.425533288821702	1.425533288821702	1.425533288821702
0.83475	1.4256337986763887	1.4256337986763887	1.4256337986763887	1.4256337986763887
0.835	1.425736342930863	1.425736342930863	1.425736342930863	1.425736342930863
0.83525	1.4258409250061885	1.4258409250061885	1.4258409250061885	1.4258409250061885
0.8355	1.425947548362647	1.425947548362647	1.425947548362647	1.425947548362647
0.83575	1.426056216488877	1.426056216488877	1.426056216488877	1.426056216488877
0.836	1.4261669328986188	1.4261669328986188	1.4261669328986188	1.4261669328986188
0.83625	1.4262797011521355	1.4262797011521355	1.4262797011521355	1.4262797011521355
0.8365	1.4263945248252259	1.4263945248252259	1.4263945248252259	1.4263945248252259
0.83675	1.4265114075312657	1.4265114075312657	1.4265114075312657	1.4265114075312657
0.837	1.4266303529187334	1.4266303529187334	1.4266303529187334	1.4266303529187334
0.83725	1.4267513646620449	1.4267513646620449	1.4267513646620449	1.4267513646620449
0.8375	1.4268744464732117	1.4268744464732117	1.4268744464732117	1.4268744464732117
0.83775	1.4269996020900513	1.4269996020900513	1.4269996020900513	1.4269996020900513
0.838	1.4271268352876234	1.4271268352876234	1.4271268352876234	1.4271268352876234
0.83825	1.427256149871233	1.427256149871233	1.427256149871233	1.427256149871233
0.8385	1.4273875496775823	1.4273875496775823	1.4273875496775823	1.4273875496775823
0.83875	1.4275210385803028	1.4275210385803028	1.4275210385803028	1.4275210385803028
0.839	1.4276566204772683	1.4276566204772683	1.4276566204772683	1.4276566204772683
0.83925	1.4277942993103696	1.4277942993103696	1.4277942993103696	1.4277942993103696
0.8395	1.427934079048101	1.427934079048101	1.427934079048101	1.427934079048101
0.83975	1.4280759636903215	1.4280759636903215	1.4280759636903215	1.4280759636903215
0.84	1.4282199572699659	1.4282199572699659	1.4282199572699659	1.4282199572699659
0.84025	1.4283660638629296	1.4283660638629296	1.4283660638629296	1.4283660638629296
0.8405	1.4285142875684746	1.4285142875684746	1.4285142875684746	1.4285142875684746
0.84075	1.4286646325198882	1.4286646325198882	1.4286646325198882	1.4286646325198882
0.841	1.428817102894263	1.428817102894263	1.428817102894263	1.428817102894263
0.84125	1.428971702889993	1.428971702889993	1.428971702889993	1.428971702889993
0.8415	1.4291284367467028	1.4291284367467028	1.4291284367467028	1.4291284367467028
0.84175	1.4292873087393332	1.4292873087393332	1.4292873087393332	1.4292873087393332
0.842	1.4294483231721093	1.4294483231721093	1.4294483231721093	1.4294483231721093
0.84225	1.4296114843892225	1.4296114843892225	1.4296114843892225	1.4296114843892225
0.8425	1.4297767967659238	1.4297767967659238	1.4297767967659238	1.4297767967659238
0.84275	1.4299442647131577	1.4299442647131577	1.4299442647131577	1.4299442647131577
0.843	1.4301138926813162	1.4301138926813162	1.4301138926813162	1.4301138926813162
0.84325	1.430285685147796	1.430285685147796	1.430285685147796	1.430285685147796
0.8435	1.4304596466302968	1.4304596466302968	1.4304596466302968	1.4304596466302968
0.84375	1.4306357816840622	1.4306357816840622	1.4306357816840622	1.4306357816840622
0.844	1.4308140948979844	1.4308140948979844	1.4308140948979844	1.4308140948979844
0.84425	1.4309945908929687	1.4309945908929687	1.4309945908929687	1.4309945908929687
0.8445	1.4311772743352076	1.4311772743352076	1.4311772743352076	1.4311772743352076
0.84475	1.4313621499178193	1.4313621499178193	1.4313621499178193	1.4313621499178193
0.845	1.4315492223721415	1.4315492223721415	1.4315492223721415	1.4315492223721415
0.84525	1.431738496472443	1.431738496472443	1.431738496472443	1.431738496472443
0.8455	1.4319299770212857	1.4319299770212857	1.4319299770212857	1.4319299770212857
0.84575	1.4321236688684742	1.4321236688684742	1.4321236688684742	1.4321236688684742
0.846	1.4323195768898742	1.4323195768898742	1.4323195768898742	1.4323195768898742
0.84625	1.4325177060000673	1.4325177060000673	1.4325177060000673	1.4325177060000673
0.8465	1.432718061162954	1.432718061162954	1.432718061162954	1.432718061162954
0.84675	1.4329206473663103	1.4329206473663103	1.4329206473663103	1.4329206473663103
0.847	1.4331254696411155	1.4331254696411155	1.4331254696411155	1.4331254696411155
0.84725	1.433332533056772	1.433332533056772	1.433332533056772	1.433332533056772
0.8475	1.4335418427209567	1.4335418427209567	1.4335418427209567	1.4335418427209567
0.84775	1.4337534037791173	1.4337534037791173	1.4337534037791173	1.4337534037791173
0.848	1.4339672214137018	1.4339672214137018	1.4339672214137018	1.4339672214137018
0.84825	1.4341833008490528	1.4341833008490528	1.4341833008490528	1.4341833008490528
0.8485	1.4344016473440828	1.4344016473440828	1.4344016473440828	1.4344016473440828
0.84875	1.4346222662048986	1.4346222662048986	1.4346222662048986	1.4346222662048986
0.849	1.4348451627674748	1.4348451627674748	1.4348451627674748	1.4348451627674748
0.84925	1.4350703424081792	1.4350703424081792	1.4350703424081792	1.4350703424081792
0.8495	1.4352978105539667	1.4352978105539667	1.4352978105539667	1.4352978105539667
0.84975	1.43552757265905	1.43552757265905	1.43552757265905	1.43552757265905
0.85	1.4357596342251013	1.4357596342251013	1.4357596342251013	1.4357596342251013
0.85025	1.4359940007880199	1.4359940007880199	1.4359940007880199	1.4359940007880199
0.8505	1.4362306779306384	1.4362306779306384	1.4362306779306384	1.4362306779306384
0.85075	1.4364696712758211	1.4364696712758211	1.4364696712758211	1.4364696712758211
0.851	1.4367109864800656	1.4367109864800656	1.4367109864800656	1.4367109864800656
0.85125	1.4369546292490913	1.4369546292490913	1.4369546292490913	1.4369546292490913
0.8515	1.437200605327689	1.437200605327689	1.437200605327689	1.437200605327689
0.85175	1.4374489204993937	1.4374489204993937	1.4374489204993937	1.4374489204993937
0.852	1.4376995805931092	1.4376995805931092	1.4376995805931092	1.4376995805931092
0.85225	1.4379525914792723	1.4379525914792723	1.4379525914792723	1.4379525914792723
0.8525	1.4382079590653358	1.4382079590653358	1.4382079590653358	1.4382079590653358
0.85275	1.438465689311	1.438465689311	1.438465689311	1.438465689311
0.853	1.4387257882076785	1.4387257882076785	1.4387257882076785	1.4387257882076785
0.85325	1.438988261797286	1.438988261797286	1.438988261797286	1.438988261797286
0.8535	1.439253116164904	1.439253116164904	1.439253116164904	1.439253116164904
0.85375	1.4395203574282398	1.4395203574282398	1.4395203574282398	1.4395203574282398
0.854	1.439789991763637	1.439789991763637	1.439789991763637	1.439789991763637
0.85425	1.4400620253841512	1.4400620253841512	1.4400620253841512	1.4400620253841512
0.8545	1.4403364645408512	1.4403364645408512	1.4403364645408512	1.4403364645408512
0.85475	1.4406133155418932	1.4406133155418932	1.4406133155418932	1.4406133155418932
0.855	1.440892584728003	1.440892584728003	1.440892584728003	1.440892584728003
0.85525	1.441174278494173	1.441174278494173	1.441174278494173	1.441174278494173
0.8555	1.4414584032723832	1.4414584032723832	1.4414584032723832	1.4414584032723832
0.85575	1.4417449655390242	1.4417449655390242	1.4417449655390242	1.4417449655390242
0.856	1.4420339718298087	1.4420339718298087	1.4420339718298087	1.4420339718298087
0.85625	1.4423254287086291	1.4423254287086291	1.4423254287086291	1.4423254287086291
0.8565	1.4426193427939928	1.4426193427939928	1.4426193427939928	1.4426193427939928
0.85675	1.4429157207492578	1.4429157207492578	1.4429157207492578	1.4429157207492578
0.857	1.4432145692884017	1.4432145692884017	1.4432145692884017	1.4432145692884017
0.85725	1.443515895164919	1.443515895164919	1.443515895164919	1.443515895164919
0.8575	1.4438197051775834	1.4438197051775834	1.4438197051775834	1.4438197051775834
0.85775	1.4441260061837833	1.4441260061837833	1.4441260061837833	1.4441260061837833
0.858	1.4444348050791886	1.4444348050791886	1.4444348050791886	1.4444348050791886
0.85825	1.4447461088076925	1.4447461088076925	1.4447461088076925	1.4447461088076925
0.8585	1.4450599243641964	1.4450599243641964	1.4450599243641964	1.4450599243641964
0.85875	1.4453762587903736	1.4453762587903736	1.4453762587903736	1.4453762587903736
0.859	1.445695119177777	1.445695119177777	1.445695119177777	1.445695119177777
0.85925	1.4460165126638516	1.4460165126638516	1.4460165126638516	1.4460165126638516
0.8595	1.4463404464342517	1.4463404464342517	1.4463404464342517	1.4463404464342517
0.85975	1.446666927728612	1.446666927728612	1.446666927728612	1.446666927728612
0.86	1.4469959638336591	1.4469959638336591	1.4469959638336591	1.4469959638336591
0.86025	1.4473275620852704	1.4473275620852704	1.4473275620852704	1.4473275620852704
0.8605	1.4476617298698498	1.4476617298698498	1.4476617298698498	1.4476617298698498
0.86075	1.4479984746259815	1.4479984746259815	1.4479984746259815	1.4479984746259815
0.861	1.4483378038378512	1.4483378038378512	1.4483378038378512	1.4483378038378512
0.86125	1.4486797250486274	1.4486797250486274	1.4486797250486274	1.4486797250486274
0.8615	1.449024245844489	1.449024245844489	1.449024245844489	1.449024245844489
0.86175	1.4493713738675973	1.4493713738675973	1.4493713738675973	1.4493713738675973
0.862	1.4497211168131925	1.4497211168131925	1.4497211168131925	1.4497211168131925
0.86225	1.4500734824216257	1.4500734824216257	1.4500734824216257	1.4500734824216257
0.8625	1.4504284784982795	1.4504284784982795	1.4504284784982795	1.4504284784982795
0.86275	1.450786112887139	1.450786112887139	1.450786112887139	1.450786112887139
0.863	1.4511463934963191	1.4511463934963191	1.4511463934963191	1.4511463934963191
0.86325	1.4515093282790705	1.4515093282790705	1.4515093282790705	1.4515093282790705
0.8635	1.451874925246544	1.451874925246544	1.451874925246544	1.451874925246544
0.86375	1.452243192464524	1.452243192464524	1.452243192464524	1.452243192464524
0.864	1.4526141380506876	1.4526141380506876	1.4526141380506876	1.4526141380506876
0.86425	1.4529877701812048	1.4529877701812048	1.4529877701812048	1.4529877701812048
0.8645	1.4533640970799848	1.4533640970799848	1.4533640970799848	1.4533640970799848
0.86475	1.4537431270317587	1.4537431270317587	1.4537431270317587	1.4537431270317587
0.865	1.4541248683772665	1.4541248683772665	1.4541248683772665	1.4541248683772665
0.86525	1.4545093295118552	1.4545093295118552	1.4545093295118552	1.4545093295118552
0.8655	1.454896518883704	1.454896518883704	1.454896518883704	1.454896518883704
0.86575	1.455286445003094	1.455286445003094	1.455286445003094	1.455286445003094
0.866	1.455679116430835	1.455679116430835	1.455679116430835	1.455679116430835
0.86625	1.456074541792314	1.456074541792314	1.456074541792314	1.456074541792314
0.8665	1.4564727297688242	1.4564727297688242	1.4564727297688242	1.4564727297688242
0.86675	1.4568736890926788	1.4568736890926788	1.4568736890926788	1.4568736890926788
0.867	1.4572774285597911	1.4572774285597911	1.4572774285597911	1.4572774285597911
0.86725	1.457683957025557	1.457683957025557	1.457683957025557	1.457683957025557
0.8675	1.45809328340407	1.45809328340407	1.45809328340407	1.45809328340407
0.86775	1.45850541666599	1.45850541666599	1.45850541666599	1.45850541666599
0.868	1.4589203658443803	1.4589203658443803	1.4589203658443803	1.4589203658443803
0.86825	1.4593381400289707	1.4593381400289707	1.4593381400289707	1.4593381400289707
0.8685	1.4597587483754073	1.4597587483754073	1.4597587483754073	1.4597587483754073
0.86875	1.4601822000947182	1.4601822000947182	1.4601822000947182	1.4601822000947182
0.869	1.4606085044588477	1.4606085044588477	1.4606085044588477	1.4606085044588477
0.86925	1.4610376708104744	1.4610376708104744	1.4610376708104744	1.4610376708104744
0.8695	1.4614697085392379	1.4614697085392379	1.4614697085392379	1.4614697085392379
0.86975	1.461904627109925	1.461904627109925	1.461904627109925	1.461904627109925
0.87	1.4623424360432349	1.4623424360432349	1.4623424360432349	1.4623424360432349
0.87025	1.46278314492529	1.46278314492529	1.46278314492529	1.46278314492529
0.8705	1.4632267634033072	1.4632267634033072	1.4632267634033072	1.4632267634033072
0.87075	1.4636733011901533	1.4636733011901533	1.4636733011901533	1.4636733011901533
0.871	1.464122768067017	1.464122768067017	1.464122768067017	1.464122768067017
0.87125	1.464575173868554	1.464575173868554	1.464575173868554	1.464575173868554
0.8715	1.4650305285073753	1.4650305285073753	1.4650305285073753	1.4650305285073753
0.87175	1.4654888419520817	1.4654888419520817	1.4654888419520817	1.4654888419520817
0.872	1.4659501242377595	1.4659501242377595	1.4659501242377595	1.4659501242377595
0.87225	1.4664143854724845	1.4664143854724845	1.4664143854724845	1.4664143854724845
0.8725	1.466881635827949	1.466881635827949	1.466881635827949	1.466881635827949
0.87275	1.4673518855352305	1.4673518855352305	1.4673518855352305	1.4673518855352305
0.873	1.467825144906294	1.467825144906294	1.467825144906294	1.467825144906294
0.87325	1.468301424310606	1.468301424310606	1.468301424310606	1.468301424310606
0.8735	1.4687807341861752	1.4687807341861752	1.4687807341861752	1.4687807341861752
0.87375	1.4692630850499286	1.4692630850499286	1.4692630850499286	1.4692630850499286
0.874	1.4697484874770124	1.4697484874770124	1.4697484874770124	1.4697484874770124
0.87425	1.4702369521165162	1.4702369521165162	1.4702369521165162	1.4702369521165162
0.8745	1.4707284896860169	1.4707284896860169	1.4707284896860169	1.4707284896860169
0.87475	1.471223110978698	1.471223110978698	1.471223110978698	1.471223110978698
0.875	1.471720826850219	1.471720826850219	1.471720826850219	1.471720826850219
0.87525	1.4722216482372479	1.4722216482372479	1.4722216482372479	1.4722216482372479
0.8755	1.4727255861392825	1.4727255861392825	1.4727255861392825	1.4727255861392825
0.87575	1.4732326516356198	1.4732326516356198	1.4732326516356198	1.4732326516356198
0.876	1.473742855874297	1.473742855874297	1.473742855874297	1.473742855874297
0.87625	1.474256210074145	1.474256210074145	1.474256210074145	1.474256210074145
0.8765	1.4747727255370382	1.4747727255370382	1.4747727255370382	1.4747727255370382
0.87675	1.4752924136272478	1.4752924136272478	1.4752924136272478	1.4752924136272478
0.877	1.4758152857949833	1.4758152857949833	1.4758152857949833	1.4758152857949833
0.87725	1.476341353559372	1.476341353559372	1.476341353559372	1.476341353559372
0.8775	1.4768706285113058	1.4768706285113058	1.4768706285113058	1.4768706285113058
0.87775	1.4774031223265256	1.4774031223265256	1.4774031223265256	1.4774031223265256
0.878	1.4779388467579615	1.4779388467579615	1.4779388467579615	1.4779388467579615
0.87825	1.4784778136252845	1.4784778136252845	1.4784778136252845	1.4784778136252845
0.8785	1.4790200348343785	1.4790200348343785	1.4790200348343785	1.4790200348343785
0.87875	1.479565522367578	1.479565522367578	1.479565522367578	1.479565522367578
0.879	1.4801142882832887	1.4801142882832887	1.4801142882832887	1.4801142882832887
0.87925	1.4806663447254933	1.4806663447254933	1.4806663447254933	1.4806663447254933
0.8795	1.4812217039132012	1.4812217039132012	1.4812217039132012	1.4812217039132012
0.87975	1.4817803781451344	1.4817803781451344	1.4817803781451344	1.4817803781451344
0.88	1.4823423798003679	1.4823423798003679	1.4823423798003679	1.4823423798003679
0.88025	1.4829077213448867	1.4829077213448867	1.4829077213448867	1.4829077213448867
0.8805	1.4834764153215192	1.4834764153215192	1.4834764153215192	1.4834764153215192
0.88075	1.484048474356494	1.484048474356494	1.484048474356494	1.484048474356494
0.881	1.4846239111606105	1.4846239111606105	1.4846239111606105	1.4846239111606105
0.88125	1.4852027385284687	1.4852027385284687	1.4852027385284687	1.4852027385284687
0.8815	1.485784969336252	1.485784969336252	1.485784969336252	1.485784969336252
0.88175	1.486370616543131	1.486370616543131	1.486370616543131	1.486370616543131
0.882	1.4869596932015152	1.4869596932015152	1.4869596932015152	1.4869596932015152
0.88225	1.4875522124450637	1.4875522124450637	1.4875522124450637	1.4875522124450637
0.8825	1.4881481874928544	1.4881481874928544	1.4881481874928544	1.4881481874928544
0.88275	1.4887476316509864	1.4887476316509864	1.4887476316509864	1.4887476316509864
0.883	1.4893505583122755	1.4893505583122755	1.4893505583122755	1.4893505583122755
0.88325	1.4899569809647841	1.4899569809647841	1.4899569809647841	1.4899569809647841
0.8835	1.4905669131797008	1.4905669131797008	1.4905669131797008	1.4905669131797008
0.88375	1.4911803686141343	1.4911803686141343	1.4911803686141343	1.4911803686141343
0.884	1.491797361020107	1.491797361020107	1.491797361020107	1.491797361020107
0.88425	1.4924179042453782	1.4924179042453782	1.4924179042453782	1.4924179042453782
0.8845	1.4930420122190973	1.4930420122190973	1.4930420122190973	1.4930420122190973
0.88475	1.4936696989656213	1.4936696989656213	1.4936696989656213	1.4936696989656213
0.885	1.494300978607148	1.494300978607148	1.494300978607148	1.494300978607148
0.88525	1.4949358653509823	1.4949358653509823	1.4949358653509823	1.4949358653509823
0.8855	1.4955743735028013	1.4955743735028013	1.4955743735028013	1.4955743735028013
0.88575	1.4962165174642792	1.4962165174642792	1.4962165174642792	1.4962165174642792
0.886	1.4968623117319988	1.4968623117319988	1.4968623117319988	1.4968623117319988
0.88625	1.4975117708911463	1.4975117708911463	1.4975117708911463	1.4975117708911463
0.8865	1.4981649096320875	1.4981649096320875	1.4981649096320875	1.4981649096320875
0.88675	1.4988217427394954	1.4988217427394954	1.4988217427394954	1.4988217427394954
0.887	1.4994822850963831	1.4994822850963831	1.4994822850963831	1.4994822850963831
0.88725	1.5001465516815664	1.5001465516815664	1.5001465516815664	1.5001465516815664
0.8875	1.500814557575732	1.500814557575732	1.500814557575732	1.500814557575732
0.88775	1.5014863179614855	1.5014863179614855	1.5014863179614855	1.5014863179614855
0.888	1.5021618481147612	1.5021618481147612	1.5021618481147612	1.5021618481147612
0.88825	1.5028411634233612	1.5028411634233612	1.5028411634233612	1.5028411634233612
0.8885	1.5035242793696129	1.5035242793696129	1.5035242793696129	1.5035242793696129
0.88875	1.504211211539328	1.504211211539328	1.504211211539328	1.504211211539328
0.889	1.5049019756224917	1.5049019756224917	1.5049019756224917	1.5049019756224917
0.88925	1.505596587419877	1.505596587419877	1.505596587419877	1.505596587419877
0.8895	1.5062950628261629	1.5062950628261629	1.5062950628261629	1.5062950628261629
0.88975	1.5069974178454952	1.5069974178454952	1.5069974178454952	1.5069974178454952
0.89	1.507703668596354	1.507703668596354	1.507703668596354	1.507703668596354
0.89025	1.508413831297348	1.508413831297348	1.508413831297348	1.508413831297348
0.8905	1.5091279222747944	1.5091279222747944	1.5091279222747944	1.5091279222747944
0.89075	1.5098459579628292	1.5098459579628292	1.5098459579628292	1.5098459579628292
0.891	1.5105679549150608	1.5105679549150608	1.5105679549150608	1.5105679549150608
0.89125	1.51129392977907	1.51129392977907	1.51129392977907	1.51129392977907
0.8915	1.5120238993319575	1.5120238993319575	1.5120238993319575	1.5120238993319575
0.89175	1.5127578804515485	1.5127578804515485	1.5127578804515485	1.5127578804515485
0.892	1.5134958901240665	1.5134958901240665	1.5134958901240665	1.5134958901240665
0.89225	1.5142379454674288	1.5142379454674288	1.5142379454674288	1.5142379454674288
0.8925	1.5149840636986232	1.5149840636986232	1.5149840636986232	1.5149840636986232
0.89275	1.5157342621503815	1.5157342621503815	1.5157342621503815	1.5157342621503815
0.893	1.516488558280015	1.516488558280015	1.516488558280015	1.516488558280015
0.89325	1.5172469696600281	1.5172469696600281	1.5172469696600281	1.5172469696600281
0.8935	1.5180095139722494	1.5180095139722494	1.5180095139722494	1.5180095139722494
0.89375	1.518776209026561	1.518776209026561	1.518776209026561	1.518776209026561
0.894	1.519547072752837	1.519547072752837	1.519547072752837	1.519547072752837
0.89425	1.5203221231932607	1.5203221231932607	1.5203221231932607	1.5203221231932607
0.8945	1.521101378518049	1.521101378518049	1.521101378518049	1.521101378518049
0.89475	1.5218848570213221	1.5218848570213221	1.5218848570213221	1.5218848570213221
0.895	1.5226725771101826	1.5226725771101826	1.5226725771101826	1.5226725771101826
0.89525	1.5234645573322336	1.5234645573322336	1.5234645573322336	1.5234645573322336
0.8955	1.5242608163468852	1.5242608163468852	1.5242608163468852	1.5242608163468852
0.89575	1.5250613729396834	1.5250613729396834	1.5250613729396834	1.5250613729396834
0.896	1.5258662460348855	1.5258662460348855	1.5258662460348855	1.5258662460348855
0.89625	1.5266754546720875	1.5266754546720875	1.5266754546720875	1.5266754546720875
0.8965	1.527489018026907	1.527489018026907	1.527489018026907	1.527489018026907
0.89675	1.5283069554038733	1.5283069554038733	1.5283069554038733	1.5283069554038733
0.897	1.529129286235588	1.529129286235588	1.529129286235588	1.529129286235588
0.89725	1.5299560300865882	1.5299560300865882	1.5299560300865882	1.5299560300865882
0.8975	1.530787206659627	1.530787206659627	1.530787206659627	1.530787206659627
0.89775	1.531622835787314	1.531622835787314	1.531622835787314	1.531622835787314
0.898	1.532462937434501	1.532462937434501	1.532462937434501	1.532462937434501
0.89825	1.5333075317079101	1.5333075317079101	1.5333075317079101	1.5333075317079101
0.8985	1.534156638845355	1.534156638845355	1.534156638845355	1.534156638845355
0.89875	1.535010279228972	1.535010279228972	1.535010279228972	1.535010279228972
0.899	1.535868473375525	1.535868473375525	1.535868473375525	1.535868473375525
0.89925	1.5367312419441364	1.5367312419441364	1.5367312419441364	1.5367312419441364
0.8995	1.5375986057288846	1.5375986057288846	1.5375986057288846	1.5375986057288846
0.89975	1.5384705856710554	1.5384705856710554	1.5384705856710554	1.5384705856710554
0.9	1.539347202867072	1.539347202867072	1.539347202867072	1.539347202867072
0.90025	1.540228478533144	1.540228478533144	1.540228478533144	1.540228478533144
0.9005	1.5411144340449847	1.5411144340449847	1.5411144340449847	1.5411144340449847
0.90075	1.5420050909345608	1.5420050909345608	1.5420050909345608	1.5420050909345608
0.901	1.542900470862142	1.542900470862142	1.542900470862142	1.542900470862142
0.90125	1.543800595646542	1.543800595646542	1.543800595646542	1.543800595646542
0.9015	1.5447054872597674	1.5447054872597674	1.5447054872597674	1.5447054872597674
0.90175	1.545615167821193	1.545615167821193	1.545615167821193	1.545615167821193
0.902	1.546529659598508	1.546529659598508	1.546529659598508	1.546529659598508
0.90225	1.5474489850256816	1.5474489850256816	1.5474489850256816	1.5474489850256816
0.9025	1.548373166681445	1.548373166681445	1.548373166681445	1.548373166681445
0.90275	1.549302227293246	1.549302227293246	1.549302227293246	1.549302227293246
0.903	1.5502361897701677	1.5502361897701677	1.5502361897701677	1.5502361897701677
0.90325	1.5511750771607025	1.5511750771607025	1.5511750771607025	1.5511750771607025
0.9035	1.5521189126688624	1.5521189126688624	1.5521189126688624	1.5521189126688624
0.90375	1.5530677196842466	1.5530677196842466	1.5530677196842466	1.5530677196842466
0.904	1.5540215217326363	1.5540215217326363	1.5540215217326363	1.5540215217326363
0.90425	1.5549803425119013	1.5549803425119013	1.5549803425119013	1.5549803425119013
0.9045	1.5559442059028907	1.5559442059028907	1.5559442059028907	1.5559442059028907
0.90475	1.5569131359217734	1.5569131359217734	1.5569131359217734	1.5569131359217734
0.905	1.5578871567690786	1.5578871567690786	1.5578871567690786	1.5578871567690786
0.90525	1.5588662928225414	1.5588662928225414	1.5588662928225414	1.5588662928225414
0.9055	1.5598505686150146	1.5598505686150146	1.5598505686150146	1.5598505686150146
0.90575	1.5608400088548762	1.5608400088548762	1.5608400088548762	1.5608400088548762
0.906	1.5618346384277848	1.5618346384277848	1.5618346384277848	1.5618346384277848
0.90625	1.5628344823932399	1.5628344823932399	1.5628344823932399	1.5628344823932399
0.9065	1.5638395659812308	1.5638395659812308	1.5638395659812308	1.5638395659812308
0.90675	1.5648499146033528	1.5648499146033528	1.5648499146033528	1.5648499146033528
0.907	1.5658655538553052	1.5658655538553052	1.5658655538553052	1.5658655538553052
0.90725	1.5668865095007383	1.5668865095007383	1.5668865095007383	1.5668865095007383
0.9075	1.5679128074907636	1.5679128074907636	1.5679128074907636	1.5679128074907636
0.90775	1.5689444739635916	1.5689444739635916	1.5689444739635916	1.5689444739635916
0.908	1.5699815352375244	1.5699815352375244	1.5699815352375244	1.5699815352375244
0.90825	1.5710240178201083	1.5710240178201083	1.5710240178201083	1.5710240178201083
0.9085	1.5720719483981278	1.5720719483981278	1.5720719483981278	1.5720719483981278
0.90875	1.5731253538582557	1.5731253538582557	1.5731253538582557	1.5731253538582557
0.909	1.5741842612776649	1.5741842612776649	1.5741842612776649	1.5741842612776649
0.90925	1.5752486979150317	1.5752486979150317	1.5752486979150317	1.5752486979150317
0.9095	1.576318691229694	1.576318691229694	1.576318691229694	1.576318691229694
0.90975	1.5773942688802747	1.5773942688802747	1.5773942688802747	1.5773942688802747
0.91	1.5784754587203644	1.5784754587203644	1.5784754587203644	1.5784754587203644
0.91025	1.5795622887974832	1.5795622887974832	1.5795622887974832	1.5795622887974832
0.9105	1.58065478735726	1.58065478735726	1.58065478735726	1.58065478735726
0.91075	1.5817529828623849	1.5817529828623849	1.5817529828623849	1.5817529828623849
0.911	1.5828569039678555	1.5828569039678555	1.5828569039678555	1.5828569039678555
0.91125	1.5839665795281224	1.5839665795281224	1.5839665795281224	1.5839665795281224
0.9115	1.5850820386244384	1.5850820386244384	1.5850820386244384	1.5850820386244384
0.91175	1.5862033105250863	1.5862033105250863	1.5862033105250863	1.5862033105250863
0.912	1.5873304247240183	1.5873304247240183	1.5873304247240183	1.5873304247240183
0.91225	1.5884634109243367	1.5884634109243367	1.5884634109243367	1.5884634109243367
0.9125	1.5896022990370966	1.5896022990370966	1.5896022990370966	1.5896022990370966
0.91275	1.5907471191990417	1.5907471191990417	1.5907471191990417	1.5907471191990417
0.913	1.5918979017561317	1.5918979017561317	1.5918979017561317	1.5918979017561317
0.91325	1.5930546772790186	1.5930546772790186	1.5930546772790186	1.5930546772790186
0.9135	1.594217476554826	1.594217476554826	1.594217476554826	1.594217476554826
0.91375	1.5953863306066154	1.5953863306066154	1.5953863306066154	1.5953863306066154
0.914	1.5965612706670378	1.5965612706670378	1.5965612706670378	1.5965612706670378
0.91425	1.5977423282024437	1.5977423282024437	1.5977423282024437	1.5977423282024437
0.9145	1.598929534914801	1.598929534914801	1.598929534914801	1.598929534914801
0.91475	1.6001229227231217	1.6001229227231217	1.6001229227231217	1.6001229227231217
0.915	1.6013225237958475	1.6013225237958475	1.6013225237958475	1.6013225237958475
0.91525	1.6025283705233364	1.6025283705233364	1.6025283705233364	1.6025283705233364
0.9155	1.6037404955439423	1.6037404955439423	1.6037404955439423	1.6037404955439423
0.91575	1.6049589317217268	1.6049589317217268	1.6049589317217268	1.6049589317217268
0.916	1.6061837121718696	1.6061837121718696	1.6061837121718696	1.6061837121718696
0.91625	1.607414870259707	1.607414870259707	1.607414870259707	1.607414870259707
0.9165	1.6086524395768884	1.6086524395768884	1.6086524395768884	1.6086524395768884
0.91675	1.609896453975885	1.609896453975885	1.609896453975885	1.609896453975885
0.917	1.6111469475599651	1.6111469475599651	1.6111469475599651	1.6111469475599651
0.91725	1.6124039546796718	1.6124039546796718	1.6124039546796718	1.6124039546796718
0.9175	1.6136675099313682	1.6136675099313682	1.6136675099313682	1.6136675099313682
0.91775	1.6149376481881748	1.6149376481881748	1.6149376481881748	1.6149376481881748
0.918	1.6162144045674014	1.6162144045674014	1.6162144045674014	1.6162144045674014
0.91825	1.617497814448826	1.617497814448826	1.617497814448826	1.617497814448826
0.9185	1.618787913480134	1.618787913480134	1.618787913480134	1.618787913480134
0.91875	1.620084737562792	1.620084737562792	1.620084737562792	1.620084737562792
0.919	1.6213883228915869	1.6213883228915869	1.6213883228915869	1.6213883228915869
0.91925	1.6226987058972322	1.6226987058972322	1.6226987058972322	1.6226987058972322
0.9195	1.6240159233087337	1.6240159233087337	1.6240159233087337	1.6240159233087337
0.91975	1.6253400121217796	1.6253400121217796	1.6253400121217796	1.6253400121217796
0.92	1.6266710096063004	1.6266710096063004	1.6266710096063004	1.6266710096063004
0.92025	1.6280089533198192	1.6280089533198192	1.6280089533198192	1.6280089533198192
0.9205	1.6293538810964645	1.6293538810964645	1.6293538810964645	1.6293538810964645
0.92075	1.6307058310572018	1.6307058310572018	1.6307058310572018	1.6307058310572018
0.921	1.63206484160144	1.63206484160144	1.63206484160144	1.63206484160144
0.92125	1.633430951445447	1.633430951445447	1.633430951445447	1.633430951445447
0.9215	1.6348041995662792	1.6348041995662792	1.6348041995662792	1.6348041995662792
0.92175	1.6361846252510077	1.6361846252510077	1.6361846252510077	1.6361846252510077
0.922	1.6375722680929572	1.6375722680929572	1.6375722680929572	1.6375722680929572
0.92225	1.6389671679673825	1.6389671679673825	1.6389671679673825	1.6389671679673825
0.9225	1.640369365066705	1.640369365066705	1.640369365066705	1.640369365066705
0.92275	1.6417788998879226	1.6417788998879226	1.6417788998879226	1.6417788998879226
0.923	1.6431958132312543	1.6431958132312543	1.6431958132312543	1.6431958132312543
0.92325	1.6446201462097365	1.6446201462097365	1.6446201462097365	1.6446201462097365
0.9235	1.6460519402609062	1.6460519402609062	1.6460519402609062	1.6460519402609062
0.92375	1.6474912371306991	1.6474912371306991	1.6474912371306991	1.6474912371306991
0.924	1.6489380788814239	1.6489380788814239	1.6489380788814239	1.6489380788814239
0.92425	1.65039250790838	1.65039250790838	1.65039250790838	1.65039250790838
0.9245	1.6518545669294318	1.6518545669294318	1.6518545669294318	1.6518545669294318
0.92475	1.6533242989943253	1.6533242989943253	1.6533242989943253	1.6533242989943253
0.925	1.654801747475681	1.654801747475681	1.654801747475681	1.654801747475681
0.92525	1.6562869560941302	1.6562869560941302	1.6562869560941302	1.6562869560941302
0.9255	1.6577799689012824	1.6577799689012824	1.6577799689012824	1.6577799689012824
0.92575	1.6592808302958928	1.6592808302958928	1.6592808302958928	1.6592808302958928
0.926	1.6607895850161944	1.6607895850161944	1.6607895850161944	1.6607895850161944
0.92625	1.6623062781454394	1.6623062781454394	1.6623062781454394	1.6623062781454394
0.9265	1.6638309551300523	1.6638309551300523	1.6638309551300523	1.6638309551300523
0.92675	1.665363661762097	1.665363661762097	1.665363661762097	1.665363661762097
0.927	1.666904444197085	1.666904444197085	1.666904444197085	1.666904444197085
0.92725	1.6684533489418187	1.6684533489418187	1.6684533489418187	1.6684533489418187
0.9275	1.6700104228816415	1.6700104228816415	1.6700104228816415	1.6700104228816415
0.92775	1.6715757132582623	1.6715757132582623	1.6715757132582623	1.6715757132582623
0.928	1.6731492676956745	1.6731492676956745	1.6731492676956745	1.6731492676956745
0.92825	1.6747311341861748	1.6747311341861748	1.6747311341861748	1.6747311341861748
0.9285	1.6763213610970724	1.6763213610970724	1.6763213610970724	1.6763213610970724
0.92875	1.6779199971915195	1.6779199971915195	1.6779199971915195	1.6779199971915195
0.929	1.679527091601235	1.679527091601235	1.679527091601235	1.679527091601235
0.92925	1.681142693862306	1.681142693862306	1.681142693862306	1.681142693862306
0.9295	1.682766853900798	1.682766853900798	1.682766853900798	1.682766853900798
0.92975	1.6843996220291177	1.6843996220291177	1.6843996220291177	1.6843996220291177
0.93	1.6860410489799729	1.6860410489799729	1.6860410489799729	1.6860410489799729
0.93025	1.6876911858741703	1.6876911858741703	1.6876911858741703	1.6876911858741703
0.9305	1.6893500842510456	1.6893500842510456	1.6893500842510456	1.6893500842510456
0.93075	1.6910177960570472	1.6910177960570472	1.6910177960570472	1.6910177960570472
0.931	1.6926943736507998	1.6926943736507998	1.6926943736507998	1.6926943736507998
0.93125	1.694379869832276	1.694379869832276	1.694379869832276	1.694379869832276
0.9315	1.6960743377984067	1.6960743377984067	1.6960743377984067	1.6960743377984067
0.93175	1.6977778312018588	1.6977778312018588	1.6977778312018588	1.6977778312018588
0.932	1.6994904041070538	1.6994904041070538	1.6994904041070538	1.6994904041070538
0.93225	1.7012121110219895	1.7012121110219895	1.7012121110219895	1.7012121110219895
0.9325	1.702943006909242	1.702943006909242	1.702943006909242	1.702943006909242
0.93275	1.7046831471577477	1.7046831471577477	1.7046831471577477	1.7046831471577477
0.933	1.7064325876151303	1.7064325876151303	1.7064325876151303	1.7064325876151303
0.93325	1.708191384596992	1.708191384596992	1.708191384596992	1.708191384596992
0.9335	1.7099595948487367	1.7099595948487367	1.7099595948487367	1.7099595948487367
0.93375	1.7117372756052118	1.7117372756052118	1.7117372756052118	1.7117372756052118
0.934	1.7135244845724449	1.7135244845724449	1.7135244845724449	1.7135244845724449
0.93425	1.715321279892443	1.715321279892443	1.715321279892443	1.715321279892443
0.9345	1.7171277202376087	1.7171277202376087	1.7171277202376087	1.7171277202376087
0.93475	1.718943864719784	1.718943864719784	1.718943864719784	1.718943864719784
0.935	1.7207697729520393	1.7207697729520393	1.7207697729520393	1.7207697729520393
0.93525	1.7226055050646485	1.7226055050646485	1.7226055050646485	1.7226055050646485
0.9355	1.7244511216394538	1.7244511216394538	1.7244511216394538	1.7244511216394538
0.93575	1.7263066837879508	1.7263066837879508	1.7263066837879508	1.7263066837879508
0.936	1.7281722531431183	1.7281722531431183	1.7281722531431183	1.7281722531431183
0.93625	1.730047891812318	1.730047891812318	1.730047891812318	1.730047891812318
0.9365	1.7319336624448056	1.7319336624448056	1.7319336624448056	1.7319336624448056
0.93675	1.7338296282144368	1.7338296282144368	1.7338296282144368	1.7338296282144368
0.937	1.7357358528141067	1.7357358528141067	1.7357358528141067	1.7357358528141067
0.93725	1.7376524004685139	1.7376524004685139	1.7376524004685139	1.7376524004685139
0.9375	1.7395793359538003	1.7395793359538003	1.7395793359538003	1.7395793359538003
0.93775	1.7415167245823333	1.7415167245823333	1.7415167245823333	1.7415167245823333
0.938	1.743464632202335	1.743464632202335	1.743464632202335	1.743464632202335
0.93825	1.7454231252534096	1.7454231252534096	1.7454231252534096	1.7454231252534096
0.9385	1.747392270707826	1.747392270707826	1.747392270707826	1.747392270707826
0.93875	1.7493721361089971	1.7493721361089971	1.7493721361089971	1.7493721361089971
0.939	1.7513627895802322	1.7513627895802322	1.7513627895802322	1.7513627895802322
0.93925	1.7533642998180219	1.7533642998180219	1.7533642998180219	1.7533642998180219
0.9395	1.7553767361133563	1.7553767361133563	1.7553767361133563	1.7553767361133563
0.93975	1.7574001683362235	1.7574001683362235	1.7574001683362235	1.7574001683362235
0.94	1.7594346669614427	1.7594346669614427	1.7594346669614427	1.7594346669614427
0.94025	1.761480303068283	1.761480303068283	1.761480303068283	1.761480303068283
0.9405	1.7635371483327895	1.7635371483327895	1.7635371483327895	1.7635371483327895
0.94075	1.7656052750715687	1.7656052750715687	1.7656052750715687	1.7656052750715687
0.941	1.76768475620045	1.76768475620045	1.76768475620045	1.76768475620045
0.94125	1.7697756652723076	1.7697756652723076	1.7697756652723076	1.7697756652723076
0.9415	1.7718780764782545	1.7718780764782545	1.7718780764782545	1.7718780764782545
0.94175	1.7739920646576466	1.7739920646576466	1.7739920646576466	1.7739920646576466
0.942	1.7761177052916366	1.7761177052916366	1.7761177052916366	1.7761177052916366
0.94225	1.7782550745062882	1.7782550745062882	1.7782550745062882	1.7782550745062882
0.9425	1.7804042491176573	1.7804042491176573	1.7804042491176573	1.7804042491176573
0.94275	1.7825653065927696	1.7825653065927696	1.7825653065927696	1.7825653065927696
0.943	1.7847383250772213	1.7847383250772213	1.7847383250772213	1.7847383250772213
0.94325	1.7869233834106169	1.7869233834106169	1.7869233834106169	1.7869233834106169
0.9435	1.7891205611201377	1.7891205611201377	1.7891205611201377	1.7891205611201377
0.94375	1.7913299384229846	1.7913299384229846	1.7913299384229846	1.7913299384229846
0.944	1.7935515962605562	1.7935515962605562	1.7935515962605562	1.7935515962605562
0.94425	1.795785616284189	1.795785616284189	1.795785616284189	1.795785616284189
0.9445	1.798032080853724	1.798032080853724	1.798032080853724	1.798032080853724
0.94475	1.8002910730761246	1.8002910730761246	1.8002910730761246	1.8002910730761246
0.945	1.8025626767900789	1.8025626767900789	1.8025626767900789	1.8025626767900789
0.94525	1.8048469765818231	1.8048469765818231	1.8048469765818231	1.8048469765818231
0.9455	1.8071440577915538	1.8071440577915538	1.8071440577915538	1.8071440577915538
0.94575	1.8094540065149156	1.8094540065149156	1.8094540065149156	1.8094540065149156
0.946	1.8117769096353633	1.8117769096353633	1.8117769096353633	1.8117769096353633
0.94625	1.8141128548055667	1.8141128548055667	1.8141128548055667	1.8141128548055667
0.9465	1.8164619304568579	1.8164619304568579	1.8164619304568579	1.8164619304568579
0.94675	1.8188242258389296	1.8188242258389296	1.8188242258389296	1.8188242258389296
0.947	1.8211998309963575	1.8211998309963575	1.8211998309963575	1.8211998309963575
0.94725	1.823588836777111	1.823588836777111	1.823588836777111	1.823588836777111
0.9475	1.825991334877169	1.825991334877169	1.825991334877169	1.825991334877169
0.94775	1.828407417798699	1.828407417798699	1.828407417798699	1.828407417798699
0.948	1.830837178911132	1.830837178911132	1.830837178911132	1.830837178911132
0.94825	1.8332807124246515	1.8332807124246515	1.8332807124246515	1.8332807124246515
0.9485	1.8357381133978208	1.8357381133978208	1.8357381133978208	1.8357381133978208
0.94875	1.8382094777845448	1.8382094777845448	1.8382094777845448	1.8382094777845448
0.949	1.840694902401191	1.840694902401191	1.840694902401191	1.840694902401191
0.94925	1.843194484966985	1.843194484966985	1.843194484966985	1.843194484966985
0.9495	1.8457083240842636	1.8457083240842636	1.8457083240842636	1.8457083240842636
0.94975	1.848236519286071	1.848236519286071	1.848236519286071	1.848236519286071
0.95	1.8507791710269823	1.8507791710269823	1.8507791710269823	1.8507791710269823
0.95025	1.853336380668303	1.853336380668303	1.853336380668303	1.853336380668303
0.9505	1.8559082505367956	1.8559082505367956	1.8559082505367956	1.8559082505367956
0.95075	1.8584948839190092	1.8584948839190092	1.8584948839190092	1.8584948839190092
0.951	1.861096385031515	1.861096385031515	1.861096385031515	1.861096385031515
0.95125	1.863712859107251	1.863712859107251	1.863712859107251	1.863712859107251
0.9515	1.8663444123417714	1.8663444123417714	1.8663444123417714	1.8663444123417714
0.95175	1.8689911519191922	1.8689911519191922	1.8689911519191922	1.8689911519191922
0.952	1.8716531860672465	1.8716531860672465	1.8716531860672465	1.8716531860672465
0.95225	1.8743306240105544	1.8743306240105544	1.8743306240105544	1.8743306240105544
0.9525	1.8770235760065603	1.8770235760065603	1.8770235760065603	1.8770235760065603
0.95275	1.8797321533637863	1.8797321533637863	1.8797321533637863	1.8797321533637863
0.953	1.8824564684546925	1.8824564684546925	1.8824564684546925	1.8824564684546925
0.95325	1.8851966347036413	1.8851966347036413	1.8851966347036413	1.8851966347036413
0.9535	1.8879527666412288	1.8879527666412288	1.8879527666412288	1.8879527666412288
0.95375	1.8907249798742576	1.8907249798742576	1.8907249798742576	1.8907249798742576
0.954	1.8935133911259177	1.8935133911259177	1.8935133911259177	1.8935133911259177
0.95425	1.8963181182359685	1.8963181182359685	1.8963181182359685	1.8963181182359685
0.9545	1.8991392801866394	1.8991392801866394	1.8991392801866394	1.8991392801866394
0.95475	1.9019769971088805	1.9019769971088805	1.9019769971088805	1.9019769971088805
0.955	1.9048313902787393	1.9048313902787393	1.9048313902787393	1.9048313902787393
0.95525	1.907702582167548	1.907702582167548	1.907702582167548	1.907702582167548
0.9555	1.9105906964211665	1.9105906964211665	1.9105906964211665	1.9105906964211665
0.95575	1.913495857909987	1.913495857909987	1.913495857909987	1.913495857909987
0.956	1.9164181927025123	1.9164181927025123	1.9164181927025123	1.9164181927025123
0.95625	1.9193578281055725	1.9193578281055725	1.9193578281055725	1.9193578281055725
0.9565	1.9223148926920333	1.9223148926920333	1.9223148926920333	1.9223148926920333
0.95675	1.9252895162602706	1.9252895162602706	1.9252895162602706	1.9252895162602706
0.957	1.9282818299252664	1.9282818299252664	1.9282818299252664	1.9282818299252664
0.95725	1.9312919660903973	1.9312919660903973	1.9312919660903973	1.9312919660903973
0.9575	1.9343200584430744	1.9343200584430744	1.9343200584430744	1.9343200584430744
0.95775	1.9373662420254976	1.9373662420254976	1.9373662420254976	1.9373662420254976
0.958	1.9404306532017186	1.9404306532017186	1.9404306532017186	1.9404306532017186
0.95825	1.9435134297207082	1.9435134297207082	1.9435134297207082	1.9435134297207082
0.9585	1.9466147106824139	1.9466147106824139	1.9466147106824139	1.9466147106824139
0.95875	1.9497346365856765	1.9497346365856765	1.9497346365856765	1.9497346365856765
0.959	1.9528733493503425	1.9528733493503425	1.9528733493503425	1.9528733493503425
0.95925	1.956030992306905	1.956030992306905	1.956030992306905	1.956030992306905
0.9595	1.9592077102567005	1.9592077102567005	1.9592077102567005	1.9592077102567005
0.95975	1.9624036494331818	1.9624036494331818	1.9624036494331818	1.9624036494331818
0.96	1.965618957578849	1.965618957578849	1.965618957578849	1.965618957578849
0.96025	1.9688537839235145	1.9688537839235145	1.9688537839235145	1.9688537839235145
0.9605	1.9721082792081268	1.9721082792081268	1.9721082792081268	1.9721082792081268
0.96075	1.9753825957395166	1.9753825957395166	1.9753825957395166	1.9753825957395166
0.961	1.9786768873590244	1.9786768873590244	1.9786768873590244	1.9786768873590244
0.96125	1.9819913094888744	1.9819913094888744	1.9819913094888744	1.9819913094888744
0.9615	1.985326019164406	1.985326019164406	1.985326019164406	1.985326019164406
0.96175	1.988681175014916	1.988681175014916	1.988681175014916	1.988681175014916
0.962	1.9920569373347328	1.9920569373347328	1.9920569373347328	1.9920569373347328
0.96225	1.995453468060981	1.995453468060981	1.995453468060981	1.995453468060981
0.9625	1.998870930816923	1.998870930816923	1.998870930816923	1.998870930816923
0.96275	2.0023094909405748	2.0023094909405748	2.0023094909405748	2.0023094909405748
0.963	2.005769315462173	2.005769315462173	2.005769315462173	2.005769315462173
0.96325	2.0092505732021726	2.0092505732021726	2.0092505732021726	2.0092505732021726
0.9635	2.0127534347314575	2.0127534347314575	2.0127534347314575	2.0127534347314575
0.96375	2.016278072392379	2.016278072392379	2.016278072392379	2.016278072392379
0.964	2.019824660393871	2.019824660393871	2.019824660393871	2.019824660393871
0.96425	2.023393374742708	2.023393374742708	2.023393374742708	2.023393374742708
0.9645	2.0269843933135703	2.0269843933135703	2.0269843933135703	2.0269843933135703
0.96475	2.0305978959070363	2.0305978959070363	2.0305978959070363	2.0305978959070363
0.965	2.0342340641942984	2.0342340641942984	2.0342340641942984	2.0342340641942984
0.96525	2.0378930818160383	2.0378930818160383	2.0378930818160383	2.0378930818160383
0.9655	2.0415751343594923	2.0415751343594923	2.0415751343594923	2.0415751343594923
0.96575	2.0452804094095636	2.0452804094095636	2.0452804094095636	2.0452804094095636
0.966	2.049009096580523	2.049009096580523	2.049009096580523	2.049009096580523
0.96625	2.0527613875136597	2.0527613875136597	2.0527613875136597	2.0527613875136597
0.9665	2.0565374759395767	2.0565374759395767	2.0565374759395767	2.0565374759395767
0.96675	2.0603375576656484	2.0603375576656484	2.0603375576656484	2.0603375576656484
0.967	2.064161830654972	2.064161830654972	2.064161830654972	2.064161830654972
0.96725	2.0680104950130085	2.0680104950130085	2.0680104950130085	2.0680104950130085
0.9675	2.0718837530363086	2.0718837530363086	2.0718837530363086	2.0718837530363086
0.96775	2.075781809244529	2.075781809244529	2.075781809244529	2.075781809244529
0.968	2.0797048703798393	2.0797048703798393	2.0797048703798393	2.0797048703798393
0.96825	2.083653145487882	2.083653145487882	2.083653145487882	2.083653145487882
0.9685	2.087626845921885	2.087626845921885	2.087626845921885	2.087626845921885
0.96875	2.091626185361516	2.091626185361516	2.091626185361516	2.091626185361516
0.969	2.095651379853801	2.095651379853801	2.095651379853801	2.095651379853801
0.96925	2.099702647879789	2.099702647879789	2.099702647879789	2.099702647879789
0.9695	2.1037802103380683	2.1037802103380683	2.1037802103380683	2.1037802103380683
0.96975	2.10788429059741	2.10788429059741	2.10788429059741	2.10788429059741
0.97	2.112015114557029	2.112015114557029	2.112015114557029	2.112015114557029
0.97025	2.116172910628329	2.116172910628329	2.116172910628329	2.116172910628329
0.9705	2.120357909820427	2.120357909820427	2.120357909820427	2.120357909820427
0.97075	2.1245703457499228	2.1245703457499228	2.1245703457499228	2.1245703457499228
0.971	2.12881045469203	2.12881045469203	2.12881045469203	2.12881045469203
0.97125	2.1330784756002235	2.1330784756002235	2.1330784756002235	2.1330784756002235
0.9715	2.1373746501618074	2.1373746501618074	2.1373746501618074	2.1373746501618074
0.97175	2.141699222824865	2.141699222824865	2.141699222824865	2.141699222824865
0.972	2.1460524408491004	2.1460524408491004	2.1460524408491004	2.1460524408491004
0.97225	2.1504345543425853	2.1504345543425853	2.1504345543425853	2.1504345543425853
0.9725	2.154845816275085	2.154845816275085	2.154845816275085	2.154845816275085
0.97275	2.1592864825759714	2.1592864825759714	2.1592864825759714	2.1592864825759714
0.973	2.163756812126236	2.163756812126236	2.163756812126236	2.163756812126236
0.97325	2.1682570668193106	2.1682570668193106	2.1682570668193106	2.1682570668193106
0.9735	2.1727875116205317	2.1727875116205317	2.1727875116205317	2.1727875116205317
0.97375	2.1773484145790607	2.1773484145790607	2.1773484145790607	2.1773484145790607
0.974	2.1819400468893924	2.1819400468893924	2.1819400468893924	2.1819400468893924
0.97425	2.1865626829668456	2.1865626829668456	2.1865626829668456	2.1865626829668456
0.9745	2.1912166004166136	2.1912166004166136	2.1912166004166136	2.1912166004166136
0.97475	2.1959020801821127	2.1959020801821127	2.1959020801821127	2.1959020801821127
0.975	2.2006194065247264	2.2006194065247264	2.2006194065247264	2.2006194065247264
0.97525	2.2053688670525755	2.2053688670525755	2.2053688670525755	2.2053688670525755
0.9755	2.2101507528790467	2.2101507528790467	2.2101507528790467	2.2101507528790467
0.97575	2.2149653585524316	2.2149653585524316	2.2149653585524316	2.2149653585524316
0.976	2.219812982170156	2.219812982170156	2.219812982170156	2.219812982170156
0.97625	2.224693925441902	2.224693925441902	2.2260608627622505	2.224693925441902
0.9765	2.229608493690457	2.229608493690457	2.2332432312236756	2.229608493690457
0.97675	2.2345569959737523	2.2345569959737523	2.240415047320406	2.2345569959737523
0.977	2.2395397450852395	2.2395397450852395	2.247576656869565	2.2395397450852395
0.97725	2.2445570576288767	2.2445570576288767	2.254728401095553	2.2445570576288767
0.9775	2.249609254097098	2.249609254097098	2.26187061678064	2.249609254097098
0.97775	2.254696658903169	2.254696658903169	2.2690036363902433	2.254696658903169
0.978	2.2598196004628885	2.2598196004628885	2.276127788215749	2.2598196004628885
0.97825	2.2649784112184657	2.2649784112184657	2.2832433964871783	2.2649784112184657
0.9785	2.270173427759882	2.270173427759882	2.290350781524688	2.270173427759882
0.97875	2.2754049908380236	2.2754049908380236	2.297450259838217	2.2754049908380236
0.979	2.280673445450414	2.280673445450414	2.3045421442549014	2.280673445450414
0.97925	2.285979140907805	2.285979140907805	2.311626744034571	2.285979140907805
0.9795	2.2913224308863724	2.2913224308863724	2.318704364974721	2.2913224308863724
0.97975	2.296703673533104	2.296703673533104	2.325775309535552	2.296703673533104
0.98	2.3021232314822835	2.3021232314822835	2.3328398769222867	2.3021232314822835
0.98025	2.3075814719673327	2.3075814719673327	2.3398983632059274	2.3075814719673327
0.9805	2.313078766894021	2.313078766894021	2.346951061423658	2.313078766894021
0.98075	2.318615492876143	2.318615492876143	2.353998261659878	2.318615492876143
0.981	2.3241920313541122	2.3241920313541122	2.361040251159904	2.3241920313541122
0.98125	2.329808768641757	2.329808768641757	2.3680773144097724	2.329808768641757
0.9815	2.3354660960315927	2.3354660960315927	2.375109733237959	2.3354660960315927
0.98175	2.341164409838976	2.341164409838976	2.382137786888374	2.341164409838976
0.982	2.3469041115230387	2.3469041115230387	2.3891617521229542	2.3469041115230387
0.98225	2.3526856077545877	2.3526856077545877	2.39618190329937	2.3526856077545877
0.9825	2.358509310453361	2.358509310453361	2.403198512432443	2.358509310453361
0.98275	2.364375636977369	2.364375636977369	2.4102118493182108	2.364375636977369
0.983	2.370285010109373	2.370285010109373	2.4172221815688277	2.370285010109373
0.98325	2.3762378581969874	2.3762378581969874	2.4242297747103443	2.3762378581969874
0.9835	2.3822346152485334	2.3822346152485334	2.4312348922592637	2.3822346152485334
0.98375	2.3882757209955794	2.3882757209955794	2.4382377957825865	2.3882757209955794
0.984	2.3943616210005425	2.3943616210005425	2.4452387449746245	2.3943616210005425
0.98425	2.4004927667833504	2.4004927667833504	2.452237997739339	2.4004927667833504
0.9845	2.4066696158773473	2.4066696158773473	2.4592358102409237	2.4066696158773473
0.98475	2.412892631932099	2.412892631932099	2.4662324369716995	2.412892631932099
0.985	2.419162284870479	2.419162284870479	2.473228130840504	2.419162284870479
0.98525	2.425479050919217	2.425479050919217	2.4802231432062904	2.425479050919217
0.9855	2.4318434127531616	2.4318434127531616	2.4872177239568063	2.4318434127531616
0.98575	2.4382558596544506	2.4382558596544506	2.4942121215912723	2.4382558596544506
0.986	2.444716887496376	2.444716887496376	2.5012065832288686	2.444716887496376
0.98625	2.4512269989638504	2.4512269989638504	2.5082013547123934	2.4512269989638504
0.9865	2.45778670367715	2.45778670367715	2.5151966806703636	2.45778670367715
0.98675	2.464396518215235	2.464396518215235	2.5221928045357958	2.464396518215235
0.987	2.4710569663032658	2.4710569663032658	2.5291899686304955	2.4710569663032658
0.98725	2.4777685789784165	2.4777685789784165	2.5361884142380577	2.4777685789784165
0.9875	2.4845318945897326	2.4845318945897326	2.5431883816080787	2.4845318945897326
0.98775	2.4913474590413998	2.4913474590413998	2.5501901100565467	2.4913474590413998
0.988	2.4982158259033493	2.4982158259033493	2.5571938380113086	2.4982158259033493
0.98825	2.505137556451686	2.505137556451686	2.5641998030268494	2.505137556451686
0.9885	2.5121132199688856	2.5121132199688856	2.571208241902038	2.5121132199688856
0.98875	2.5191433937253587	2.5191433937253587	2.5782193906680737	2.5191433937253587
0.989	2.526228663224006	2.526228663224006	2.585233484679717	2.526228663224006
0.98925	2.533369622330113	2.533369622330113	2.592250758659134	2.533369622330113
0.9895	2.54056687332958	2.54056687332958	2.599271446709322	2.54056687332958
0.98975	2.547821027252756	2.5477897028681364	2.6062957824309247	2.5477897028681364
0.99	2.5551327038645706	2.5550146247036722	2.613323998905542	2.5550146247036722
0.99025	2.5625025318924077	2.5622418972093595	2.620356328770604	2.5622418972093595
0.9905	2.5699311492360475	2.569471777871514	2.6273930042857767	2.569471777871514
0.99075	2.5774192030483376	2.5767045233156343	2.6344342573463173	2.5767045233156343
0.991	2.5849673499263828	2.583940389374072	2.6414803195385232	2.583940389374072
0.99125	2.5925762561283827	2.5911796311607724	2.6485314222026446	2.5911796311607724
0.9915	2.600246597724749	2.5984225031188446	2.655587796468913	2.5984225031188446
0.99175	2.607979060744181	2.6056692590636006	2.662649673289386	2.6056692590636006
0.992	2.615774341424645	2.6129201522642553	2.669717283508858	2.6129201522642553
0.99225	2.6236331463341243	2.6201754354730604	2.6767908578834176	2.6201754354730604
0.9925	2.6315561926475195	2.6274353610121706	2.683870627157173	2.6274353610121706
0.99275	2.639544208239073	2.634700180788029	2.6909568220666316	2.634700180788029
0.993	2.6475979319721565	2.6419701463784246	2.6980496734182102	2.6419701463784246
0.99325	2.6557181138664006	2.6492455090711986	2.705149412117555	2.6492455090711986
0.9935	2.6639055153254767	2.6565265199230845	2.7122562692193233	2.6565265199230845
0.99375	2.6721609093515553	2.6638134298120026	2.7193704759706496	2.6638134298120026
0.994	2.6804850807163825	2.671106489470272	2.726492263835757	2.671106489470272
0.99425	2.688878826277511	2.6784059495704673	2.733621864573561	2.6784059495704673
0.9945	2.697342955164174	2.685712060759747	2.7407595102638727	2.685712060759747
0.99475	2.705878288989249	2.6930250737021693	2.7479054333418307	2.6930250737021693
0.995	2.714485662114797	2.7003452391383136	2.7550598666499067	2.7003452391383136
0.99525	2.723165921913172	2.707672807941199	2.762223043486402	2.707672807941199
0.9955	2.7319199290330167	2.7150080311712212	2.7693951976531794	2.7150080311712212
0.99575	2.7407485575989026	2.7223511601049046	2.7765765634773367	2.7223511601049046
0.996	2.7496526955109806	2.729702446297525	2.7837673758670367	2.729702446297525
0.99625	2.7586332447624144	2.7370621416501524	2.7909678703719445	2.7370621416501524
0.9965	2.7676911216524585	2.744430498435795	2.798178283202858	2.744430498435795
0.99675	2.7768272570793697	2.7518077693526606	2.8053988512786927	2.7518077693526606
0.997	2.7860425968661624	2.759194207586336	2.8126298122825784	2.759194207586336
0.99725	2.795338102055331	2.7665900668585355	2.819871404704654	2.7665900668585355
0.9975	2.8047147491905626	2.7739956014682887	2.8271238678774497	2.7739956014682887
0.99775	2.8141735306435915	2.78141106634714	2.834387442025464	2.78141106634714
0.998	2.823715454930856	2.788836717107689	2.841662368308221	2.788836717107689
0.99825	2.833341547074137	2.796272810105341	2.848948888876708	2.796272810105341
0.9985	2.8430528488812077	2.803719602468789	2.8562472468986186	2.803719602468789
0.99875	2.852850419334657	2.811177352166152	2.8635576866194725	2.811177352166152
0.999	2.8627353349790314	2.81864631806741	2.870880453420152	2.81864631806741
0.99925	2.8727086900754353	2.8261267599230653	2.8782157937905937	2.8261267599230653
0.9995	2.8827715978147133	2.8336189387072848	2.885563955668991	2.8336189387072848
0.99975	2.892925187317931	2.8411231155015226	2.892925187317931	2.8411231155015226
1.0	2.903170617025437	2.848639556021988	0.0	0.0
